[18May2026 14:31:04.357] [main/INFO] [cpw.mods.modlauncher.Launcher/MODLAUNCHER]: ModLauncher running: args [--launchTarget, forgeserver, --fml.forgeVersion, 47.4.0, --fml.mcVersion, 1.20.1, --fml.forgeGroup, net.minecraftforge, --fml.mcpVersion, 20230612.114412]
[18May2026 14:31:04.362] [main/INFO] [cpw.mods.modlauncher.Launcher/MODLAUNCHER]: ModLauncher 10.0.9+10.0.9+main.dcd20f30 starting: java version 17.0.18 by Ubuntu; OS Linux arch amd64 version 6.8.0-1044-azure
[18May2026 14:31:04.384] [main/DEBUG] [cpw.mods.modlauncher.LaunchServiceHandler/MODLAUNCHER]: Found launch services [fmlclientdev,forgeclient,minecraft,forgegametestserverdev,fmlserveruserdev,fmlclient,fmldatauserdev,forgeserverdev,forgeserveruserdev,forgeclientdev,forgeclientuserdev,forgeserver,forgedatadev,fmlserver,fmlclientuserdev,fmlserverdev,forgedatauserdev,testharness,forgegametestserveruserdev]
[18May2026 14:31:04.394] [main/DEBUG] [cpw.mods.modlauncher.NameMappingServiceHandler/MODLAUNCHER]: Found naming services : [srgtomcp]
[18May2026 14:31:04.407] [main/DEBUG] [cpw.mods.modlauncher.LaunchPluginHandler/MODLAUNCHER]: Found launch plugins: [mixin,eventbus,slf4jfixer,object_holder_definalize,runtime_enum_extender,capability_token_subclass,accesstransformer,runtimedistcleaner]
[18May2026 14:31:04.425] [main/DEBUG] [cpw.mods.modlauncher.TransformationServicesHandler/MODLAUNCHER]: Discovering transformation services
[18May2026 14:31:04.433] [main/DEBUG] [net.minecraftforge.fml.loading.FMLPaths/CORE]: Path GAMEDIR is /workspaces/VAlhalla-server/server
[18May2026 14:31:04.433] [main/DEBUG] [net.minecraftforge.fml.loading.FMLPaths/CORE]: Path MODSDIR is /workspaces/VAlhalla-server/server/mods
[18May2026 14:31:04.434] [main/DEBUG] [net.minecraftforge.fml.loading.FMLPaths/CORE]: Path CONFIGDIR is /workspaces/VAlhalla-server/server/config
[18May2026 14:31:04.434] [main/DEBUG] [net.minecraftforge.fml.loading.FMLPaths/CORE]: Path FMLCONFIG is /workspaces/VAlhalla-server/server/config/fml.toml
[18May2026 14:31:06.155] [main/DEBUG] [cpw.mods.modlauncher.TransformationServicesHandler/MODLAUNCHER]: Found additional transformation services from discovery services: 
[18May2026 14:31:06.162] [main/INFO] [net.minecraftforge.fml.loading.ImmediateWindowHandler/]: ImmediateWindowProvider not loading because launch target is forgeserver
[18May2026 14:31:06.170] [main/DEBUG] [cpw.mods.modlauncher.TransformationServicesHandler/MODLAUNCHER]: Found transformer services : [mixin,fml]
[18May2026 14:31:06.171] [main/DEBUG] [cpw.mods.modlauncher.TransformationServicesHandler/MODLAUNCHER]: Transformation services loading
[18May2026 14:31:06.171] [main/DEBUG] [cpw.mods.modlauncher.TransformationServiceDecorator/MODLAUNCHER]: Loading service mixin
[18May2026 14:31:06.172] [main/DEBUG] [cpw.mods.modlauncher.TransformationServiceDecorator/MODLAUNCHER]: Loaded service mixin
[18May2026 14:31:06.172] [main/DEBUG] [cpw.mods.modlauncher.TransformationServiceDecorator/MODLAUNCHER]: Loading service fml
[18May2026 14:31:06.173] [main/DEBUG] [net.minecraftforge.fml.loading.LauncherVersion/CORE]: Found FMLLauncher version 1.0
[18May2026 14:31:06.173] [main/DEBUG] [net.minecraftforge.fml.loading.FMLLoader/CORE]: FML 1.0 loading
[18May2026 14:31:06.173] [main/DEBUG] [net.minecraftforge.fml.loading.FMLLoader/CORE]: FML found ModLauncher version : 10.0.9+10.0.9+main.dcd20f30
[18May2026 14:31:06.173] [main/DEBUG] [net.minecraftforge.fml.loading.FMLLoader/CORE]: Requesting CoreMods to not apply the fix for ASMAPI.findFirstInstructionBefore by default
[18May2026 14:31:06.174] [main/DEBUG] [net.minecraftforge.fml.loading.FMLLoader/CORE]: FML found AccessTransformer version : 8.0.4+66+master.c09db6d7
[18May2026 14:31:06.174] [main/DEBUG] [net.minecraftforge.fml.loading.FMLLoader/CORE]: FML found EventBus version : 6.0.5+6.0.5+master.eb8e549b
[18May2026 14:31:06.175] [main/DEBUG] [net.minecraftforge.fml.loading.FMLLoader/CORE]: Found Runtime Dist Cleaner
[18May2026 14:31:06.176] [main/DEBUG] [net.minecraftforge.coremod.CoreModEngine/]: CoreMods will preserve legacy behavior of ASMAPI.findFirstInstructionBefore for backwards-compatibility
[18May2026 14:31:06.176] [main/DEBUG] [net.minecraftforge.fml.loading.FMLLoader/CORE]: FML found CoreMod version : 5.2.4
[18May2026 14:31:06.177] [main/DEBUG] [net.minecraftforge.fml.loading.FMLLoader/CORE]: Found ForgeSPI package implementation version 7.0.1+7.0.1+master.d2b38bf6
[18May2026 14:31:06.177] [main/DEBUG] [net.minecraftforge.fml.loading.FMLLoader/CORE]: Found ForgeSPI package specification 5
[18May2026 14:31:06.177] [main/DEBUG] [cpw.mods.modlauncher.TransformationServiceDecorator/MODLAUNCHER]: Loaded service fml
[18May2026 14:31:06.178] [main/DEBUG] [cpw.mods.modlauncher.TransformationServicesHandler/MODLAUNCHER]: Configuring option handling for services
[18May2026 14:31:06.184] [main/DEBUG] [cpw.mods.modlauncher.TransformationServicesHandler/MODLAUNCHER]: Transformation services initializing
[18May2026 14:31:06.185] [main/DEBUG] [cpw.mods.modlauncher.TransformationServiceDecorator/MODLAUNCHER]: Initializing transformation service mixin
[18May2026 14:31:06.197] [main/DEBUG] [mixin/]: MixinService [ModLauncher] was successfully booted in cpw.mods.cl.ModuleClassLoader@7a3d45bd
[18May2026 14:31:06.212] [main/INFO] [mixin/]: SpongePowered MIXIN Subsystem Version=0.8.5 Source=union:/workspaces/VAlhalla-server/server/libraries/org/spongepowered/mixin/0.8.5/mixin-0.8.5.jar%2365!/ Service=ModLauncher Env=SERVER
[18May2026 14:31:06.216] [main/DEBUG] [mixin/]: Initialising Mixin Platform Manager
[18May2026 14:31:06.216] [main/DEBUG] [mixin/]: Adding mixin platform agents for container ModLauncher Root Container(ModLauncher:4f56a0a2)
[18May2026 14:31:06.217] [main/DEBUG] [mixin/]: Instancing new MixinPlatformAgentMinecraftForge for ModLauncher Root Container(ModLauncher:4f56a0a2)
[18May2026 14:31:06.217] [main/DEBUG] [mixin/]: MixinPlatformAgentMinecraftForge rejected container ModLauncher Root Container(ModLauncher:4f56a0a2)
[18May2026 14:31:06.218] [main/DEBUG] [mixin/]: Instancing new MixinPlatformAgentDefault for ModLauncher Root Container(ModLauncher:4f56a0a2)
[18May2026 14:31:06.218] [main/DEBUG] [mixin/]: MixinPlatformAgentDefault accepted container ModLauncher Root Container(ModLauncher:4f56a0a2)
[18May2026 14:31:06.220] [main/DEBUG] [cpw.mods.modlauncher.TransformationServiceDecorator/MODLAUNCHER]: Initialized transformation service mixin
[18May2026 14:31:06.220] [main/DEBUG] [cpw.mods.modlauncher.TransformationServiceDecorator/MODLAUNCHER]: Initializing transformation service fml
[18May2026 14:31:06.221] [main/DEBUG] [net.minecraftforge.fml.loading.FMLServiceProvider/CORE]: Setting up basic FML game directories
[18May2026 14:31:06.221] [main/DEBUG] [net.minecraftforge.fml.loading.FMLPaths/CORE]: Path GAMEDIR is /workspaces/VAlhalla-server/server
[18May2026 14:31:06.221] [main/DEBUG] [net.minecraftforge.fml.loading.FMLPaths/CORE]: Path MODSDIR is /workspaces/VAlhalla-server/server/mods
[18May2026 14:31:06.222] [main/DEBUG] [net.minecraftforge.fml.loading.FMLPaths/CORE]: Path CONFIGDIR is /workspaces/VAlhalla-server/server/config
[18May2026 14:31:06.222] [main/DEBUG] [net.minecraftforge.fml.loading.FMLPaths/CORE]: Path FMLCONFIG is /workspaces/VAlhalla-server/server/config/fml.toml
[18May2026 14:31:06.222] [main/DEBUG] [net.minecraftforge.fml.loading.FMLServiceProvider/CORE]: Loading configuration
[18May2026 14:31:06.227] [main/DEBUG] [net.minecraftforge.fml.loading.FMLServiceProvider/CORE]: Preparing ModFile
[18May2026 14:31:06.229] [main/DEBUG] [net.minecraftforge.fml.loading.FMLServiceProvider/CORE]: Preparing launch handler
[18May2026 14:31:06.230] [main/DEBUG] [net.minecraftforge.fml.loading.FMLLoader/CORE]: Using forgeserver as launch service
[18May2026 14:31:06.246] [main/DEBUG] [net.minecraftforge.fml.loading.FMLLoader/CORE]: Received command line version data  : VersionInfo[forgeVersion=47.4.0, mcVersion=1.20.1, mcpVersion=20230612.114412, forgeGroup=net.minecraftforge]
[18May2026 14:31:06.248] [main/DEBUG] [cpw.mods.modlauncher.TransformationServiceDecorator/MODLAUNCHER]: Initialized transformation service fml
[18May2026 14:31:06.248] [main/DEBUG] [cpw.mods.modlauncher.NameMappingServiceHandler/MODLAUNCHER]: Current naming domain is 'srg'
[18May2026 14:31:06.250] [main/DEBUG] [cpw.mods.modlauncher.NameMappingServiceHandler/MODLAUNCHER]: Identified name mapping providers {}
[18May2026 14:31:06.250] [main/DEBUG] [cpw.mods.modlauncher.TransformationServicesHandler/MODLAUNCHER]: Transformation services begin scanning
[18May2026 14:31:06.251] [main/DEBUG] [cpw.mods.modlauncher.TransformationServiceDecorator/MODLAUNCHER]: Beginning scan trigger - transformation service mixin
[18May2026 14:31:06.252] [main/DEBUG] [cpw.mods.modlauncher.TransformationServiceDecorator/MODLAUNCHER]: End scan trigger - transformation service mixin
[18May2026 14:31:06.252] [main/DEBUG] [cpw.mods.modlauncher.TransformationServiceDecorator/MODLAUNCHER]: Beginning scan trigger - transformation service fml
[18May2026 14:31:06.252] [main/DEBUG] [net.minecraftforge.fml.loading.FMLServiceProvider/CORE]: Initiating mod scan
[18May2026 14:31:06.263] [main/DEBUG] [net.minecraftforge.fml.loading.moddiscovery.ModListHandler/CORE]: Found mod coordinates from lists: []
[18May2026 14:31:06.266] [main/DEBUG] [net.minecraftforge.fml.loading.moddiscovery.ModDiscoverer/CORE]: Found Mod Locators : (mods folder:null),(maven libs:null),(exploded directory:null),(minecraft:null),(userdev classpath:null)
[18May2026 14:31:06.266] [main/DEBUG] [net.minecraftforge.fml.loading.moddiscovery.ModDiscoverer/CORE]: Found Dependency Locators : (JarInJar:null)
[18May2026 14:31:06.279] [main/DEBUG] [net.minecraftforge.fml.loading.moddiscovery.ModFileParser/LOADING]: Considering mod file candidate /workspaces/VAlhalla-server/server/mods/Adorn-5.0.1+1.20.1-forge.jar
[18May2026 14:31:06.320] [main/DEBUG] [net.minecraftforge.fml.loading.moddiscovery.ModFileInfo/LOADING]: Found valid mod file Adorn-5.0.1+1.20.1-forge.jar with {adorn} mods - versions {5.0.1+1.20.1}
[18May2026 14:31:06.321] [main/DEBUG] [net.minecraftforge.fml.loading.moddiscovery.ModFileParser/LOADING]: Considering mod file candidate /workspaces/VAlhalla-server/server/mods/AdvancementPlaques-1.20.1-forge-1.6.9.jar
[18May2026 14:31:06.325] [main/DEBUG] [net.minecraftforge.fml.loading.moddiscovery.ModFileInfo/LOADING]: Found valid mod file AdvancementPlaques-1.20.1-forge-1.6.9.jar with {advancementplaques} mods - versions {1.6.9}
[18May2026 14:31:06.328] [main/DEBUG] [net.minecraftforge.fml.loading.moddiscovery.ModFileParser/LOADING]: Considering mod file candidate /workspaces/VAlhalla-server/server/mods/aether-1.20.1-1.5.2-neoforge.jar
[18May2026 14:31:06.331] [main/DEBUG] [net.minecraftforge.fml.loading.moddiscovery.ModFileInfo/LOADING]: Found valid mod file aether-1.20.1-1.5.2-neoforge.jar with {aether} mods - versions {1.20.1-1.5.2-neoforge}
[18May2026 14:31:06.331] [main/DEBUG] [net.minecraftforge.fml.loading.moddiscovery.ModFileParser/LOADING]: Considering mod file candidate /workspaces/VAlhalla-server/server/mods/AI-Improvements-1.20-0.5.2.jar
[18May2026 14:31:06.333] [main/DEBUG] [net.minecraftforge.fml.loading.moddiscovery.ModFileInfo/LOADING]: Found valid mod file AI-Improvements-1.20-0.5.2.jar with {aiimprovements} mods - versions {0.5.2}
[18May2026 14:31:06.334] [main/DEBUG] [net.minecraftforge.fml.loading.moddiscovery.ModFileParser/LOADING]: Considering mod file candidate /workspaces/VAlhalla-server/server/mods/Aquaculture-1.20.1-2.5.7.jar
[18May2026 14:31:06.335] [main/DEBUG] [net.minecraftforge.fml.loading.moddiscovery.ModFileInfo/LOADING]: Found valid mod file Aquaculture-1.20.1-2.5.7.jar with {aquaculture} mods - versions {2.5.7}
[18May2026 14:31:06.336] [main/DEBUG] [net.minecraftforge.fml.loading.moddiscovery.ModFileParser/LOADING]: Considering mod file candidate /workspaces/VAlhalla-server/server/mods/aquamirae-forge-1.20.1-6.4.0.jar
[18May2026 14:31:06.338] [main/DEBUG] [net.minecraftforge.fml.loading.moddiscovery.ModFileInfo/LOADING]: Found valid mod file aquamirae-forge-1.20.1-6.4.0.jar with {aquamirae} mods - versions {6.4.0}
[18May2026 14:31:06.339] [main/DEBUG] [net.minecraftforge.fml.loading.moddiscovery.ModFileParser/LOADING]: Considering mod file candidate /workspaces/VAlhalla-server/server/mods/architectury-9.2.14-forge.jar
[18May2026 14:31:06.340] [main/DEBUG] [net.minecraftforge.fml.loading.moddiscovery.ModFileInfo/LOADING]: Found valid mod file architectury-9.2.14-forge.jar with {architectury} mods - versions {9.2.14}
[18May2026 14:31:06.344] [main/DEBUG] [net.minecraftforge.fml.loading.moddiscovery.ModFileParser/LOADING]: Considering mod file candidate /workspaces/VAlhalla-server/server/mods/ars_nouveau-1.20.1-4.12.7-all.jar
[18May2026 14:31:06.346] [main/DEBUG] [net.minecraftforge.fml.loading.moddiscovery.ModFileInfo/LOADING]: Found valid mod file ars_nouveau-1.20.1-4.12.7-all.jar with {ars_nouveau} mods - versions {4.12.7}
[18May2026 14:31:06.350] [main/DEBUG] [net.minecraftforge.fml.loading.moddiscovery.ModFileParser/LOADING]: Considering mod file candidate /workspaces/VAlhalla-server/server/mods/AttributeFix-Forge-1.20.1-21.0.5.jar
[18May2026 14:31:06.354] [main/DEBUG] [net.minecraftforge.fml.loading.moddiscovery.ModFileInfo/LOADING]: Found valid mod file AttributeFix-Forge-1.20.1-21.0.5.jar with {attributefix} mods - versions {21.0.5}
[18May2026 14:31:06.356] [main/DEBUG] [net.minecraftforge.fml.loading.moddiscovery.ModFileParser/LOADING]: Considering mod file candidate /workspaces/VAlhalla-server/server/mods/balm-forge-1.20.1-7.3.38-all.jar
[18May2026 14:31:06.358] [main/DEBUG] [net.minecraftforge.fml.loading.moddiscovery.ModFileInfo/LOADING]: Found valid mod file balm-forge-1.20.1-7.3.38-all.jar with {balm} mods - versions {7.3.38}
[18May2026 14:31:06.360] [main/DEBUG] [net.minecraftforge.fml.loading.moddiscovery.ModFileParser/LOADING]: Considering mod file candidate /workspaces/VAlhalla-server/server/mods/block_factorys_bosses-2.1.1-forge-1.20.1.jar
[18May2026 14:31:06.362] [main/DEBUG] [net.minecraftforge.fml.loading.moddiscovery.ModFileInfo/LOADING]: Found valid mod file block_factorys_bosses-2.1.1-forge-1.20.1.jar with {block_factorys_bosses} mods - versions {2.1.1}
[18May2026 14:31:06.365] [main/DEBUG] [net.minecraftforge.fml.loading.moddiscovery.ModFileParser/LOADING]: Considering mod file candidate /workspaces/VAlhalla-server/server/mods/born_in_chaos_[Forge]1.20.1_1.7.5.jar
[18May2026 14:31:06.367] [main/DEBUG] [net.minecraftforge.fml.loading.moddiscovery.ModFileInfo/LOADING]: Found valid mod file born_in_chaos_[Forge]1.20.1_1.7.5.jar with {born_in_chaos_v1} mods - versions {1.7.5}
[18May2026 14:31:06.368] [main/DEBUG] [net.minecraftforge.fml.loading.moddiscovery.ModFileParser/LOADING]: Considering mod file candidate /workspaces/VAlhalla-server/server/mods/Bountiful-6.0.4+1.20.1-forge.jar
[18May2026 14:31:06.369] [main/DEBUG] [net.minecraftforge.fml.loading.moddiscovery.ModFileInfo/LOADING]: Found valid mod file Bountiful-6.0.4+1.20.1-forge.jar with {bountiful} mods - versions {6.0.4+1.20.1}
[18May2026 14:31:06.370] [main/DEBUG] [net.minecraftforge.fml.loading.moddiscovery.ModFileParser/LOADING]: Considering mod file candidate /workspaces/VAlhalla-server/server/mods/caelus-forge-3.2.0+1.20.1.jar
[18May2026 14:31:06.371] [main/DEBUG] [net.minecraftforge.fml.loading.moddiscovery.ModFileInfo/LOADING]: Found valid mod file caelus-forge-3.2.0+1.20.1.jar with {caelus} mods - versions {3.2.0+1.20.1}
[18May2026 14:31:06.373] [main/DEBUG] [net.minecraftforge.fml.loading.moddiscovery.ModFileParser/LOADING]: Considering mod file candidate /workspaces/VAlhalla-server/server/mods/citadel-2.6.3-1.20.1.jar
[18May2026 14:31:06.374] [main/DEBUG] [net.minecraftforge.fml.loading.moddiscovery.ModFileInfo/LOADING]: Found valid mod file citadel-2.6.3-1.20.1.jar with {citadel} mods - versions {2.6.3}
[18May2026 14:31:06.375] [main/DEBUG] [net.minecraftforge.fml.loading.moddiscovery.ModFileParser/LOADING]: Considering mod file candidate /workspaces/VAlhalla-server/server/mods/cloth-config-11.1.136-forge.jar
[18May2026 14:31:06.375] [main/DEBUG] [net.minecraftforge.fml.loading.moddiscovery.ModFileInfo/LOADING]: Found valid mod file cloth-config-11.1.136-forge.jar with {cloth_config} mods - versions {11.1.136}
[18May2026 14:31:06.376] [main/DEBUG] [net.minecraftforge.fml.loading.moddiscovery.ModFileParser/LOADING]: Considering mod file candidate /workspaces/VAlhalla-server/server/mods/Clumps-forge-1.20.1-12.0.0.4.jar
[18May2026 14:31:06.377] [main/DEBUG] [net.minecraftforge.fml.loading.moddiscovery.ModFileInfo/LOADING]: Found valid mod file Clumps-forge-1.20.1-12.0.0.4.jar with {clumps} mods - versions {12.0.0.4}
[18May2026 14:31:06.398] [main/DEBUG] [net.minecraftforge.fml.loading.moddiscovery.ModFileParser/LOADING]: Considering mod file candidate /workspaces/VAlhalla-server/server/mods/Cobblemon-forge-1.5.2+1.20.1.jar
[18May2026 14:31:06.400] [main/DEBUG] [net.minecraftforge.fml.loading.moddiscovery.ModFileInfo/LOADING]: Found valid mod file Cobblemon-forge-1.5.2+1.20.1.jar with {cobblemon} mods - versions {1.5.2+1.20.1}
[18May2026 14:31:06.401] [main/DEBUG] [net.minecraftforge.fml.loading.moddiscovery.ModFileParser/LOADING]: Considering mod file candidate /workspaces/VAlhalla-server/server/mods/Corgilib-Forge-1.20.1-4.0.3.4.jar
[18May2026 14:31:06.401] [main/DEBUG] [net.minecraftforge.fml.loading.moddiscovery.ModFileInfo/LOADING]: Found valid mod file Corgilib-Forge-1.20.1-4.0.3.4.jar with {corgilib} mods - versions {4.0.3.4}
[18May2026 14:31:06.402] [main/DEBUG] [net.minecraftforge.fml.loading.moddiscovery.ModFileParser/LOADING]: Considering mod file candidate /workspaces/VAlhalla-server/server/mods/coroutil-forge-1.20.1-1.3.7.jar
[18May2026 14:31:06.403] [main/DEBUG] [net.minecraftforge.fml.loading.moddiscovery.ModFileInfo/LOADING]: Found valid mod file coroutil-forge-1.20.1-1.3.7.jar with {coroutil} mods - versions {1.20.1-1.3.7}
[18May2026 14:31:06.403] [main/DEBUG] [net.minecraftforge.fml.loading.moddiscovery.ModFileParser/LOADING]: Considering mod file candidate /workspaces/VAlhalla-server/server/mods/cristellib-1.1.6-forge.jar
[18May2026 14:31:06.404] [main/DEBUG] [net.minecraftforge.fml.loading.moddiscovery.ModFileInfo/LOADING]: Found valid mod file cristellib-1.1.6-forge.jar with {cristellib} mods - versions {1.1.6}
[18May2026 14:31:06.405] [main/DEBUG] [net.minecraftforge.fml.loading.moddiscovery.ModFileParser/LOADING]: Considering mod file candidate /workspaces/VAlhalla-server/server/mods/cumulus_menus-1.20.1-1.0.0-neoforge.jar
[18May2026 14:31:06.406] [main/DEBUG] [net.minecraftforge.fml.loading.moddiscovery.ModFileInfo/LOADING]: Found valid mod file cumulus_menus-1.20.1-1.0.0-neoforge.jar with {cumulus_menus} mods - versions {1.20.1-1.0.0-neoforge}
[18May2026 14:31:06.406] [main/DEBUG] [net.minecraftforge.fml.loading.moddiscovery.ModFileParser/LOADING]: Considering mod file candidate /workspaces/VAlhalla-server/server/mods/curios-forge-5.14.1+1.20.1.jar
[18May2026 14:31:06.407] [main/DEBUG] [net.minecraftforge.fml.loading.moddiscovery.ModFileInfo/LOADING]: Found valid mod file curios-forge-5.14.1+1.20.1.jar with {curios} mods - versions {5.14.1+1.20.1}
[18May2026 14:31:06.420] [main/DEBUG] [net.minecraftforge.fml.loading.moddiscovery.ModFileParser/LOADING]: Considering mod file candidate /workspaces/VAlhalla-server/server/mods/dacxirons-1.5.4.jar
[18May2026 14:31:06.422] [main/DEBUG] [net.minecraftforge.fml.loading.moddiscovery.ModFileInfo/LOADING]: Found valid mod file dacxirons-1.5.4.jar with {dacxirons} mods - versions {1.5.4}
[18May2026 14:31:06.424] [main/DEBUG] [net.minecraftforge.fml.loading.moddiscovery.ModFileParser/LOADING]: Considering mod file candidate /workspaces/VAlhalla-server/server/mods/DarkSoulsExpansionv5.2.1.jar
[18May2026 14:31:06.425] [main/DEBUG] [net.minecraftforge.fml.loading.moddiscovery.ModFileInfo/LOADING]: Found valid mod file DarkSoulsExpansionv5.2.1.jar with {dark_souls_expansion} mods - versions {5.2.1}
[18May2026 14:31:06.430] [main/DEBUG] [net.minecraftforge.fml.loading.moddiscovery.ModFileParser/LOADING]: Considering mod file candidate /workspaces/VAlhalla-server/server/mods/dungeons_and_combat-1.2.4-forge-1.20.1.jar
[18May2026 14:31:06.430] [main/DEBUG] [net.minecraftforge.fml.loading.moddiscovery.ModFileInfo/LOADING]: Found valid mod file dungeons_and_combat-1.2.4-forge-1.20.1.jar with {dungeons_and_combat} mods - versions {1.2.4}
[18May2026 14:31:06.432] [main/DEBUG] [net.minecraftforge.fml.loading.moddiscovery.ModFileParser/LOADING]: Considering mod file candidate /workspaces/VAlhalla-server/server/mods/DungeonsArise-1.20.1-2.1.57-release.jar
[18May2026 14:31:06.433] [main/DEBUG] [net.minecraftforge.fml.loading.moddiscovery.ModFileInfo/LOADING]: Found valid mod file DungeonsArise-1.20.1-2.1.57-release.jar with {dungeons_arise} mods - versions {2.1.57-1.20.1}
[18May2026 14:31:06.433] [main/DEBUG] [net.minecraftforge.fml.loading.moddiscovery.ModFileParser/LOADING]: Considering mod file candidate /workspaces/VAlhalla-server/server/mods/DungeonsAriseSevenSeas-1.20.x-1.0.2-forge.jar
[18May2026 14:31:06.434] [main/DEBUG] [net.minecraftforge.fml.loading.moddiscovery.ModFileInfo/LOADING]: Found valid mod file DungeonsAriseSevenSeas-1.20.x-1.0.2-forge.jar with {dungeons_arise_seven_seas} mods - versions {1.0.2}
[18May2026 14:31:06.441] [main/DEBUG] [net.minecraftforge.fml.loading.moddiscovery.ModFileParser/LOADING]: Considering mod file candidate /workspaces/VAlhalla-server/server/mods/embeddium-0.3.32-beta.9999+mc1.20.1.jar
[18May2026 14:31:06.442] [main/DEBUG] [net.minecraftforge.fml.loading.moddiscovery.ModFileInfo/LOADING]: Found valid mod file embeddium-0.3.32-beta.9999+mc1.20.1.jar with {embeddium,rubidium} mods - versions {0.3.32-beta.9999+mc1.20.1,0.7.1}
[18May2026 14:31:06.443] [main/DEBUG] [net.minecraftforge.fml.loading.moddiscovery.ModFileParser/LOADING]: Considering mod file candidate /workspaces/VAlhalla-server/server/mods/emi-1.1.24+1.20.1+forge.jar
[18May2026 14:31:06.444] [main/DEBUG] [net.minecraftforge.fml.loading.moddiscovery.ModFileInfo/LOADING]: Found valid mod file emi-1.1.24+1.20.1+forge.jar with {emi} mods - versions {1.1.24+1.20.1+forge}
[18May2026 14:31:06.445] [main/DEBUG] [net.minecraftforge.fml.loading.moddiscovery.ModFileParser/LOADING]: Considering mod file candidate /workspaces/VAlhalla-server/server/mods/endrem_forge-5.3.3-R-1.20.1.jar
[18May2026 14:31:06.446] [main/DEBUG] [net.minecraftforge.fml.loading.moddiscovery.ModFileInfo/LOADING]: Found valid mod file endrem_forge-5.3.3-R-1.20.1.jar with {endrem} mods - versions {5.3.3-R-1.20.1}
[18May2026 14:31:06.448] [main/DEBUG] [net.minecraftforge.fml.loading.moddiscovery.ModFileParser/LOADING]: Considering mod file candidate /workspaces/VAlhalla-server/server/mods/epic-fight-20.14.17-mc1.20.1-forge.jar
[18May2026 14:31:06.448] [main/DEBUG] [net.minecraftforge.fml.loading.moddiscovery.ModFileInfo/LOADING]: Found valid mod file epic-fight-20.14.17-mc1.20.1-forge.jar with {epicfight} mods - versions {20.14.17}
[18May2026 14:31:06.449] [main/DEBUG] [net.minecraftforge.fml.loading.moddiscovery.ModFileParser/LOADING]: Considering mod file candidate /workspaces/VAlhalla-server/server/mods/epicpaladins-1.0.2-1.20.1-forge.jar
[18May2026 14:31:06.450] [main/DEBUG] [net.minecraftforge.fml.loading.moddiscovery.ModFileInfo/LOADING]: Found valid mod file epicpaladins-1.0.2-1.20.1-forge.jar with {epicpaladins} mods - versions {1.0.2-1.20.1-forge}
[18May2026 14:31:06.451] [main/DEBUG] [net.minecraftforge.fml.loading.moddiscovery.ModFileParser/LOADING]: Considering mod file candidate /workspaces/VAlhalla-server/server/mods/ExplorersCompass-1.20.1-1.4.0-forge.jar
[18May2026 14:31:06.453] [main/DEBUG] [net.minecraftforge.fml.loading.moddiscovery.ModFileInfo/LOADING]: Found valid mod file ExplorersCompass-1.20.1-1.4.0-forge.jar with {explorerscompass} mods - versions {1.20.1-1.4.0-forge}
[18May2026 14:31:06.453] [main/DEBUG] [net.minecraftforge.fml.loading.moddiscovery.ModFileParser/LOADING]: Considering mod file candidate /workspaces/VAlhalla-server/server/mods/FastFurnace-1.20.1-8.0.2.jar
[18May2026 14:31:06.456] [main/DEBUG] [net.minecraftforge.fml.loading.moddiscovery.ModFileInfo/LOADING]: Found valid mod file FastFurnace-1.20.1-8.0.2.jar with {fastfurnace} mods - versions {8.0.2}
[18May2026 14:31:06.456] [main/DEBUG] [net.minecraftforge.fml.loading.moddiscovery.ModFileParser/LOADING]: Considering mod file candidate /workspaces/VAlhalla-server/server/mods/FastSuite-1.20.1-5.1.2.jar
[18May2026 14:31:06.457] [main/DEBUG] [net.minecraftforge.fml.loading.moddiscovery.ModFileInfo/LOADING]: Found valid mod file FastSuite-1.20.1-5.1.2.jar with {fastsuite} mods - versions {5.1.2}
[18May2026 14:31:06.458] [main/DEBUG] [net.minecraftforge.fml.loading.moddiscovery.ModFileParser/LOADING]: Considering mod file candidate /workspaces/VAlhalla-server/server/mods/FastWorkbench-1.20.1-8.0.4.jar
[18May2026 14:31:06.458] [main/DEBUG] [net.minecraftforge.fml.loading.moddiscovery.ModFileInfo/LOADING]: Found valid mod file FastWorkbench-1.20.1-8.0.4.jar with {fastbench} mods - versions {8.0.4}
[18May2026 14:31:06.463] [main/DEBUG] [net.minecraftforge.fml.loading.moddiscovery.ModFileParser/LOADING]: Considering mod file candidate /workspaces/VAlhalla-server/server/mods/ferritecore-6.0.1-forge.jar
[18May2026 14:31:06.463] [main/DEBUG] [net.minecraftforge.fml.loading.moddiscovery.ModFileInfo/LOADING]: Found valid mod file ferritecore-6.0.1-forge.jar with {ferritecore} mods - versions {6.0.1}
[18May2026 14:31:06.464] [main/DEBUG] [net.minecraftforge.fml.loading.moddiscovery.ModFileParser/LOADING]: Considering mod file candidate /workspaces/VAlhalla-server/server/mods/geckolib-forge-1.20.1-4.8.3.jar
[18May2026 14:31:06.465] [main/DEBUG] [net.minecraftforge.fml.loading.moddiscovery.ModFileInfo/LOADING]: Found valid mod file geckolib-forge-1.20.1-4.8.3.jar with {geckolib} mods - versions {4.8.3}
[18May2026 14:31:06.466] [main/DEBUG] [net.minecraftforge.fml.loading.moddiscovery.ModFileParser/LOADING]: Considering mod file candidate /workspaces/VAlhalla-server/server/mods/gnumus_settlement_[Forge]1.20.1_v1.0.jar
[18May2026 14:31:06.467] [main/DEBUG] [net.minecraftforge.fml.loading.moddiscovery.ModFileInfo/LOADING]: Found valid mod file gnumus_settlement_[Forge]1.20.1_v1.0.jar with {gnumus} mods - versions {1.0.0}
[18May2026 14:31:06.478] [main/DEBUG] [net.minecraftforge.fml.loading.moddiscovery.ModFileParser/LOADING]: Considering mod file candidate /workspaces/VAlhalla-server/server/mods/goety-2.5.53.1.jar
[18May2026 14:31:06.479] [main/DEBUG] [net.minecraftforge.fml.loading.moddiscovery.ModFileInfo/LOADING]: Found valid mod file goety-2.5.53.1.jar with {goety} mods - versions {2.5.53.1}
[18May2026 14:31:06.480] [main/DEBUG] [net.minecraftforge.fml.loading.moddiscovery.ModFileParser/LOADING]: Considering mod file candidate /workspaces/VAlhalla-server/server/mods/gravestone-forge-1.20.1-1.0.35.jar
[18May2026 14:31:06.481] [main/DEBUG] [net.minecraftforge.fml.loading.moddiscovery.ModFileInfo/LOADING]: Found valid mod file gravestone-forge-1.20.1-1.0.35.jar with {gravestone} mods - versions {1.20.1-1.0.35}
[18May2026 14:31:06.482] [main/DEBUG] [net.minecraftforge.fml.loading.moddiscovery.ModFileParser/LOADING]: Considering mod file candidate /workspaces/VAlhalla-server/server/mods/guardvillagers-1.20.1-1.6.17.jar
[18May2026 14:31:06.482] [main/DEBUG] [net.minecraftforge.fml.loading.moddiscovery.ModFileInfo/LOADING]: Found valid mod file guardvillagers-1.20.1-1.6.17.jar with {guardvillagers} mods - versions {1.20.1-1.6.17}
[18May2026 14:31:06.483] [main/DEBUG] [net.minecraftforge.fml.loading.moddiscovery.ModFileParser/LOADING]: Considering mod file candidate /workspaces/VAlhalla-server/server/mods/hardcorerevival-forge-1.20.1-12.0.11.jar
[18May2026 14:31:06.484] [main/DEBUG] [net.minecraftforge.fml.loading.moddiscovery.ModFileInfo/LOADING]: Found valid mod file hardcorerevival-forge-1.20.1-12.0.11.jar with {hardcorerevival} mods - versions {12.0.11}
[18May2026 14:31:06.484] [main/DEBUG] [net.minecraftforge.fml.loading.moddiscovery.ModFileParser/LOADING]: Considering mod file candidate /workspaces/VAlhalla-server/server/mods/huge-structure-blocks-1.0.9-forge.jar
[18May2026 14:31:06.485] [main/DEBUG] [net.minecraftforge.fml.loading.moddiscovery.ModFileInfo/LOADING]: Found valid mod file huge-structure-blocks-1.0.9-forge.jar with {hugestructureblocks} mods - versions {1.0.9}
[18May2026 14:31:06.486] [main/DEBUG] [net.minecraftforge.fml.loading.moddiscovery.ModFileParser/LOADING]: Considering mod file candidate /workspaces/VAlhalla-server/server/mods/humancompanions-1.20.1-1.7.6.jar
[18May2026 14:31:06.487] [main/DEBUG] [net.minecraftforge.fml.loading.moddiscovery.ModFileInfo/LOADING]: Found valid mod file humancompanions-1.20.1-1.7.6.jar with {humancompanions} mods - versions {1.20.1-1.7.6}
[18May2026 14:31:06.491] [main/DEBUG] [net.minecraftforge.fml.loading.moddiscovery.ModFileParser/LOADING]: Considering mod file candidate /workspaces/VAlhalla-server/server/mods/iceandfire-2.1.13-1.20.1-beta-5.jar
[18May2026 14:31:06.492] [main/DEBUG] [net.minecraftforge.fml.loading.moddiscovery.ModFileInfo/LOADING]: Found valid mod file iceandfire-2.1.13-1.20.1-beta-5.jar with {iceandfire} mods - versions {2.1.13-1.20.1}
[18May2026 14:31:06.493] [main/DEBUG] [net.minecraftforge.fml.loading.moddiscovery.ModFileParser/LOADING]: Considering mod file candidate /workspaces/VAlhalla-server/server/mods/Iceberg-1.20.1-forge-1.1.25.jar
[18May2026 14:31:06.494] [main/DEBUG] [net.minecraftforge.fml.loading.moddiscovery.ModFileInfo/LOADING]: Found valid mod file Iceberg-1.20.1-forge-1.1.25.jar with {iceberg} mods - versions {1.1.25}
[18May2026 14:31:06.497] [main/DEBUG] [net.minecraftforge.fml.loading.moddiscovery.ModFileParser/LOADING]: Considering mod file candidate /workspaces/VAlhalla-server/server/mods/Incendium_1.20.x_v5.3.5.jar
[18May2026 14:31:06.498] [main/DEBUG] [net.minecraftforge.fml.loading.moddiscovery.ModFileInfo/LOADING]: Found valid mod file Incendium_1.20.x_v5.3.5.jar with {incendium} mods - versions {5.3.5}
[18May2026 14:31:06.499] [main/DEBUG] [net.minecraftforge.fml.loading.moddiscovery.ModFileParser/LOADING]: Considering mod file candidate /workspaces/VAlhalla-server/server/mods/interaction_boxes-0.693.jar
[18May2026 14:31:06.500] [main/DEBUG] [net.minecraftforge.fml.loading.moddiscovery.ModFileInfo/LOADING]: Found valid mod file interaction_boxes-0.693.jar with {interaction_boxes} mods - versions {0.693}
[18May2026 14:31:06.501] [main/DEBUG] [net.minecraftforge.fml.loading.moddiscovery.ModFileParser/LOADING]: Considering mod file candidate /workspaces/VAlhalla-server/server/mods/irons_lib-1.20.1-1.0.2.jar
[18May2026 14:31:06.501] [main/DEBUG] [net.minecraftforge.fml.loading.moddiscovery.ModFileInfo/LOADING]: Found valid mod file irons_lib-1.20.1-1.0.2.jar with {irons_lib} mods - versions {1.20.1-1.0.2}
[18May2026 14:31:06.505] [main/DEBUG] [net.minecraftforge.fml.loading.moddiscovery.ModFileParser/LOADING]: Considering mod file candidate /workspaces/VAlhalla-server/server/mods/irons_spellbooks-1.20.1-3.15.6.jar
[18May2026 14:31:06.506] [main/DEBUG] [net.minecraftforge.fml.loading.moddiscovery.ModFileInfo/LOADING]: Found valid mod file irons_spellbooks-1.20.1-3.15.6.jar with {irons_spellbooks} mods - versions {1.20.1-3.15.6}
[18May2026 14:31:06.507] [main/DEBUG] [net.minecraftforge.fml.loading.moddiscovery.ModFileParser/LOADING]: Considering mod file candidate /workspaces/VAlhalla-server/server/mods/jei-1.20.1-forge-15.20.0.130.jar
[18May2026 14:31:06.508] [main/DEBUG] [net.minecraftforge.fml.loading.moddiscovery.ModFileInfo/LOADING]: Found valid mod file jei-1.20.1-forge-15.20.0.130.jar with {jei} mods - versions {15.20.0.130}
[18May2026 14:31:06.509] [main/DEBUG] [net.minecraftforge.fml.loading.moddiscovery.ModFileParser/LOADING]: Considering mod file candidate /workspaces/VAlhalla-server/server/mods/Kambrik-6.1.1+1.20.1-forge.jar
[18May2026 14:31:06.509] [main/DEBUG] [net.minecraftforge.fml.loading.moddiscovery.ModFileInfo/LOADING]: Found valid mod file Kambrik-6.1.1+1.20.1-forge.jar with {kambrik} mods - versions {6.1.1+1.20.1}
[18May2026 14:31:06.550] [main/DEBUG] [net.minecraftforge.fml.loading.moddiscovery.ModFileParser/LOADING]: Considering mod file candidate /workspaces/VAlhalla-server/server/mods/L_Enders_Cataclysm-3.27-curios-fix.jar
[18May2026 14:31:06.551] [main/DEBUG] [net.minecraftforge.fml.loading.moddiscovery.ModFileInfo/LOADING]: Found valid mod file L_Enders_Cataclysm-3.27-curios-fix.jar with {cataclysm} mods - versions {3.27}
[18May2026 14:31:06.552] [main/DEBUG] [net.minecraftforge.fml.loading.moddiscovery.ModFileParser/LOADING]: Considering mod file candidate /workspaces/VAlhalla-server/server/mods/lionfishapi-3.0.jar
[18May2026 14:31:06.552] [main/DEBUG] [net.minecraftforge.fml.loading.moddiscovery.ModFileInfo/LOADING]: Found valid mod file lionfishapi-3.0.jar with {lionfishapi} mods - versions {3.0}
[18May2026 14:31:06.553] [main/DEBUG] [net.minecraftforge.fml.loading.moddiscovery.ModFileParser/LOADING]: Considering mod file candidate /workspaces/VAlhalla-server/server/mods/lithostitched-forge-1.20.1-1.4.11.jar
[18May2026 14:31:06.553] [main/DEBUG] [net.minecraftforge.fml.loading.moddiscovery.ModFileInfo/LOADING]: Found valid mod file lithostitched-forge-1.20.1-1.4.11.jar with {lithostitched} mods - versions {1.4.11}
[18May2026 14:31:06.554] [main/DEBUG] [net.minecraftforge.fml.loading.moddiscovery.ModFileParser/LOADING]: Considering mod file candidate /workspaces/VAlhalla-server/server/mods/LuckPerms-Forge-5.4.102.jar
[18May2026 14:31:06.554] [main/DEBUG] [net.minecraftforge.fml.loading.moddiscovery.ModFileInfo/LOADING]: Found valid mod file LuckPerms-Forge-5.4.102.jar with {luckperms} mods - versions {5.4.102}
[18May2026 14:31:06.555] [main/DEBUG] [net.minecraftforge.fml.loading.moddiscovery.ModFileParser/LOADING]: Considering mod file candidate /workspaces/VAlhalla-server/server/mods/Mantle-1.20.1-1.11.104.jar
[18May2026 14:31:06.556] [main/DEBUG] [net.minecraftforge.fml.loading.moddiscovery.ModFileInfo/LOADING]: Found valid mod file Mantle-1.20.1-1.11.104.jar with {mantle} mods - versions {1.11.104}
[18May2026 14:31:06.556] [main/DEBUG] [net.minecraftforge.fml.loading.moddiscovery.ModFileParser/LOADING]: Considering mod file candidate /workspaces/VAlhalla-server/server/mods/memoryleakfix-forge-1.17+-1.1.5.jar
[18May2026 14:31:06.557] [main/DEBUG] [net.minecraftforge.fml.loading.moddiscovery.ModFileInfo/LOADING]: Found valid mod file memoryleakfix-forge-1.17+-1.1.5.jar with {memoryleakfix} mods - versions {1.1.5}
[18May2026 14:31:06.557] [main/DEBUG] [net.minecraftforge.fml.loading.moddiscovery.ModFileParser/LOADING]: Considering mod file candidate /workspaces/VAlhalla-server/server/mods/mobhealthbar-forge-1.20.x-2.3.0.jar
[18May2026 14:31:06.558] [main/DEBUG] [net.minecraftforge.fml.loading.moddiscovery.ModFileInfo/LOADING]: Found valid mod file mobhealthbar-forge-1.20.x-2.3.0.jar with {mobhealthbar} mods - versions {2.3.0}
[18May2026 14:31:06.559] [main/DEBUG] [net.minecraftforge.fml.loading.moddiscovery.ModFileParser/LOADING]: Considering mod file candidate /workspaces/VAlhalla-server/server/mods/modernfix-forge-5.27.24+mc1.20.1.jar
[18May2026 14:31:06.560] [main/DEBUG] [net.minecraftforge.fml.loading.moddiscovery.ModFileInfo/LOADING]: Found valid mod file modernfix-forge-5.27.24+mc1.20.1.jar with {modernfix} mods - versions {5.27.24+mc1.20.1}
[18May2026 14:31:06.561] [main/DEBUG] [net.minecraftforge.fml.loading.moddiscovery.ModFileParser/LOADING]: Considering mod file candidate /workspaces/VAlhalla-server/server/mods/monolib-forge-1.20.1-4.0.2.jar
[18May2026 14:31:06.562] [main/DEBUG] [net.minecraftforge.fml.loading.moddiscovery.ModFileInfo/LOADING]: Found valid mod file monolib-forge-1.20.1-4.0.2.jar with {monolib} mods - versions {4.0.2}
[18May2026 14:31:06.563] [main/DEBUG] [net.minecraftforge.fml.loading.moddiscovery.ModFileParser/LOADING]: Considering mod file candidate /workspaces/VAlhalla-server/server/mods/moonlight-1.20-2.16.32-forge.jar
[18May2026 14:31:06.563] [main/DEBUG] [net.minecraftforge.fml.loading.moddiscovery.ModFileInfo/LOADING]: Found valid mod file moonlight-1.20-2.16.32-forge.jar with {moonlight} mods - versions {1.20-2.16.32}
[18May2026 14:31:06.564] [main/DEBUG] [net.minecraftforge.fml.loading.moddiscovery.ModFileParser/LOADING]: Considering mod file candidate /workspaces/VAlhalla-server/server/mods/more_bows_and_arrows-merged-1.20.1-5.0.1.jar
[18May2026 14:31:06.565] [main/DEBUG] [net.minecraftforge.fml.loading.moddiscovery.ModFileInfo/LOADING]: Found valid mod file more_bows_and_arrows-merged-1.20.1-5.0.1.jar with {more_bows_and_arrows} mods - versions {5.0.1}
[18May2026 14:31:06.566] [main/DEBUG] [net.minecraftforge.fml.loading.moddiscovery.ModFileParser/LOADING]: Considering mod file candidate /workspaces/VAlhalla-server/server/mods/MoreBows-1.0.13+1.20.x.forge.jar
[18May2026 14:31:06.566] [main/DEBUG] [net.minecraftforge.fml.loading.moddiscovery.ModFileInfo/LOADING]: Found valid mod file MoreBows-1.0.13+1.20.x.forge.jar with {morebows} mods - versions {1.0.13}
[18May2026 14:31:06.567] [main/DEBUG] [net.minecraftforge.fml.loading.moddiscovery.ModFileParser/LOADING]: Considering mod file candidate /workspaces/VAlhalla-server/server/mods/morevillagers-forge-1.20.1-5.0.0.jar
[18May2026 14:31:06.568] [main/DEBUG] [net.minecraftforge.fml.loading.moddiscovery.ModFileInfo/LOADING]: Found valid mod file morevillagers-forge-1.20.1-5.0.0.jar with {morevillagers} mods - versions {5.0.0}
[18May2026 14:31:06.568] [main/DEBUG] [net.minecraftforge.fml.loading.moddiscovery.ModFileParser/LOADING]: Considering mod file candidate /workspaces/VAlhalla-server/server/mods/Myths_and_Legends-1.6.1-forge.jar
[18May2026 14:31:06.569] [main/DEBUG] [net.minecraftforge.fml.loading.moddiscovery.ModFileInfo/LOADING]: Found valid mod file Myths_and_Legends-1.6.1-forge.jar with {mythsandlegends} mods - versions {1.6.1}
[18May2026 14:31:06.570] [main/DEBUG] [net.minecraftforge.fml.loading.moddiscovery.ModFileParser/LOADING]: Considering mod file candidate /workspaces/VAlhalla-server/server/mods/nyfsquiver-1.20.1-forge-1.0.1.jar
[18May2026 14:31:06.570] [main/DEBUG] [net.minecraftforge.fml.loading.moddiscovery.ModFileInfo/LOADING]: Found valid mod file nyfsquiver-1.20.1-forge-1.0.1.jar with {nyfsquiver} mods - versions {1.18.1-0.7.0}
[18May2026 14:31:06.571] [main/DEBUG] [net.minecraftforge.fml.loading.moddiscovery.ModFileParser/LOADING]: Considering mod file candidate /workspaces/VAlhalla-server/server/mods/obscure_api-18.jar
[18May2026 14:31:06.571] [main/DEBUG] [net.minecraftforge.fml.loading.moddiscovery.ModFileInfo/LOADING]: Found valid mod file obscure_api-18.jar with {obscure_api} mods - versions {18}
[18May2026 14:31:06.572] [main/DEBUG] [net.minecraftforge.fml.loading.moddiscovery.ModFileParser/LOADING]: Considering mod file candidate /workspaces/VAlhalla-server/server/mods/Patchouli-1.20.1-85-FORGE.jar
[18May2026 14:31:06.573] [main/DEBUG] [net.minecraftforge.fml.loading.moddiscovery.ModFileInfo/LOADING]: Found valid mod file Patchouli-1.20.1-85-FORGE.jar with {patchouli} mods - versions {1.20.1-85-FORGE}
[18May2026 14:31:06.573] [main/DEBUG] [net.minecraftforge.fml.loading.moddiscovery.ModFileParser/LOADING]: Considering mod file candidate /workspaces/VAlhalla-server/server/mods/Placebo-1.20.1-8.6.3.jar
[18May2026 14:31:06.574] [main/DEBUG] [net.minecraftforge.fml.loading.moddiscovery.ModFileInfo/LOADING]: Found valid mod file Placebo-1.20.1-8.6.3.jar with {placebo} mods - versions {8.6.3}
[18May2026 14:31:06.574] [main/DEBUG] [net.minecraftforge.fml.loading.moddiscovery.ModFileParser/LOADING]: Considering mod file candidate /workspaces/VAlhalla-server/server/mods/player-animation-lib-forge-1.0.2-rc1+1.20.jar
[18May2026 14:31:06.575] [main/DEBUG] [net.minecraftforge.fml.loading.moddiscovery.ModFileInfo/LOADING]: Found valid mod file player-animation-lib-forge-1.0.2-rc1+1.20.jar with {playeranimator} mods - versions {1.0.2-rc1+1.20}
[18May2026 14:31:06.576] [main/DEBUG] [net.minecraftforge.fml.loading.moddiscovery.ModFileParser/LOADING]: Considering mod file candidate /workspaces/VAlhalla-server/server/mods/Prism-1.20.1-forge-1.0.5.jar
[18May2026 14:31:06.576] [main/DEBUG] [net.minecraftforge.fml.loading.moddiscovery.ModFileInfo/LOADING]: Found valid mod file Prism-1.20.1-forge-1.0.5.jar with {prism} mods - versions {1.0.5}
[18May2026 14:31:06.577] [main/DEBUG] [net.minecraftforge.fml.loading.moddiscovery.ModFileParser/LOADING]: Considering mod file candidate /workspaces/VAlhalla-server/server/mods/projectile_damage-forge-3.2.2+1.20.1.jar
[18May2026 14:31:06.577] [main/DEBUG] [net.minecraftforge.fml.loading.moddiscovery.ModFileInfo/LOADING]: Found valid mod file projectile_damage-forge-3.2.2+1.20.1.jar with {projectile_damage} mods - versions {3.2.2+1.20.1}
[18May2026 14:31:06.578] [main/DEBUG] [net.minecraftforge.fml.loading.moddiscovery.ModFileParser/LOADING]: Considering mod file candidate /workspaces/VAlhalla-server/server/mods/radium-mc1.20.1-0.12.4+git.26c9d8e.jar
[18May2026 14:31:06.579] [main/DEBUG] [net.minecraftforge.fml.loading.moddiscovery.ModFileInfo/LOADING]: Found valid mod file radium-mc1.20.1-0.12.4+git.26c9d8e.jar with {radium} mods - versions {0.12.4+git.26c9d8e}
[18May2026 14:31:06.580] [main/DEBUG] [net.minecraftforge.fml.loading.moddiscovery.ModFileParser/LOADING]: Considering mod file candidate /workspaces/VAlhalla-server/server/mods/realmrpg_skeletons-1.1.0-forge-1.20.1.jar
[18May2026 14:31:06.580] [main/DEBUG] [net.minecraftforge.fml.loading.moddiscovery.ModFileInfo/LOADING]: Found valid mod file realmrpg_skeletons-1.1.0-forge-1.20.1.jar with {realmrpg_skeletons} mods - versions {1.1.0}
[18May2026 14:31:06.582] [main/DEBUG] [net.minecraftforge.fml.loading.moddiscovery.ModFileParser/LOADING]: Considering mod file candidate /workspaces/VAlhalla-server/server/mods/RuneCraft-1.20-(v.3.8.7a).jar
[18May2026 14:31:06.583] [main/DEBUG] [net.minecraftforge.fml.loading.moddiscovery.ModFileInfo/LOADING]: Found valid mod file RuneCraft-1.20-(v.3.8.7a).jar with {runecraft} mods - versions {3.8.7a}
[18May2026 14:31:06.587] [main/DEBUG] [net.minecraftforge.fml.loading.moddiscovery.ModFileParser/LOADING]: Considering mod file candidate /workspaces/VAlhalla-server/server/mods/slu_9990.3.1.20.1-remade.jar
[18May2026 14:31:06.587] [main/DEBUG] [net.minecraftforge.fml.loading.moddiscovery.ModFileInfo/LOADING]: Found valid mod file slu_9990.3.1.20.1-remade.jar with {slu} mods - versions {9982.3.1.20.1}
[18May2026 14:31:06.588] [main/DEBUG] [net.minecraftforge.fml.loading.moddiscovery.ModFileParser/LOADING]: Considering mod file candidate /workspaces/VAlhalla-server/server/mods/smarterfarmers-1.20-2.1.2.jar
[18May2026 14:31:06.589] [main/DEBUG] [net.minecraftforge.fml.loading.moddiscovery.ModFileInfo/LOADING]: Found valid mod file smarterfarmers-1.20-2.1.2.jar with {smarterfarmers} mods - versions {1.20-2.1.2}
[18May2026 14:31:06.593] [main/DEBUG] [net.minecraftforge.fml.loading.moddiscovery.ModFileParser/LOADING]: Considering mod file candidate /workspaces/VAlhalla-server/server/mods/sololeveling-0.10.7.5.jar
[18May2026 14:31:06.594] [main/DEBUG] [net.minecraftforge.fml.loading.moddiscovery.ModFileInfo/LOADING]: Found valid mod file sololeveling-0.10.7.5.jar with {sololeveling} mods - versions {0.10.7.5}
[18May2026 14:31:06.596] [main/DEBUG] [net.minecraftforge.fml.loading.moddiscovery.ModFileParser/LOADING]: Considering mod file candidate /workspaces/VAlhalla-server/server/mods/soulslike-weaponry-1.3.1-1.20.1-forge.jar
[18May2026 14:31:06.597] [main/DEBUG] [net.minecraftforge.fml.loading.moddiscovery.ModFileInfo/LOADING]: Found valid mod file soulslike-weaponry-1.3.1-1.20.1-forge.jar with {soulsweapons} mods - versions {1.3.1-1.20.1-forge}}
[18May2026 14:31:06.598] [main/DEBUG] [net.minecraftforge.fml.loading.moddiscovery.ModFileParser/LOADING]: Considering mod file candidate /workspaces/VAlhalla-server/server/mods/spark-1.10.53-forge.jar
[18May2026 14:31:06.599] [main/DEBUG] [net.minecraftforge.fml.loading.moddiscovery.ModFileInfo/LOADING]: Found valid mod file spark-1.10.53-forge.jar with {spark} mods - versions {1.10.53}
[18May2026 14:31:06.600] [main/DEBUG] [net.minecraftforge.fml.loading.moddiscovery.ModFileParser/LOADING]: Considering mod file candidate /workspaces/VAlhalla-server/server/mods/stalwart-dungeons-1.20.1-1.2.8.jar
[18May2026 14:31:06.600] [main/DEBUG] [net.minecraftforge.fml.loading.moddiscovery.ModFileInfo/LOADING]: Found valid mod file stalwart-dungeons-1.20.1-1.2.8.jar with {stalwart_dungeons} mods - versions {1.2.8}
[18May2026 14:31:06.601] [main/DEBUG] [net.minecraftforge.fml.loading.moddiscovery.ModFileParser/LOADING]: Considering mod file candidate /workspaces/VAlhalla-server/server/mods/tbsfbsp-0.74.jar
[18May2026 14:31:06.601] [main/DEBUG] [net.minecraftforge.fml.loading.moddiscovery.ModFileInfo/LOADING]: Found valid mod file tbsfbsp-0.74.jar with {tbsfbsp} mods - versions {0.74}
[18May2026 14:31:06.623] [main/DEBUG] [net.minecraftforge.fml.loading.moddiscovery.ModFileParser/LOADING]: Considering mod file candidate /workspaces/VAlhalla-server/server/mods/TConstruct-1.20.1-3.11.2.166.jar
[18May2026 14:31:06.624] [main/DEBUG] [net.minecraftforge.fml.loading.moddiscovery.ModFileInfo/LOADING]: Found valid mod file TConstruct-1.20.1-3.11.2.166.jar with {tconstruct} mods - versions {3.11.2.166}
[18May2026 14:31:06.626] [main/DEBUG] [net.minecraftforge.fml.loading.moddiscovery.ModFileParser/LOADING]: Considering mod file candidate /workspaces/VAlhalla-server/server/mods/Terralith_1.20.x_v2.5.4.jar
[18May2026 14:31:06.626] [main/DEBUG] [net.minecraftforge.fml.loading.moddiscovery.ModFileInfo/LOADING]: Found valid mod file Terralith_1.20.x_v2.5.4.jar with {terralith} mods - versions {2.5.4}
[18May2026 14:31:06.632] [main/DEBUG] [net.minecraftforge.fml.loading.moddiscovery.ModFileParser/LOADING]: Considering mod file candidate /workspaces/VAlhalla-server/server/mods/tl_skin_cape_forge_1.20-1.38.jar
[18May2026 14:31:06.633] [main/DEBUG] [net.minecraftforge.fml.loading.moddiscovery.ModFileInfo/LOADING]: Found valid mod file tl_skin_cape_forge_1.20-1.38.jar with {tlskincape} mods - versions {1.38}
[18May2026 14:31:06.634] [main/DEBUG] [net.minecraftforge.fml.loading.moddiscovery.ModFileParser/LOADING]: Considering mod file candidate /workspaces/VAlhalla-server/server/mods/tohiro_ores-1.0.9-forge-1.20.1.jar
[18May2026 14:31:06.634] [main/DEBUG] [net.minecraftforge.fml.loading.moddiscovery.ModFileInfo/LOADING]: Found valid mod file tohiro_ores-1.0.9-forge-1.20.1.jar with {tohiro_ores} mods - versions {1.0.9}
[18May2026 14:31:06.635] [main/DEBUG] [net.minecraftforge.fml.loading.moddiscovery.ModFileParser/LOADING]: Considering mod file candidate /workspaces/VAlhalla-server/server/mods/too_many_bows-forge-4.0.1.jar
[18May2026 14:31:06.636] [main/DEBUG] [net.minecraftforge.fml.loading.moddiscovery.ModFileInfo/LOADING]: Found valid mod file too_many_bows-forge-4.0.1.jar with {too_many_bows} mods - versions {4.0.1}
[18May2026 14:31:06.636] [main/DEBUG] [net.minecraftforge.fml.loading.moddiscovery.ModFileParser/LOADING]: Considering mod file candidate /workspaces/VAlhalla-server/server/mods/ToolBelt-1.20.1-1.20.03.jar
[18May2026 14:31:06.637] [main/DEBUG] [net.minecraftforge.fml.loading.moddiscovery.ModFileInfo/LOADING]: Found valid mod file ToolBelt-1.20.1-1.20.03.jar with {toolbelt} mods - versions {1.20.03}
[18May2026 14:31:06.639] [main/DEBUG] [net.minecraftforge.fml.loading.moddiscovery.ModFileParser/LOADING]: Considering mod file candidate /workspaces/VAlhalla-server/server/mods/Towns-and-Towers-1.12-Fabric+Forge.jar
[18May2026 14:31:06.639] [main/DEBUG] [net.minecraftforge.fml.loading.moddiscovery.ModFileInfo/LOADING]: Found valid mod file Towns-and-Towers-1.12-Fabric+Forge.jar with {t_and_t} mods - versions {0.0NONE}
[18May2026 14:31:06.640] [main/DEBUG] [net.minecraftforge.fml.loading.moddiscovery.ModFileParser/LOADING]: Considering mod file candidate /workspaces/VAlhalla-server/server/mods/travelersbackpack-forge-1.20.1-9.1.54.jar
[18May2026 14:31:06.641] [main/DEBUG] [net.minecraftforge.fml.loading.moddiscovery.ModFileInfo/LOADING]: Found valid mod file travelersbackpack-forge-1.20.1-9.1.54.jar with {travelersbackpack} mods - versions {9.1.54}
[18May2026 14:31:06.642] [main/DEBUG] [net.minecraftforge.fml.loading.moddiscovery.ModFileParser/LOADING]: Considering mod file candidate /workspaces/VAlhalla-server/server/mods/TravelersTitles-1.20-Forge-4.0.2.jar
[18May2026 14:31:06.642] [main/DEBUG] [net.minecraftforge.fml.loading.moddiscovery.ModFileInfo/LOADING]: Found valid mod file TravelersTitles-1.20-Forge-4.0.2.jar with {travelerstitles} mods - versions {1.20-Forge-4.0.2}
[18May2026 14:31:06.648] [main/DEBUG] [net.minecraftforge.fml.loading.moddiscovery.ModFileParser/LOADING]: Considering mod file candidate /workspaces/VAlhalla-server/server/mods/twilightforest-1.20.1-4.3.2508-universal.jar
[18May2026 14:31:06.648] [main/DEBUG] [net.minecraftforge.fml.loading.moddiscovery.ModFileInfo/LOADING]: Found valid mod file twilightforest-1.20.1-4.3.2508-universal.jar with {twilightforest} mods - versions {4.3.2508}
[18May2026 14:31:06.649] [main/DEBUG] [net.minecraftforge.fml.loading.moddiscovery.ModFileParser/LOADING]: Considering mod file candidate /workspaces/VAlhalla-server/server/mods/twm-1.3.1-forge-1.20.1.jar
[18May2026 14:31:06.650] [main/DEBUG] [net.minecraftforge.fml.loading.moddiscovery.ModFileInfo/LOADING]: Found valid mod file twm-1.3.1-forge-1.20.1.jar with {twm} mods - versions {1.3.1}
[18May2026 14:31:06.651] [main/DEBUG] [net.minecraftforge.fml.loading.moddiscovery.ModFileParser/LOADING]: Considering mod file candidate /workspaces/VAlhalla-server/server/mods/uniquedungeons-0.70.5-74.2.0.jar
[18May2026 14:31:06.652] [main/DEBUG] [net.minecraftforge.fml.loading.moddiscovery.ModFileInfo/LOADING]: Found valid mod file uniquedungeons-0.70.5-74.2.0.jar with {uniquedungeons} mods - versions {0.70.5}
[18May2026 14:31:06.652] [main/DEBUG] [net.minecraftforge.fml.loading.moddiscovery.ModFileParser/LOADING]: Considering mod file candidate /workspaces/VAlhalla-server/server/mods/watut-forge-1.20.1-1.2.3.jar
[18May2026 14:31:06.653] [main/DEBUG] [net.minecraftforge.fml.loading.moddiscovery.ModFileInfo/LOADING]: Found valid mod file watut-forge-1.20.1-1.2.3.jar with {watut} mods - versions {1.20.1-1.2.3}
[18May2026 14:31:06.654] [main/DEBUG] [net.minecraftforge.fml.loading.moddiscovery.ModFileParser/LOADING]: Considering mod file candidate /workspaces/VAlhalla-server/server/mods/weaponmaster-1.4.3-1.20.1.jar
[18May2026 14:31:06.655] [main/DEBUG] [net.minecraftforge.fml.loading.moddiscovery.ModFileInfo/LOADING]: Found valid mod file weaponmaster-1.4.3-1.20.1.jar with {weaponmaster} mods - versions {1.4.3-1.20.1}
[18May2026 14:31:06.656] [main/DEBUG] [net.minecraftforge.fml.loading.moddiscovery.ModFileParser/LOADING]: Considering mod file candidate /workspaces/VAlhalla-server/server/mods/weaponmaster_ydm-forge-1.20.1-4.2.3.jar
[18May2026 14:31:06.656] [main/DEBUG] [net.minecraftforge.fml.loading.moddiscovery.ModFileInfo/LOADING]: Found valid mod file weaponmaster_ydm-forge-1.20.1-4.2.3.jar with {weaponmaster_ydm} mods - versions {4.2.3}
[18May2026 14:31:06.658] [main/DEBUG] [net.minecraftforge.fml.loading.moddiscovery.ModFileParser/LOADING]: Considering mod file candidate /workspaces/VAlhalla-server/server/mods/WeaponsOfMiracles-2.0.15-mc1.20.1-forge.jar
[18May2026 14:31:06.658] [main/DEBUG] [net.minecraftforge.fml.loading.moddiscovery.ModFileInfo/LOADING]: Found valid mod file WeaponsOfMiracles-2.0.15-mc1.20.1-forge.jar with {wom} mods - versions {2.0.15}
[18May2026 14:31:06.659] [main/DEBUG] [net.minecraftforge.fml.loading.moddiscovery.ModFileParser/LOADING]: Considering mod file candidate /workspaces/VAlhalla-server/server/mods/withering-heights-alpha-1.jar
[18May2026 14:31:06.659] [main/DEBUG] [net.minecraftforge.fml.loading.moddiscovery.ModFileInfo/LOADING]: Found valid mod file withering-heights-alpha-1.jar with {mr_withering_heights} mods - versions {1-alpha-1}
[18May2026 14:31:06.661] [main/DEBUG] [net.minecraftforge.fml.loading.moddiscovery.ModFileParser/LOADING]: Considering mod file candidate /workspaces/VAlhalla-server/server/mods/xaerominimap-forge-1.20.1-25.3.13.jar
[18May2026 14:31:06.661] [main/DEBUG] [net.minecraftforge.fml.loading.moddiscovery.ModFileInfo/LOADING]: Found valid mod file xaerominimap-forge-1.20.1-25.3.13.jar with {xaerominimap} mods - versions {25.3.13}
[18May2026 14:31:06.662] [main/DEBUG] [net.minecraftforge.fml.loading.moddiscovery.ModFileParser/LOADING]: Considering mod file candidate /workspaces/VAlhalla-server/server/mods/xaeroworldmap-forge-1.20.1-1.40.16.jar
[18May2026 14:31:06.663] [main/DEBUG] [net.minecraftforge.fml.loading.moddiscovery.ModFileInfo/LOADING]: Found valid mod file xaeroworldmap-forge-1.20.1-1.40.16.jar with {xaeroworldmap} mods - versions {1.40.16}
[18May2026 14:31:06.663] [main/DEBUG] [net.minecraftforge.fml.loading.moddiscovery.ModFileParser/LOADING]: Considering mod file candidate /workspaces/VAlhalla-server/server/mods/YungsApi-1.20-Forge-4.0.6.jar
[18May2026 14:31:06.664] [main/DEBUG] [net.minecraftforge.fml.loading.moddiscovery.ModFileInfo/LOADING]: Found valid mod file YungsApi-1.20-Forge-4.0.6.jar with {yungsapi} mods - versions {1.20-Forge-4.0.6}
[18May2026 14:31:06.664] [main/DEBUG] [net.minecraftforge.fml.loading.moddiscovery.ModFileParser/LOADING]: Considering mod file candidate /workspaces/VAlhalla-server/server/mods/YungsBetterEndIsland-1.20-Forge-2.0.6.jar
[18May2026 14:31:06.665] [main/DEBUG] [net.minecraftforge.fml.loading.moddiscovery.ModFileInfo/LOADING]: Found valid mod file YungsBetterEndIsland-1.20-Forge-2.0.6.jar with {betterendisland} mods - versions {1.20-Forge-2.0.6}
[18May2026 14:31:06.766] [main/DEBUG] [net.minecraftforge.fml.loading.moddiscovery.ModFileInfo/LOADING]: Found valid mod file server-1.20.1-20230612.114412-srg.jar with {minecraft} mods - versions {1.20.1}
[18May2026 14:31:06.768] [main/DEBUG] [net.minecraftforge.fml.loading.moddiscovery.ModFileParser/LOADING]: Considering mod file candidate /workspaces/VAlhalla-server/server/libraries/net/minecraftforge/fmlcore/1.20.1-47.4.0/fmlcore-1.20.1-47.4.0.jar
[18May2026 14:31:06.768] [main/WARN] [net.minecraftforge.fml.loading.moddiscovery.ModFileParser/LOADING]: Mod file /workspaces/VAlhalla-server/server/libraries/net/minecraftforge/fmlcore/1.20.1-47.4.0/fmlcore-1.20.1-47.4.0.jar is missing mods.toml file
[18May2026 14:31:06.769] [main/DEBUG] [net.minecraftforge.fml.loading.moddiscovery.ModFileParser/LOADING]: Considering mod file candidate /workspaces/VAlhalla-server/server/libraries/net/minecraftforge/javafmllanguage/1.20.1-47.4.0/javafmllanguage-1.20.1-47.4.0.jar
[18May2026 14:31:06.769] [main/WARN] [net.minecraftforge.fml.loading.moddiscovery.ModFileParser/LOADING]: Mod file /workspaces/VAlhalla-server/server/libraries/net/minecraftforge/javafmllanguage/1.20.1-47.4.0/javafmllanguage-1.20.1-47.4.0.jar is missing mods.toml file
[18May2026 14:31:06.770] [main/DEBUG] [net.minecraftforge.fml.loading.moddiscovery.ModFileParser/LOADING]: Considering mod file candidate /workspaces/VAlhalla-server/server/libraries/net/minecraftforge/lowcodelanguage/1.20.1-47.4.0/lowcodelanguage-1.20.1-47.4.0.jar
[18May2026 14:31:06.770] [main/WARN] [net.minecraftforge.fml.loading.moddiscovery.ModFileParser/LOADING]: Mod file /workspaces/VAlhalla-server/server/libraries/net/minecraftforge/lowcodelanguage/1.20.1-47.4.0/lowcodelanguage-1.20.1-47.4.0.jar is missing mods.toml file
[18May2026 14:31:06.771] [main/DEBUG] [net.minecraftforge.fml.loading.moddiscovery.ModFileParser/LOADING]: Considering mod file candidate /workspaces/VAlhalla-server/server/libraries/net/minecraftforge/mclanguage/1.20.1-47.4.0/mclanguage-1.20.1-47.4.0.jar
[18May2026 14:31:06.771] [main/WARN] [net.minecraftforge.fml.loading.moddiscovery.ModFileParser/LOADING]: Mod file /workspaces/VAlhalla-server/server/libraries/net/minecraftforge/mclanguage/1.20.1-47.4.0/mclanguage-1.20.1-47.4.0.jar is missing mods.toml file
[18May2026 14:31:06.811] [main/DEBUG] [net.minecraftforge.fml.loading.moddiscovery.ModFileParser/LOADING]: Considering mod file candidate /workspaces/VAlhalla-server/server/libraries/net/minecraftforge/forge/1.20.1-47.4.0/forge-1.20.1-47.4.0-universal.jar
[18May2026 14:31:06.812] [main/DEBUG] [net.minecraftforge.fml.loading.moddiscovery.ModFileInfo/LOADING]: Found valid mod file forge-1.20.1-47.4.0-universal.jar with {forge} mods - versions {47.4.0}
[18May2026 14:31:06.822] [main/DEBUG] [net.minecraftforge.fml.loading.moddiscovery.AbstractJarFileDependencyLocator/]: Failed to load resource META-INF/jarjar/metadata.json from weaponmaster_ydm-forge-1.20.1-4.2.3.jar, it does not contain dependency information.
[18May2026 14:31:06.822] [main/DEBUG] [net.minecraftforge.fml.loading.moddiscovery.AbstractJarFileDependencyLocator/]: Failed to load resource META-INF/jarjar/metadata.json from uniquedungeons-0.70.5-74.2.0.jar, it does not contain dependency information.
[18May2026 14:31:06.822] [main/DEBUG] [net.minecraftforge.fml.loading.moddiscovery.AbstractJarFileDependencyLocator/]: Failed to load resource META-INF/jarjar/metadata.json from player-animation-lib-forge-1.0.2-rc1+1.20.jar, it does not contain dependency information.
[18May2026 14:31:06.823] [main/DEBUG] [net.minecraftforge.fml.loading.moddiscovery.AbstractJarFileDependencyLocator/]: Failed to load resource META-INF/jarjar/metadata.json from stalwart-dungeons-1.20.1-1.2.8.jar, it does not contain dependency information.
[18May2026 14:31:06.823] [main/DEBUG] [net.minecraftforge.fml.loading.moddiscovery.AbstractJarFileDependencyLocator/]: Failed to load resource META-INF/jarjar/metadata.json from Incendium_1.20.x_v5.3.5.jar, it does not contain dependency information.
[18May2026 14:31:06.823] [main/DEBUG] [net.minecraftforge.fml.loading.moddiscovery.AbstractJarFileDependencyLocator/]: Failed to load resource META-INF/jarjar/metadata.json from nyfsquiver-1.20.1-forge-1.0.1.jar, it does not contain dependency information.
[18May2026 14:31:06.823] [main/DEBUG] [net.minecraftforge.fml.loading.moddiscovery.AbstractJarFileDependencyLocator/]: Failed to load resource META-INF/jarjar/metadata.json from goety-2.5.53.1.jar, it does not contain dependency information.
[18May2026 14:31:06.823] [main/DEBUG] [net.minecraftforge.fml.loading.moddiscovery.AbstractJarFileDependencyLocator/]: Failed to load resource META-INF/jarjar/metadata.json from Prism-1.20.1-forge-1.0.5.jar, it does not contain dependency information.
[18May2026 14:31:06.823] [main/DEBUG] [net.minecraftforge.fml.loading.moddiscovery.AbstractJarFileDependencyLocator/]: Failed to load resource META-INF/jarjar/metadata.json from Placebo-1.20.1-8.6.3.jar, it does not contain dependency information.
[18May2026 14:31:06.824] [main/DEBUG] [net.minecraftforge.fml.loading.moddiscovery.AbstractJarFileDependencyLocator/]: Failed to load resource META-INF/jarjar/metadata.json from dungeons_and_combat-1.2.4-forge-1.20.1.jar, it does not contain dependency information.
[18May2026 14:31:06.824] [main/DEBUG] [net.minecraftforge.fml.loading.moddiscovery.AbstractJarFileDependencyLocator/]: Failed to load resource META-INF/jarjar/metadata.json from citadel-2.6.3-1.20.1.jar, it does not contain dependency information.
[18May2026 14:31:06.824] [main/DEBUG] [net.minecraftforge.fml.loading.moddiscovery.AbstractJarFileDependencyLocator/]: Failed to load resource META-INF/jarjar/metadata.json from YungsApi-1.20-Forge-4.0.6.jar, it does not contain dependency information.
[18May2026 14:31:06.824] [main/DEBUG] [net.minecraftforge.fml.loading.moddiscovery.AbstractJarFileDependencyLocator/]: Failed to load resource META-INF/jarjar/metadata.json from Kambrik-6.1.1+1.20.1-forge.jar, it does not contain dependency information.
[18May2026 14:31:06.824] [main/DEBUG] [net.minecraftforge.fml.loading.moddiscovery.AbstractJarFileDependencyLocator/]: Failed to load resource META-INF/jarjar/metadata.json from guardvillagers-1.20.1-1.6.17.jar, it does not contain dependency information.
[18May2026 14:31:06.824] [main/DEBUG] [net.minecraftforge.fml.loading.moddiscovery.AbstractJarFileDependencyLocator/]: Failed to load resource META-INF/jarjar/metadata.json from DarkSoulsExpansionv5.2.1.jar, it does not contain dependency information.
[18May2026 14:31:06.824] [main/DEBUG] [net.minecraftforge.fml.loading.moddiscovery.AbstractJarFileDependencyLocator/]: Failed to load resource META-INF/jarjar/metadata.json from sololeveling-0.10.7.5.jar, it does not contain dependency information.
[18May2026 14:31:06.825] [main/DEBUG] [net.minecraftforge.fml.loading.moddiscovery.AbstractJarFileDependencyLocator/]: Failed to load resource META-INF/jarjar/metadata.json from projectile_damage-forge-3.2.2+1.20.1.jar, it does not contain dependency information.
[18May2026 14:31:06.825] [main/DEBUG] [net.minecraftforge.fml.loading.moddiscovery.AbstractJarFileDependencyLocator/]: Failed to load resource META-INF/jarjar/metadata.json from cloth-config-11.1.136-forge.jar, it does not contain dependency information.
[18May2026 14:31:06.825] [main/DEBUG] [net.minecraftforge.fml.loading.moddiscovery.AbstractJarFileDependencyLocator/]: Failed to load resource META-INF/jarjar/metadata.json from twilightforest-1.20.1-4.3.2508-universal.jar, it does not contain dependency information.
[18May2026 14:31:06.825] [main/DEBUG] [net.minecraftforge.fml.loading.moddiscovery.AbstractJarFileDependencyLocator/]: Failed to load resource META-INF/jarjar/metadata.json from slu_9990.3.1.20.1-remade.jar, it does not contain dependency information.
[18May2026 14:31:06.825] [main/DEBUG] [net.minecraftforge.fml.loading.moddiscovery.AbstractJarFileDependencyLocator/]: Failed to load resource META-INF/jarjar/metadata.json from AdvancementPlaques-1.20.1-forge-1.6.9.jar, it does not contain dependency information.
[18May2026 14:31:06.825] [main/DEBUG] [net.minecraftforge.fml.loading.moddiscovery.AbstractJarFileDependencyLocator/]: Failed to load resource META-INF/jarjar/metadata.json from morevillagers-forge-1.20.1-5.0.0.jar, it does not contain dependency information.
[18May2026 14:31:06.826] [main/DEBUG] [net.minecraftforge.fml.loading.moddiscovery.AbstractJarFileDependencyLocator/]: Failed to load resource META-INF/jarjar/metadata.json from block_factorys_bosses-2.1.1-forge-1.20.1.jar, it does not contain dependency information.
[18May2026 14:31:06.826] [main/DEBUG] [net.minecraftforge.fml.loading.moddiscovery.AbstractJarFileDependencyLocator/]: Failed to load resource META-INF/jarjar/metadata.json from MoreBows-1.0.13+1.20.x.forge.jar, it does not contain dependency information.
[18May2026 14:31:06.826] [main/DEBUG] [net.minecraftforge.fml.loading.moddiscovery.AbstractJarFileDependencyLocator/]: Failed to load resource META-INF/jarjar/metadata.json from endrem_forge-5.3.3-R-1.20.1.jar, it does not contain dependency information.
[18May2026 14:31:06.826] [main/DEBUG] [net.minecraftforge.fml.loading.moddiscovery.AbstractJarFileDependencyLocator/]: Failed to load resource META-INF/jarjar/metadata.json from twm-1.3.1-forge-1.20.1.jar, it does not contain dependency information.
[18May2026 14:31:06.826] [main/DEBUG] [net.minecraftforge.fml.loading.moddiscovery.AbstractJarFileDependencyLocator/]: Failed to load resource META-INF/jarjar/metadata.json from tbsfbsp-0.74.jar, it does not contain dependency information.
[18May2026 14:31:06.826] [main/DEBUG] [net.minecraftforge.fml.loading.moddiscovery.AbstractJarFileDependencyLocator/]: Failed to load resource META-INF/jarjar/metadata.json from born_in_chaos_[Forge]1.20.1_1.7.5.jar, it does not contain dependency information.
[18May2026 14:31:06.826] [main/DEBUG] [net.minecraftforge.fml.loading.moddiscovery.AbstractJarFileDependencyLocator/]: Failed to load resource META-INF/jarjar/metadata.json from lionfishapi-3.0.jar, it does not contain dependency information.
[18May2026 14:31:06.827] [main/DEBUG] [net.minecraftforge.fml.loading.moddiscovery.AbstractJarFileDependencyLocator/]: Failed to load resource META-INF/jarjar/metadata.json from spark-1.10.53-forge.jar, it does not contain dependency information.
[18May2026 14:31:06.827] [main/DEBUG] [net.minecraftforge.fml.loading.moddiscovery.AbstractJarFileDependencyLocator/]: Failed to load resource META-INF/jarjar/metadata.json from Bountiful-6.0.4+1.20.1-forge.jar, it does not contain dependency information.
[18May2026 14:31:06.827] [main/DEBUG] [net.minecraftforge.fml.loading.moddiscovery.AbstractJarFileDependencyLocator/]: Failed to load resource META-INF/jarjar/metadata.json from tohiro_ores-1.0.9-forge-1.20.1.jar, it does not contain dependency information.
[18May2026 14:31:06.827] [main/DEBUG] [net.minecraftforge.fml.loading.moddiscovery.AbstractJarFileDependencyLocator/]: Failed to load resource META-INF/jarjar/metadata.json from curios-forge-5.14.1+1.20.1.jar, it does not contain dependency information.
[18May2026 14:31:06.827] [main/DEBUG] [net.minecraftforge.fml.loading.moddiscovery.AbstractJarFileDependencyLocator/]: Failed to load resource META-INF/jarjar/metadata.json from Patchouli-1.20.1-85-FORGE.jar, it does not contain dependency information.
[18May2026 14:31:06.827] [main/DEBUG] [net.minecraftforge.fml.loading.moddiscovery.AbstractJarFileDependencyLocator/]: Failed to load resource META-INF/jarjar/metadata.json from more_bows_and_arrows-merged-1.20.1-5.0.1.jar, it does not contain dependency information.
[18May2026 14:31:06.827] [main/DEBUG] [net.minecraftforge.fml.loading.moddiscovery.AbstractJarFileDependencyLocator/]: Failed to load resource META-INF/jarjar/metadata.json from Cobblemon-forge-1.5.2+1.20.1.jar, it does not contain dependency information.
[18May2026 14:31:06.828] [main/DEBUG] [net.minecraftforge.fml.loading.moddiscovery.AbstractJarFileDependencyLocator/]: Failed to load resource META-INF/jarjar/metadata.json from cumulus_menus-1.20.1-1.0.0-neoforge.jar, it does not contain dependency information.
[18May2026 14:31:06.828] [main/DEBUG] [net.minecraftforge.fml.loading.moddiscovery.AbstractJarFileDependencyLocator/]: Failed to load resource META-INF/jarjar/metadata.json from architectury-9.2.14-forge.jar, it does not contain dependency information.
[18May2026 14:31:06.828] [main/DEBUG] [net.minecraftforge.fml.loading.moddiscovery.AbstractJarFileDependencyLocator/]: Failed to load resource META-INF/jarjar/metadata.json from AI-Improvements-1.20-0.5.2.jar, it does not contain dependency information.
[18May2026 14:31:06.828] [main/DEBUG] [net.minecraftforge.fml.loading.moddiscovery.AbstractJarFileDependencyLocator/]: Failed to load resource META-INF/jarjar/metadata.json from Adorn-5.0.1+1.20.1-forge.jar, it does not contain dependency information.
[18May2026 14:31:06.828] [main/DEBUG] [net.minecraftforge.fml.loading.moddiscovery.AbstractJarFileDependencyLocator/]: Failed to load resource META-INF/jarjar/metadata.json from YungsBetterEndIsland-1.20-Forge-2.0.6.jar, it does not contain dependency information.
[18May2026 14:31:06.828] [main/DEBUG] [net.minecraftforge.fml.loading.moddiscovery.AbstractJarFileDependencyLocator/]: Failed to load resource META-INF/jarjar/metadata.json from monolib-forge-1.20.1-4.0.2.jar, it does not contain dependency information.
[18May2026 14:31:06.828] [main/DEBUG] [net.minecraftforge.fml.loading.moddiscovery.AbstractJarFileDependencyLocator/]: Failed to load resource META-INF/jarjar/metadata.json from huge-structure-blocks-1.0.9-forge.jar, it does not contain dependency information.
[18May2026 14:31:06.828] [main/DEBUG] [net.minecraftforge.fml.loading.moddiscovery.AbstractJarFileDependencyLocator/]: Failed to load resource META-INF/jarjar/metadata.json from RuneCraft-1.20-(v.3.8.7a).jar, it does not contain dependency information.
[18May2026 14:31:06.829] [main/DEBUG] [net.minecraftforge.fml.loading.moddiscovery.AbstractJarFileDependencyLocator/]: Failed to load resource META-INF/jarjar/metadata.json from Towns-and-Towers-1.12-Fabric+Forge.jar, it does not contain dependency information.
[18May2026 14:31:06.829] [main/DEBUG] [net.minecraftforge.fml.loading.moddiscovery.AbstractJarFileDependencyLocator/]: Failed to load resource META-INF/jarjar/metadata.json from epicpaladins-1.0.2-1.20.1-forge.jar, it does not contain dependency information.
[18May2026 14:31:06.829] [main/DEBUG] [net.minecraftforge.fml.loading.moddiscovery.AbstractJarFileDependencyLocator/]: Failed to load resource META-INF/jarjar/metadata.json from humancompanions-1.20.1-1.7.6.jar, it does not contain dependency information.
[18May2026 14:31:06.829] [main/DEBUG] [net.minecraftforge.fml.loading.moddiscovery.AbstractJarFileDependencyLocator/]: Failed to load resource META-INF/jarjar/metadata.json from jei-1.20.1-forge-15.20.0.130.jar, it does not contain dependency information.
[18May2026 14:31:06.829] [main/DEBUG] [net.minecraftforge.fml.loading.moddiscovery.AbstractJarFileDependencyLocator/]: Failed to load resource META-INF/jarjar/metadata.json from lithostitched-forge-1.20.1-1.4.11.jar, it does not contain dependency information.
[18May2026 14:31:06.829] [main/DEBUG] [net.minecraftforge.fml.loading.moddiscovery.AbstractJarFileDependencyLocator/]: Failed to load resource META-INF/jarjar/metadata.json from irons_lib-1.20.1-1.0.2.jar, it does not contain dependency information.
[18May2026 14:31:06.829] [main/DEBUG] [net.minecraftforge.fml.loading.moddiscovery.AbstractJarFileDependencyLocator/]: Failed to load resource META-INF/jarjar/metadata.json from AttributeFix-Forge-1.20.1-21.0.5.jar, it does not contain dependency information.
[18May2026 14:31:06.830] [main/DEBUG] [net.minecraftforge.fml.loading.moddiscovery.AbstractJarFileDependencyLocator/]: Failed to load resource META-INF/jarjar/metadata.json from WeaponsOfMiracles-2.0.15-mc1.20.1-forge.jar, it does not contain dependency information.
[18May2026 14:31:06.830] [main/DEBUG] [net.minecraftforge.fml.loading.moddiscovery.AbstractJarFileDependencyLocator/]: Failed to load resource META-INF/jarjar/metadata.json from gnumus_settlement_[Forge]1.20.1_v1.0.jar, it does not contain dependency information.
[18May2026 14:31:06.830] [main/DEBUG] [net.minecraftforge.fml.loading.moddiscovery.AbstractJarFileDependencyLocator/]: Failed to load resource META-INF/jarjar/metadata.json from caelus-forge-3.2.0+1.20.1.jar, it does not contain dependency information.
[18May2026 14:31:06.830] [main/DEBUG] [net.minecraftforge.fml.loading.moddiscovery.AbstractJarFileDependencyLocator/]: Failed to load resource META-INF/jarjar/metadata.json from realmrpg_skeletons-1.1.0-forge-1.20.1.jar, it does not contain dependency information.
[18May2026 14:31:06.830] [main/DEBUG] [net.minecraftforge.fml.loading.moddiscovery.AbstractJarFileDependencyLocator/]: Failed to load resource META-INF/jarjar/metadata.json from epic-fight-20.14.17-mc1.20.1-forge.jar, it does not contain dependency information.
[18May2026 14:31:06.830] [main/DEBUG] [net.minecraftforge.fml.loading.moddiscovery.AbstractJarFileDependencyLocator/]: Failed to load resource META-INF/jarjar/metadata.json from FastSuite-1.20.1-5.1.2.jar, it does not contain dependency information.
[18May2026 14:31:06.830] [main/DEBUG] [net.minecraftforge.fml.loading.moddiscovery.AbstractJarFileDependencyLocator/]: Failed to load resource META-INF/jarjar/metadata.json from Clumps-forge-1.20.1-12.0.0.4.jar, it does not contain dependency information.
[18May2026 14:31:06.831] [main/DEBUG] [net.minecraftforge.fml.loading.moddiscovery.AbstractJarFileDependencyLocator/]: Failed to load resource META-INF/jarjar/metadata.json from mobhealthbar-forge-1.20.x-2.3.0.jar, it does not contain dependency information.
[18May2026 14:31:06.831] [main/DEBUG] [net.minecraftforge.fml.loading.moddiscovery.AbstractJarFileDependencyLocator/]: Failed to load resource META-INF/jarjar/metadata.json from travelersbackpack-forge-1.20.1-9.1.54.jar, it does not contain dependency information.
[18May2026 14:31:06.831] [main/DEBUG] [net.minecraftforge.fml.loading.moddiscovery.AbstractJarFileDependencyLocator/]: Failed to load resource META-INF/jarjar/metadata.json from ExplorersCompass-1.20.1-1.4.0-forge.jar, it does not contain dependency information.
[18May2026 14:31:06.831] [main/DEBUG] [net.minecraftforge.fml.loading.moddiscovery.AbstractJarFileDependencyLocator/]: Failed to load resource META-INF/jarjar/metadata.json from iceandfire-2.1.13-1.20.1-beta-5.jar, it does not contain dependency information.
[18May2026 14:31:06.831] [main/DEBUG] [net.minecraftforge.fml.loading.moddiscovery.AbstractJarFileDependencyLocator/]: Failed to load resource META-INF/jarjar/metadata.json from Terralith_1.20.x_v2.5.4.jar, it does not contain dependency information.
[18May2026 14:31:06.831] [main/DEBUG] [net.minecraftforge.fml.loading.moddiscovery.AbstractJarFileDependencyLocator/]: Failed to load resource META-INF/jarjar/metadata.json from memoryleakfix-forge-1.17+-1.1.5.jar, it does not contain dependency information.
[18May2026 14:31:06.831] [main/DEBUG] [net.minecraftforge.fml.loading.moddiscovery.AbstractJarFileDependencyLocator/]: Failed to load resource META-INF/jarjar/metadata.json from interaction_boxes-0.693.jar, it does not contain dependency information.
[18May2026 14:31:06.832] [main/DEBUG] [net.minecraftforge.fml.loading.moddiscovery.AbstractJarFileDependencyLocator/]: Failed to load resource META-INF/jarjar/metadata.json from watut-forge-1.20.1-1.2.3.jar, it does not contain dependency information.
[18May2026 14:31:06.832] [main/DEBUG] [net.minecraftforge.fml.loading.moddiscovery.AbstractJarFileDependencyLocator/]: Failed to load resource META-INF/jarjar/metadata.json from LuckPerms-Forge-5.4.102.jar, it does not contain dependency information.
[18May2026 14:31:06.832] [main/DEBUG] [net.minecraftforge.fml.loading.moddiscovery.AbstractJarFileDependencyLocator/]: Failed to load resource META-INF/jarjar/metadata.json from DungeonsAriseSevenSeas-1.20.x-1.0.2-forge.jar, it does not contain dependency information.
[18May2026 14:31:06.832] [main/DEBUG] [net.minecraftforge.fml.loading.moddiscovery.AbstractJarFileDependencyLocator/]: Failed to load resource META-INF/jarjar/metadata.json from forge-1.20.1-47.4.0-universal.jar, it does not contain dependency information.
[18May2026 14:31:06.832] [main/DEBUG] [net.minecraftforge.fml.loading.moddiscovery.AbstractJarFileDependencyLocator/]: Failed to load resource META-INF/jarjar/metadata.json from withering-heights-alpha-1.jar, it does not contain dependency information.
[18May2026 14:31:06.832] [main/DEBUG] [net.minecraftforge.fml.loading.moddiscovery.AbstractJarFileDependencyLocator/]: Failed to load resource META-INF/jarjar/metadata.json from TravelersTitles-1.20-Forge-4.0.2.jar, it does not contain dependency information.
[18May2026 14:31:06.832] [main/DEBUG] [net.minecraftforge.fml.loading.moddiscovery.AbstractJarFileDependencyLocator/]: Failed to load resource META-INF/jarjar/metadata.json from tl_skin_cape_forge_1.20-1.38.jar, it does not contain dependency information.
[18May2026 14:31:06.833] [main/DEBUG] [net.minecraftforge.fml.loading.moddiscovery.AbstractJarFileDependencyLocator/]: Failed to load resource META-INF/jarjar/metadata.json from DungeonsArise-1.20.1-2.1.57-release.jar, it does not contain dependency information.
[18May2026 14:31:06.833] [main/DEBUG] [net.minecraftforge.fml.loading.moddiscovery.AbstractJarFileDependencyLocator/]: Failed to load resource META-INF/jarjar/metadata.json from server-1.20.1-20230612.114412-srg.jar, it does not contain dependency information.
[18May2026 14:31:06.833] [main/DEBUG] [net.minecraftforge.fml.loading.moddiscovery.AbstractJarFileDependencyLocator/]: Failed to load resource META-INF/jarjar/metadata.json from TConstruct-1.20.1-3.11.2.166.jar, it does not contain dependency information.
[18May2026 14:31:06.833] [main/DEBUG] [net.minecraftforge.fml.loading.moddiscovery.AbstractJarFileDependencyLocator/]: Failed to load resource META-INF/jarjar/metadata.json from emi-1.1.24+1.20.1+forge.jar, it does not contain dependency information.
[18May2026 14:31:06.833] [main/DEBUG] [net.minecraftforge.fml.loading.moddiscovery.AbstractJarFileDependencyLocator/]: Failed to load resource META-INF/jarjar/metadata.json from ToolBelt-1.20.1-1.20.03.jar, it does not contain dependency information.
[18May2026 14:31:06.834] [main/DEBUG] [net.minecraftforge.fml.loading.moddiscovery.AbstractJarFileDependencyLocator/]: Failed to load resource META-INF/jarjar/metadata.json from Corgilib-Forge-1.20.1-4.0.3.4.jar, it does not contain dependency information.
[18May2026 14:31:06.834] [main/DEBUG] [net.minecraftforge.fml.loading.moddiscovery.AbstractJarFileDependencyLocator/]: Failed to load resource META-INF/jarjar/metadata.json from weaponmaster-1.4.3-1.20.1.jar, it does not contain dependency information.
[18May2026 14:31:06.834] [main/DEBUG] [net.minecraftforge.fml.loading.moddiscovery.AbstractJarFileDependencyLocator/]: Failed to load resource META-INF/jarjar/metadata.json from Iceberg-1.20.1-forge-1.1.25.jar, it does not contain dependency information.
[18May2026 14:31:06.834] [main/DEBUG] [net.minecraftforge.fml.loading.moddiscovery.AbstractJarFileDependencyLocator/]: Failed to load resource META-INF/jarjar/metadata.json from Mantle-1.20.1-1.11.104.jar, it does not contain dependency information.
[18May2026 14:31:06.834] [main/DEBUG] [net.minecraftforge.fml.loading.moddiscovery.AbstractJarFileDependencyLocator/]: Failed to load resource META-INF/jarjar/metadata.json from gravestone-forge-1.20.1-1.0.35.jar, it does not contain dependency information.
[18May2026 14:31:06.834] [main/DEBUG] [net.minecraftforge.fml.loading.moddiscovery.AbstractJarFileDependencyLocator/]: Failed to load resource META-INF/jarjar/metadata.json from FastWorkbench-1.20.1-8.0.4.jar, it does not contain dependency information.
[18May2026 14:31:06.834] [main/DEBUG] [net.minecraftforge.fml.loading.moddiscovery.AbstractJarFileDependencyLocator/]: Failed to load resource META-INF/jarjar/metadata.json from irons_spellbooks-1.20.1-3.15.6.jar, it does not contain dependency information.
[18May2026 14:31:06.835] [main/DEBUG] [net.minecraftforge.fml.loading.moddiscovery.AbstractJarFileDependencyLocator/]: Failed to load resource META-INF/jarjar/metadata.json from dacxirons-1.5.4.jar, it does not contain dependency information.
[18May2026 14:31:06.835] [main/DEBUG] [net.minecraftforge.fml.loading.moddiscovery.AbstractJarFileDependencyLocator/]: Failed to load resource META-INF/jarjar/metadata.json from hardcorerevival-forge-1.20.1-12.0.11.jar, it does not contain dependency information.
[18May2026 14:31:06.835] [main/DEBUG] [net.minecraftforge.fml.loading.moddiscovery.AbstractJarFileDependencyLocator/]: Failed to load resource META-INF/jarjar/metadata.json from coroutil-forge-1.20.1-1.3.7.jar, it does not contain dependency information.
[18May2026 14:31:06.835] [main/DEBUG] [net.minecraftforge.fml.loading.moddiscovery.AbstractJarFileDependencyLocator/]: Failed to load resource META-INF/jarjar/metadata.json from FastFurnace-1.20.1-8.0.2.jar, it does not contain dependency information.
[18May2026 14:31:06.835] [main/DEBUG] [net.minecraftforge.fml.loading.moddiscovery.AbstractJarFileDependencyLocator/]: Failed to load resource META-INF/jarjar/metadata.json from ferritecore-6.0.1-forge.jar, it does not contain dependency information.
[18May2026 14:31:06.835] [main/DEBUG] [net.minecraftforge.fml.loading.moddiscovery.AbstractJarFileDependencyLocator/]: Failed to load resource META-INF/jarjar/metadata.json from Aquaculture-1.20.1-2.5.7.jar, it does not contain dependency information.
[18May2026 14:31:06.835] [main/DEBUG] [net.minecraftforge.fml.loading.moddiscovery.AbstractJarFileDependencyLocator/]: Failed to load resource META-INF/jarjar/metadata.json from mclanguage-1.20.1-47.4.0.jar, it does not contain dependency information.
[18May2026 14:31:06.836] [main/DEBUG] [net.minecraftforge.fml.loading.moddiscovery.AbstractJarFileDependencyLocator/]: Failed to load resource META-INF/jarjar/metadata.json from javafmllanguage-1.20.1-47.4.0.jar, it does not contain dependency information.
[18May2026 14:31:06.836] [main/DEBUG] [net.minecraftforge.fml.loading.moddiscovery.AbstractJarFileDependencyLocator/]: Failed to load resource META-INF/jarjar/metadata.json from fmlcore-1.20.1-47.4.0.jar, it does not contain dependency information.
[18May2026 14:31:06.836] [main/DEBUG] [net.minecraftforge.fml.loading.moddiscovery.AbstractJarFileDependencyLocator/]: Failed to load resource META-INF/jarjar/metadata.json from lowcodelanguage-1.20.1-47.4.0.jar, it does not contain dependency information.
[18May2026 14:31:06.877] [main/DEBUG] [net.minecraftforge.fml.loading.moddiscovery.ModFileParser/LOADING]: Considering mod file candidate 
[18May2026 14:31:06.878] [main/DEBUG] [net.minecraftforge.fml.loading.moddiscovery.ModFileInfo/LOADING]: Found valid mod file mixinextras-forge-0.2.0-beta.8.jar with {mixinextras} mods - versions {0.2.0-beta.8}
[18May2026 14:31:06.886] [main/DEBUG] [net.minecraftforge.fml.loading.moddiscovery.ModFileParser/LOADING]: Considering mod file candidate 
[18May2026 14:31:06.886] [main/DEBUG] [net.minecraftforge.fml.loading.moddiscovery.ModFileInfo/LOADING]: Found valid mod file geckolib-forge-1.20.1-4.4.4.jar with {geckolib} mods - versions {4.4.4}
[18May2026 14:31:06.894] [main/DEBUG] [net.minecraftforge.fml.loading.moddiscovery.ModFileParser/LOADING]: Considering mod file candidate 
[18May2026 14:31:06.894] [main/DEBUG] [net.minecraftforge.fml.loading.moddiscovery.ModFileInfo/LOADING]: Found valid mod file xaerolib-forge-1.20.1-1.1.15.jar with {xaerolib} mods - versions {1.1.15}
[18May2026 14:31:06.915] [main/DEBUG] [net.minecraftforge.fml.loading.moddiscovery.ModFileParser/LOADING]: Considering mod file candidate 
[18May2026 14:31:06.916] [main/DEBUG] [net.minecraftforge.fml.loading.moddiscovery.ModFileInfo/LOADING]: Found valid mod file xaerolib-forge-1.20.1-1.1.15.jar with {xaerolib} mods - versions {1.1.15}
[18May2026 14:31:06.920] [main/DEBUG] [net.minecraftforge.fml.loading.moddiscovery.ModFileParser/LOADING]: Considering mod file candidate 
[18May2026 14:31:06.920] [main/DEBUG] [net.minecraftforge.fml.loading.moddiscovery.ModFileInfo/LOADING]: Found valid mod file mixinextras-forge-0.4.0.jar with {mixinextras} mods - versions {0.4.0}
[18May2026 14:31:06.922] [main/DEBUG] [net.minecraftforge.fml.loading.moddiscovery.ModFileParser/LOADING]: Considering mod file candidate 
[18May2026 14:31:06.922] [main/DEBUG] [net.minecraftforge.fml.loading.moddiscovery.ModFileInfo/LOADING]: Found valid mod file mixinextras-forge-0.2.0-beta.9.jar with {mixinextras} mods - versions {0.2.0-beta.9}
[18May2026 14:31:06.945] [main/DEBUG] [net.minecraftforge.fml.loading.moddiscovery.ModFileParser/LOADING]: Considering mod file candidate 
[18May2026 14:31:06.946] [main/DEBUG] [net.minecraftforge.fml.loading.moddiscovery.ModFileInfo/LOADING]: Found valid mod file nitrogen_internals-1.20.1-1.0.12-neoforge.jar with {nitrogen_internals} mods - versions {1.20.1-1.0.12-neoforge}
[18May2026 14:31:06.949] [main/DEBUG] [net.minecraftforge.fml.loading.moddiscovery.ModFileParser/LOADING]: Considering mod file candidate 
[18May2026 14:31:06.949] [main/DEBUG] [net.minecraftforge.fml.loading.moddiscovery.ModFileInfo/LOADING]: Found valid mod file cumulus_menus-1.20.1-1.0.1-neoforge.jar with {cumulus_menus} mods - versions {1.20.1-1.0.1-neoforge}
[18May2026 14:31:06.955] [main/DEBUG] [net.minecraftforge.fml.loading.moddiscovery.ModFileParser/LOADING]: Considering mod file candidate 
[18May2026 14:31:06.955] [main/DEBUG] [net.minecraftforge.fml.loading.moddiscovery.ModFileInfo/LOADING]: Found valid mod file curios-forge-5.6.1+1.20.1.jar with {curios} mods - versions {5.6.1+1.20.1}
[18May2026 14:31:06.957] [main/DEBUG] [net.minecraftforge.fml.loading.moddiscovery.ModFileParser/LOADING]: Considering mod file candidate 
[18May2026 14:31:06.957] [main/DEBUG] [net.minecraftforge.fml.loading.moddiscovery.ModFileInfo/LOADING]: Found valid mod file mixinextras-forge-0.3.6.jar with {mixinextras} mods - versions {0.3.6}
[18May2026 14:31:06.958] [main/DEBUG] [net.minecraftforge.fml.loading.moddiscovery.ModFileParser/LOADING]: Considering mod file candidate 
[18May2026 14:31:06.959] [main/DEBUG] [net.minecraftforge.fml.loading.moddiscovery.ModFileInfo/LOADING]: Found valid mod file mixinsquared-forge-0.1.1.jar with {mixinsquared} mods - versions {0.1.1}
[18May2026 14:31:06.960] [main/DEBUG] [net.minecraftforge.fml.loading.moddiscovery.ModFileParser/LOADING]: Considering mod file candidate 
[18May2026 14:31:06.961] [main/DEBUG] [net.minecraftforge.fml.loading.moddiscovery.ModFileInfo/LOADING]: Found valid mod file mixinextras-forge-0.3.6.jar with {mixinextras} mods - versions {0.3.6}
[18May2026 14:31:06.962] [main/DEBUG] [net.minecraftforge.fml.loading.moddiscovery.ModFileParser/LOADING]: Considering mod file candidate 
[18May2026 14:31:06.963] [main/DEBUG] [net.minecraftforge.fml.loading.moddiscovery.ModFileInfo/LOADING]: Found valid mod file kuma-api-forge-20.1.12+1.20.1.jar with {kuma_api} mods - versions {20.1.12}
[18May2026 14:31:06.964] [main/DEBUG] [net.minecraftforge.fml.loading.moddiscovery.ModFileParser/LOADING]: Considering mod file candidate 
[18May2026 14:31:06.964] [main/DEBUG] [net.minecraftforge.fml.loading.moddiscovery.ModFileInfo/LOADING]: Found valid mod file mixinextras-forge-0.4.1.jar with {mixinextras} mods - versions {0.4.1}
[18May2026 14:31:06.966] [main/DEBUG] [net.minecraftforge.fml.loading.moddiscovery.ModFileParser/LOADING]: Considering mod file candidate 
[18May2026 14:31:06.966] [main/DEBUG] [net.minecraftforge.fml.loading.moddiscovery.ModFileInfo/LOADING]: Found valid mod file mixinextras-forge-0.3.5.jar with {mixinextras} mods - versions {0.3.5}
[18May2026 14:31:06.971] [main/DEBUG] [net.minecraftforge.fml.loading.moddiscovery.ModFileParser/LOADING]: Considering mod file candidate 
[18May2026 14:31:06.972] [main/DEBUG] [net.minecraftforge.fml.loading.moddiscovery.ModFileInfo/LOADING]: Found valid mod file mixinextras-forge-0.2.0.jar with {mixinextras} mods - versions {0.2.0}
[18May2026 14:31:06.977] [main/DEBUG] [net.minecraftforge.fml.loading.moddiscovery.ModFileParser/LOADING]: Considering mod file candidate 
[18May2026 14:31:06.978] [main/DEBUG] [net.minecraftforge.fml.loading.moddiscovery.ModFileInfo/LOADING]: Found valid mod file kffmod-4.12.0.jar with {kotlinforforge} mods - versions {4.12.0}
[18May2026 14:31:06.985] [main/DEBUG] [net.minecraftforge.fml.loading.moddiscovery.AbstractJarFileDependencyLocator/]: Failed to load resource META-INF/jarjar/metadata.json from xaerolib-forge-1.20.1-1.1.15.jar, it does not contain dependency information.
[18May2026 14:31:06.985] [main/DEBUG] [net.minecraftforge.fml.loading.moddiscovery.AbstractJarFileDependencyLocator/]: Failed to load resource META-INF/jarjar/metadata.json from toml4j-0.7.2.jar, it does not contain dependency information.
[18May2026 14:31:06.985] [main/DEBUG] [net.minecraftforge.fml.loading.moddiscovery.AbstractJarFileDependencyLocator/]: Failed to load resource META-INF/jarjar/metadata.json from jankson-1.2.3.jar, it does not contain dependency information.
[18May2026 14:31:07.003] [main/DEBUG] [net.minecraftforge.fml.loading.moddiscovery.AbstractJarFileDependencyLocator/]: Failed to load resource META-INF/jarjar/metadata.json from mclib-20.jar, it does not contain dependency information.
[18May2026 14:31:07.003] [main/DEBUG] [net.minecraftforge.fml.loading.moddiscovery.AbstractJarFileDependencyLocator/]: Failed to load resource META-INF/jarjar/metadata.json from NanoLiveConfig-1.2.1.jar, it does not contain dependency information.
[18May2026 14:31:07.003] [main/DEBUG] [net.minecraftforge.fml.loading.moddiscovery.AbstractJarFileDependencyLocator/]: Failed to load resource META-INF/jarjar/metadata.json from xaerolib-forge-1.20.1-1.1.15.jar, it does not contain dependency information.
[18May2026 14:31:07.029] [main/DEBUG] [net.minecraftforge.fml.loading.moddiscovery.AbstractJarFileDependencyLocator/]: Failed to load resource META-INF/jarjar/metadata.json from nitrogen_internals-1.20.1-1.0.12-neoforge.jar, it does not contain dependency information.
[18May2026 14:31:07.030] [main/DEBUG] [net.minecraftforge.fml.loading.moddiscovery.AbstractJarFileDependencyLocator/]: Failed to load resource META-INF/jarjar/metadata.json from cumulus_menus-1.20.1-1.0.1-neoforge.jar, it does not contain dependency information.
[18May2026 14:31:07.030] [main/DEBUG] [net.minecraftforge.fml.loading.moddiscovery.AbstractJarFileDependencyLocator/]: Failed to load resource META-INF/jarjar/metadata.json from curios-forge-5.6.1+1.20.1.jar, it does not contain dependency information.
[18May2026 14:31:07.044] [main/DEBUG] [net.minecraftforge.fml.loading.moddiscovery.AbstractJarFileDependencyLocator/]: Failed to load resource META-INF/jarjar/metadata.json from kuma-api-forge-20.1.12+1.20.1.jar, it does not contain dependency information.
[18May2026 14:31:07.081] [main/DEBUG] [net.minecraftforge.fml.loading.moddiscovery.AbstractJarFileDependencyLocator/]: Failed to load resource META-INF/jarjar/metadata.json from kfflang-4.12.0.jar, it does not contain dependency information.
[18May2026 14:31:07.081] [main/DEBUG] [net.minecraftforge.fml.loading.moddiscovery.AbstractJarFileDependencyLocator/]: Failed to load resource META-INF/jarjar/metadata.json from kfflib-4.12.0.jar, it does not contain dependency information.
[18May2026 14:31:07.081] [main/DEBUG] [net.minecraftforge.fml.loading.moddiscovery.AbstractJarFileDependencyLocator/]: Failed to load resource META-INF/jarjar/metadata.json from kffmod-4.12.0.jar, it does not contain dependency information.
[18May2026 14:31:07.081] [main/DEBUG] [net.minecraftforge.fml.loading.moddiscovery.AbstractJarFileDependencyLocator/]: Failed to load resource META-INF/jarjar/metadata.json from MixinExtras-0.2.0-beta.8.jar, it does not contain dependency information.
[18May2026 14:31:07.082] [main/DEBUG] [net.minecraftforge.fml.loading.moddiscovery.AbstractJarFileDependencyLocator/]: Failed to load resource META-INF/jarjar/metadata.json from mclib-20.jar, it does not contain dependency information.
[18May2026 14:31:07.082] [main/DEBUG] [net.minecraftforge.fml.loading.moddiscovery.AbstractJarFileDependencyLocator/]: Failed to load resource META-INF/jarjar/metadata.json from MixinExtras-0.5.0.jar, it does not contain dependency information.
[18May2026 14:31:07.082] [main/DEBUG] [net.minecraftforge.fml.loading.moddiscovery.AbstractJarFileDependencyLocator/]: Failed to load resource META-INF/jarjar/metadata.json from MixinExtras-0.5.0.jar, it does not contain dependency information.
[18May2026 14:31:07.082] [main/DEBUG] [net.minecraftforge.fml.loading.moddiscovery.AbstractJarFileDependencyLocator/]: Failed to load resource META-INF/jarjar/metadata.json from MixinExtras-0.4.0.jar, it does not contain dependency information.
[18May2026 14:31:07.082] [main/DEBUG] [net.minecraftforge.fml.loading.moddiscovery.AbstractJarFileDependencyLocator/]: Failed to load resource META-INF/jarjar/metadata.json from MixinExtras-0.2.0-beta.9.jar, it does not contain dependency information.
[18May2026 14:31:07.082] [main/DEBUG] [net.minecraftforge.fml.loading.moddiscovery.AbstractJarFileDependencyLocator/]: Failed to load resource META-INF/jarjar/metadata.json from MixinExtras-0.3.6.jar, it does not contain dependency information.
[18May2026 14:31:07.082] [main/DEBUG] [net.minecraftforge.fml.loading.moddiscovery.AbstractJarFileDependencyLocator/]: Failed to load resource META-INF/jarjar/metadata.json from MixinSquared-0.1.1.jar, it does not contain dependency information.
[18May2026 14:31:07.082] [main/DEBUG] [net.minecraftforge.fml.loading.moddiscovery.AbstractJarFileDependencyLocator/]: Failed to load resource META-INF/jarjar/metadata.json from MixinExtras-0.3.6.jar, it does not contain dependency information.
[18May2026 14:31:07.083] [main/DEBUG] [net.minecraftforge.fml.loading.moddiscovery.AbstractJarFileDependencyLocator/]: Failed to load resource META-INF/jarjar/metadata.json from MixinExtras-0.4.1.jar, it does not contain dependency information.
[18May2026 14:31:07.083] [main/DEBUG] [net.minecraftforge.fml.loading.moddiscovery.AbstractJarFileDependencyLocator/]: Failed to load resource META-INF/jarjar/metadata.json from MixinExtras-0.3.5.jar, it does not contain dependency information.
[18May2026 14:31:07.083] [main/DEBUG] [net.minecraftforge.fml.loading.moddiscovery.AbstractJarFileDependencyLocator/]: Failed to load resource META-INF/jarjar/metadata.json from MixinExtras-0.5.3.jar, it does not contain dependency information.
[18May2026 14:31:07.083] [main/DEBUG] [net.minecraftforge.fml.loading.moddiscovery.AbstractJarFileDependencyLocator/]: Failed to load resource META-INF/jarjar/metadata.json from MixinExtras-0.2.0.jar, it does not contain dependency information.
[18May2026 14:31:07.119] [main/DEBUG] [net.minecraftforge.fml.loading.moddiscovery.ModFileParser/LOADING]: Considering mod file candidate 
[18May2026 14:31:07.120] [main/DEBUG] [net.minecraftforge.fml.loading.moddiscovery.ModFileInfo/LOADING]: Found valid mod file mixinextras-forge-0.2.0-beta.9.jar with {mixinextras} mods - versions {0.2.0-beta.9}
[18May2026 14:31:07.127] [main/DEBUG] [net.minecraftforge.fml.loading.moddiscovery.ModFileParser/LOADING]: Considering mod file candidate 
[18May2026 14:31:07.128] [main/DEBUG] [net.minecraftforge.fml.loading.moddiscovery.ModFileInfo/LOADING]: Found valid mod file geckolib-forge-1.20.1-4.4.4.jar with {geckolib} mods - versions {4.4.4}
[18May2026 14:31:07.133] [main/DEBUG] [net.minecraftforge.fml.loading.moddiscovery.ModFileParser/LOADING]: Considering mod file candidate 
[18May2026 14:31:07.133] [main/DEBUG] [net.minecraftforge.fml.loading.moddiscovery.ModFileInfo/LOADING]: Found valid mod file nitrogen_internals-1.20.1-1.0.12-neoforge.jar with {nitrogen_internals} mods - versions {1.20.1-1.0.12-neoforge}
[18May2026 14:31:07.134] [main/DEBUG] [net.minecraftforge.fml.loading.moddiscovery.ModFileParser/LOADING]: Considering mod file candidate 
[18May2026 14:31:07.134] [main/DEBUG] [net.minecraftforge.fml.loading.moddiscovery.ModFileInfo/LOADING]: Found valid mod file mixinsquared-forge-0.1.1.jar with {mixinsquared} mods - versions {0.1.1}
[18May2026 14:31:07.136] [main/DEBUG] [net.minecraftforge.fml.loading.moddiscovery.ModFileParser/LOADING]: Considering mod file candidate 
[18May2026 14:31:07.137] [main/DEBUG] [net.minecraftforge.fml.loading.moddiscovery.ModFileInfo/LOADING]: Found valid mod file cumulus_menus-1.20.1-1.0.1-neoforge.jar with {cumulus_menus} mods - versions {1.20.1-1.0.1-neoforge}
[18May2026 14:31:07.140] [main/DEBUG] [net.minecraftforge.fml.loading.moddiscovery.ModFileParser/LOADING]: Considering mod file candidate 
[18May2026 14:31:07.141] [main/DEBUG] [net.minecraftforge.fml.loading.moddiscovery.ModFileInfo/LOADING]: Found valid mod file curios-forge-5.6.1+1.20.1.jar with {curios} mods - versions {5.6.1+1.20.1}
[18May2026 14:31:07.147] [main/DEBUG] [net.minecraftforge.fml.loading.moddiscovery.ModFileParser/LOADING]: Considering mod file candidate 
[18May2026 14:31:07.147] [main/DEBUG] [net.minecraftforge.fml.loading.moddiscovery.ModFileInfo/LOADING]: Found valid mod file kffmod-4.12.0.jar with {kotlinforforge} mods - versions {4.12.0}
[18May2026 14:31:07.155] [main/DEBUG] [net.minecraftforge.fml.loading.moddiscovery.ModFileParser/LOADING]: Considering mod file candidate 
[18May2026 14:31:07.156] [main/DEBUG] [net.minecraftforge.fml.loading.moddiscovery.ModFileInfo/LOADING]: Found valid mod file xaerolib-forge-1.20.1-1.1.15.jar with {xaerolib} mods - versions {1.1.15}
[18May2026 14:31:07.159] [main/DEBUG] [net.minecraftforge.fml.loading.moddiscovery.ModFileParser/LOADING]: Considering mod file candidate 
[18May2026 14:31:07.160] [main/DEBUG] [net.minecraftforge.fml.loading.moddiscovery.ModFileInfo/LOADING]: Found valid mod file kuma-api-forge-20.1.12+1.20.1.jar with {kuma_api} mods - versions {20.1.12}
[18May2026 14:31:07.162] [main/WARN] [net.minecraftforge.jarjar.selection.JarSelector/]: Attempted to select a dependency jar for JarJar which was passed in as source: cumulus_menus. Using Mod File: /workspaces/VAlhalla-server/server/mods/cumulus_menus-1.20.1-1.0.0-neoforge.jar
[18May2026 14:31:07.163] [main/WARN] [net.minecraftforge.jarjar.selection.JarSelector/]: Attempted to select a dependency jar for JarJar which was passed in as source: geckolib. Using Mod File: /workspaces/VAlhalla-server/server/mods/geckolib-forge-1.20.1-4.8.3.jar
[18May2026 14:31:07.163] [main/WARN] [net.minecraftforge.jarjar.selection.JarSelector/]: Attempted to select a dependency jar for JarJar which was passed in as source: curios. Using Mod File: /workspaces/VAlhalla-server/server/mods/curios-forge-5.14.1+1.20.1.jar
[18May2026 14:31:07.163] [main/INFO] [net.minecraftforge.fml.loading.moddiscovery.JarInJarDependencyLocator/]: Found 15 dependencies adding them to mods collection
[18May2026 14:31:07.164] [main/DEBUG] [net.minecraftforge.fml.loading.UniqueModListBuilder/]: Found 2 mods for first modid mixinextras, selecting most recent based on version data
[18May2026 14:31:07.165] [main/DEBUG] [net.minecraftforge.fml.loading.UniqueModListBuilder/]: Selected file mixinextras-forge-0.5.3.jar for modid mixinextras with version 0.5.3
[18May2026 14:31:07.167] [main/DEBUG] [net.minecraftforge.fml.loading.moddiscovery.ModFileParser/LOADING]: Considering mod file candidate /workspaces/VAlhalla-server/server/mods/weaponmaster_ydm-forge-1.20.1-4.2.3.jar
[18May2026 14:31:07.167] [main/DEBUG] [net.minecraftforge.fml.loading.moddiscovery.ModFileInfo/LOADING]: Found valid mod file weaponmaster_ydm-forge-1.20.1-4.2.3.jar with {weaponmaster_ydm} mods - versions {4.2.3}
[18May2026 14:31:07.170] [main/DEBUG] [net.minecraftforge.fml.loading.moddiscovery.ModFile/LOADING]: Loading mod file /workspaces/VAlhalla-server/server/mods/weaponmaster_ydm-forge-1.20.1-4.2.3.jar with languages [LanguageSpec[languageName=javafml, acceptedVersions=[30,)]]
[18May2026 14:31:07.171] [main/DEBUG] [net.minecraftforge.fml.loading.moddiscovery.ModFileParser/LOADING]: Considering mod file candidate /workspaces/VAlhalla-server/server/mods/uniquedungeons-0.70.5-74.2.0.jar
[18May2026 14:31:07.172] [main/DEBUG] [net.minecraftforge.fml.loading.moddiscovery.ModFileInfo/LOADING]: Found valid mod file uniquedungeons-0.70.5-74.2.0.jar with {uniquedungeons} mods - versions {0.70.5}
[18May2026 14:31:07.172] [main/DEBUG] [net.minecraftforge.fml.loading.moddiscovery.ModFile/LOADING]: Loading mod file /workspaces/VAlhalla-server/server/mods/uniquedungeons-0.70.5-74.2.0.jar with languages [LanguageSpec[languageName=javafml, acceptedVersions=[36,)]]
[18May2026 14:31:07.172] [main/DEBUG] [net.minecraftforge.fml.loading.moddiscovery.ModFileParser/LOADING]: Considering mod file candidate 
[18May2026 14:31:07.172] [main/DEBUG] [net.minecraftforge.fml.loading.moddiscovery.ModFileInfo/LOADING]: Found valid mod file kuma-api-forge-20.1.12+1.20.1.jar with {kuma_api} mods - versions {20.1.12}
[18May2026 14:31:07.172] [main/DEBUG] [net.minecraftforge.fml.loading.moddiscovery.ModFile/LOADING]: Loading mod file  with languages [LanguageSpec[languageName=javafml, acceptedVersions=[47,)]]
[18May2026 14:31:07.173] [main/DEBUG] [net.minecraftforge.fml.loading.moddiscovery.ModFileParser/LOADING]: Considering mod file candidate /workspaces/VAlhalla-server/server/mods/geckolib-forge-1.20.1-4.8.3.jar
[18May2026 14:31:07.173] [main/DEBUG] [net.minecraftforge.fml.loading.moddiscovery.ModFileInfo/LOADING]: Found valid mod file geckolib-forge-1.20.1-4.8.3.jar with {geckolib} mods - versions {4.8.3}
[18May2026 14:31:07.173] [main/DEBUG] [net.minecraftforge.fml.loading.moddiscovery.ModFile/LOADING]: Loading mod file /workspaces/VAlhalla-server/server/mods/geckolib-forge-1.20.1-4.8.3.jar with languages [LanguageSpec[languageName=javafml, acceptedVersions=[47,)]]
[18May2026 14:31:07.173] [main/DEBUG] [net.minecraftforge.fml.loading.moddiscovery.ModFileParser/LOADING]: Considering mod file candidate /workspaces/VAlhalla-server/server/mods/player-animation-lib-forge-1.0.2-rc1+1.20.jar
[18May2026 14:31:07.173] [main/DEBUG] [net.minecraftforge.fml.loading.moddiscovery.ModFileInfo/LOADING]: Found valid mod file player-animation-lib-forge-1.0.2-rc1+1.20.jar with {playeranimator} mods - versions {1.0.2-rc1+1.20}
[18May2026 14:31:07.174] [main/DEBUG] [net.minecraftforge.fml.loading.moddiscovery.ModFile/LOADING]: Loading mod file /workspaces/VAlhalla-server/server/mods/player-animation-lib-forge-1.0.2-rc1+1.20.jar with languages [LanguageSpec[languageName=javafml, acceptedVersions=[46.0.0,)]]
[18May2026 14:31:07.174] [main/DEBUG] [net.minecraftforge.fml.loading.moddiscovery.ModFileParser/LOADING]: Considering mod file candidate /workspaces/VAlhalla-server/server/mods/aether-1.20.1-1.5.2-neoforge.jar
[18May2026 14:31:07.174] [main/DEBUG] [net.minecraftforge.fml.loading.moddiscovery.ModFileInfo/LOADING]: Found valid mod file aether-1.20.1-1.5.2-neoforge.jar with {aether} mods - versions {1.20.1-1.5.2-neoforge}
[18May2026 14:31:07.174] [main/DEBUG] [net.minecraftforge.fml.loading.moddiscovery.ModFile/LOADING]: Loading mod file /workspaces/VAlhalla-server/server/mods/aether-1.20.1-1.5.2-neoforge.jar with languages [LanguageSpec[languageName=javafml, acceptedVersions=[47,)]]
[18May2026 14:31:07.174] [main/DEBUG] [net.minecraftforge.fml.loading.moddiscovery.ModFileParser/LOADING]: Considering mod file candidate /workspaces/VAlhalla-server/server/mods/Incendium_1.20.x_v5.3.5.jar
[18May2026 14:31:07.175] [main/DEBUG] [net.minecraftforge.fml.loading.moddiscovery.ModFileInfo/LOADING]: Found valid mod file Incendium_1.20.x_v5.3.5.jar with {incendium} mods - versions {5.3.5}
[18May2026 14:31:07.175] [main/DEBUG] [net.minecraftforge.fml.loading.moddiscovery.ModFile/LOADING]: Loading mod file /workspaces/VAlhalla-server/server/mods/Incendium_1.20.x_v5.3.5.jar with languages [LanguageSpec[languageName=lowcodefml, acceptedVersions=[1,)]]
[18May2026 14:31:07.175] [main/DEBUG] [net.minecraftforge.fml.loading.moddiscovery.ModFileParser/LOADING]: Considering mod file candidate /workspaces/VAlhalla-server/server/mods/stalwart-dungeons-1.20.1-1.2.8.jar
[18May2026 14:31:07.175] [main/DEBUG] [net.minecraftforge.fml.loading.moddiscovery.ModFileInfo/LOADING]: Found valid mod file stalwart-dungeons-1.20.1-1.2.8.jar with {stalwart_dungeons} mods - versions {1.2.8}
[18May2026 14:31:07.175] [main/DEBUG] [net.minecraftforge.fml.loading.moddiscovery.ModFile/LOADING]: Loading mod file /workspaces/VAlhalla-server/server/mods/stalwart-dungeons-1.20.1-1.2.8.jar with languages [LanguageSpec[languageName=javafml, acceptedVersions=[47,)]]
[18May2026 14:31:07.175] [main/DEBUG] [net.minecraftforge.fml.loading.moddiscovery.ModFileParser/LOADING]: Considering mod file candidate /workspaces/VAlhalla-server/server/mods/nyfsquiver-1.20.1-forge-1.0.1.jar
[18May2026 14:31:07.176] [main/DEBUG] [net.minecraftforge.fml.loading.moddiscovery.ModFileInfo/LOADING]: Found valid mod file nyfsquiver-1.20.1-forge-1.0.1.jar with {nyfsquiver} mods - versions {1.18.1-0.7.0}
[18May2026 14:31:07.176] [main/DEBUG] [net.minecraftforge.fml.loading.moddiscovery.ModFile/LOADING]: Loading mod file /workspaces/VAlhalla-server/server/mods/nyfsquiver-1.20.1-forge-1.0.1.jar with languages [LanguageSpec[languageName=javafml, acceptedVersions=[36,)]]
[18May2026 14:31:07.176] [main/DEBUG] [net.minecraftforge.fml.loading.moddiscovery.ModFileParser/LOADING]: Considering mod file candidate /workspaces/VAlhalla-server/server/mods/goety-2.5.53.1.jar
[18May2026 14:31:07.177] [main/DEBUG] [net.minecraftforge.fml.loading.moddiscovery.ModFileInfo/LOADING]: Found valid mod file goety-2.5.53.1.jar with {goety} mods - versions {2.5.53.1}
[18May2026 14:31:07.177] [main/DEBUG] [net.minecraftforge.fml.loading.moddiscovery.ModFile/LOADING]: Loading mod file /workspaces/VAlhalla-server/server/mods/goety-2.5.53.1.jar with languages [LanguageSpec[languageName=javafml, acceptedVersions=[47,)]]
[18May2026 14:31:07.177] [main/DEBUG] [net.minecraftforge.fml.loading.moddiscovery.ModFileParser/LOADING]: Considering mod file candidate /workspaces/VAlhalla-server/server/mods/xaeroworldmap-forge-1.20.1-1.40.16.jar
[18May2026 14:31:07.177] [main/DEBUG] [net.minecraftforge.fml.loading.moddiscovery.ModFileInfo/LOADING]: Found valid mod file xaeroworldmap-forge-1.20.1-1.40.16.jar with {xaeroworldmap} mods - versions {1.40.16}
[18May2026 14:31:07.178] [main/DEBUG] [net.minecraftforge.fml.loading.moddiscovery.ModFile/LOADING]: Loading mod file /workspaces/VAlhalla-server/server/mods/xaeroworldmap-forge-1.20.1-1.40.16.jar with languages [LanguageSpec[languageName=javafml, acceptedVersions=[46,48)]]
[18May2026 14:31:07.180] [main/DEBUG] [net.minecraftforge.fml.loading.moddiscovery.ModFileParser/LOADING]: Found coremod xaeroworldmap_core with Javascript path META-INF/xaeroworldmap_core.js
[18May2026 14:31:07.180] [main/DEBUG] [net.minecraftforge.fml.loading.moddiscovery.ModFile/LOADING]: Found coremod META-INF/xaeroworldmap_core.js
[18May2026 14:31:07.180] [main/DEBUG] [net.minecraftforge.fml.loading.moddiscovery.ModFileParser/LOADING]: Considering mod file candidate /workspaces/VAlhalla-server/server/mods/citadel-2.6.3-1.20.1.jar
[18May2026 14:31:07.181] [main/DEBUG] [net.minecraftforge.fml.loading.moddiscovery.ModFileInfo/LOADING]: Found valid mod file citadel-2.6.3-1.20.1.jar with {citadel} mods - versions {2.6.3}
[18May2026 14:31:07.181] [main/DEBUG] [net.minecraftforge.fml.loading.moddiscovery.ModFile/LOADING]: Loading mod file /workspaces/VAlhalla-server/server/mods/citadel-2.6.3-1.20.1.jar with languages [LanguageSpec[languageName=javafml, acceptedVersions=[47,)]]
[18May2026 14:31:07.181] [main/DEBUG] [net.minecraftforge.fml.loading.moddiscovery.ModFileParser/LOADING]: Considering mod file candidate /workspaces/VAlhalla-server/server/mods/dungeons_and_combat-1.2.4-forge-1.20.1.jar
[18May2026 14:31:07.182] [main/DEBUG] [net.minecraftforge.fml.loading.moddiscovery.ModFileInfo/LOADING]: Found valid mod file dungeons_and_combat-1.2.4-forge-1.20.1.jar with {dungeons_and_combat} mods - versions {1.2.4}
[18May2026 14:31:07.182] [main/DEBUG] [net.minecraftforge.fml.loading.moddiscovery.ModFile/LOADING]: Loading mod file /workspaces/VAlhalla-server/server/mods/dungeons_and_combat-1.2.4-forge-1.20.1.jar with languages [LanguageSpec[languageName=javafml, acceptedVersions=[47,)]]
[18May2026 14:31:07.182] [main/DEBUG] [net.minecraftforge.fml.loading.moddiscovery.ModFileParser/LOADING]: Considering mod file candidate /workspaces/VAlhalla-server/server/mods/modernfix-forge-5.27.24+mc1.20.1.jar
[18May2026 14:31:07.182] [main/DEBUG] [net.minecraftforge.fml.loading.moddiscovery.ModFileInfo/LOADING]: Found valid mod file modernfix-forge-5.27.24+mc1.20.1.jar with {modernfix} mods - versions {5.27.24+mc1.20.1}
[18May2026 14:31:07.182] [main/DEBUG] [net.minecraftforge.fml.loading.moddiscovery.ModFile/LOADING]: Loading mod file /workspaces/VAlhalla-server/server/mods/modernfix-forge-5.27.24+mc1.20.1.jar with languages [LanguageSpec[languageName=javafml, acceptedVersions=[46,)]]
[18May2026 14:31:07.183] [main/DEBUG] [net.minecraftforge.fml.loading.moddiscovery.ModFileParser/LOADING]: Considering mod file candidate /workspaces/VAlhalla-server/server/mods/Placebo-1.20.1-8.6.3.jar
[18May2026 14:31:07.183] [main/DEBUG] [net.minecraftforge.fml.loading.moddiscovery.ModFileInfo/LOADING]: Found valid mod file Placebo-1.20.1-8.6.3.jar with {placebo} mods - versions {8.6.3}
[18May2026 14:31:07.183] [main/DEBUG] [net.minecraftforge.fml.loading.moddiscovery.ModFile/LOADING]: Loading mod file /workspaces/VAlhalla-server/server/mods/Placebo-1.20.1-8.6.3.jar with languages [LanguageSpec[languageName=javafml, acceptedVersions=[32,)]]
[18May2026 14:31:07.184] [main/DEBUG] [net.minecraftforge.fml.loading.moddiscovery.ModFileParser/LOADING]: Found coremod placebo_get_ench_level_event with Javascript path coremods/get_ench_level_event.js
[18May2026 14:31:07.184] [main/DEBUG] [net.minecraftforge.fml.loading.moddiscovery.ModFileParser/LOADING]: Found coremod placebo_get_ench_level_event_specific with Javascript path coremods/get_ench_level_event_specific.js
[18May2026 14:31:07.184] [main/DEBUG] [net.minecraftforge.fml.loading.moddiscovery.ModFile/LOADING]: Found coremod coremods/get_ench_level_event.js
[18May2026 14:31:07.184] [main/DEBUG] [net.minecraftforge.fml.loading.moddiscovery.ModFile/LOADING]: Found coremod coremods/get_ench_level_event_specific.js
[18May2026 14:31:07.184] [main/DEBUG] [net.minecraftforge.fml.loading.moddiscovery.ModFileParser/LOADING]: Considering mod file candidate /workspaces/VAlhalla-server/server/mods/Prism-1.20.1-forge-1.0.5.jar
[18May2026 14:31:07.184] [main/DEBUG] [net.minecraftforge.fml.loading.moddiscovery.ModFileInfo/LOADING]: Found valid mod file Prism-1.20.1-forge-1.0.5.jar with {prism} mods - versions {1.0.5}
[18May2026 14:31:07.184] [main/DEBUG] [net.minecraftforge.fml.loading.moddiscovery.ModFile/LOADING]: Loading mod file /workspaces/VAlhalla-server/server/mods/Prism-1.20.1-forge-1.0.5.jar with languages [LanguageSpec[languageName=javafml, acceptedVersions=[46,)]]
[18May2026 14:31:07.184] [main/DEBUG] [net.minecraftforge.fml.loading.moddiscovery.ModFileParser/LOADING]: Considering mod file candidate /workspaces/VAlhalla-server/server/mods/YungsApi-1.20-Forge-4.0.6.jar
[18May2026 14:31:07.185] [main/DEBUG] [net.minecraftforge.fml.loading.moddiscovery.ModFileInfo/LOADING]: Found valid mod file YungsApi-1.20-Forge-4.0.6.jar with {yungsapi} mods - versions {1.20-Forge-4.0.6}
[18May2026 14:31:07.185] [main/DEBUG] [net.minecraftforge.fml.loading.moddiscovery.ModFile/LOADING]: Loading mod file /workspaces/VAlhalla-server/server/mods/YungsApi-1.20-Forge-4.0.6.jar with languages [LanguageSpec[languageName=javafml, acceptedVersions=[46,)]]
[18May2026 14:31:07.185] [main/DEBUG] [net.minecraftforge.fml.loading.moddiscovery.ModFileParser/LOADING]: Considering mod file candidate /workspaces/VAlhalla-server/server/mods/Kambrik-6.1.1+1.20.1-forge.jar
[18May2026 14:31:07.185] [main/DEBUG] [net.minecraftforge.fml.loading.moddiscovery.ModFileInfo/LOADING]: Found valid mod file Kambrik-6.1.1+1.20.1-forge.jar with {kambrik} mods - versions {6.1.1+1.20.1}
[18May2026 14:31:07.185] [main/DEBUG] [net.minecraftforge.fml.loading.moddiscovery.ModFile/LOADING]: Loading mod file /workspaces/VAlhalla-server/server/mods/Kambrik-6.1.1+1.20.1-forge.jar with languages [LanguageSpec[languageName=kotlinforforge, acceptedVersions=[4,)]]
[18May2026 14:31:07.186] [main/DEBUG] [net.minecraftforge.fml.loading.moddiscovery.ModFileParser/LOADING]: Considering mod file candidate /workspaces/VAlhalla-server/server/mods/guardvillagers-1.20.1-1.6.17.jar
[18May2026 14:31:07.186] [main/DEBUG] [net.minecraftforge.fml.loading.moddiscovery.ModFileInfo/LOADING]: Found valid mod file guardvillagers-1.20.1-1.6.17.jar with {guardvillagers} mods - versions {1.20.1-1.6.17}
[18May2026 14:31:07.186] [main/DEBUG] [net.minecraftforge.fml.loading.moddiscovery.ModFile/LOADING]: Loading mod file /workspaces/VAlhalla-server/server/mods/guardvillagers-1.20.1-1.6.17.jar with languages [LanguageSpec[languageName=javafml, acceptedVersions=[46,)]]
[18May2026 14:31:07.186] [main/DEBUG] [net.minecraftforge.fml.loading.moddiscovery.ModFileParser/LOADING]: Considering mod file candidate /workspaces/VAlhalla-server/server/mods/DarkSoulsExpansionv5.2.1.jar
[18May2026 14:31:07.187] [main/DEBUG] [net.minecraftforge.fml.loading.moddiscovery.ModFileInfo/LOADING]: Found valid mod file DarkSoulsExpansionv5.2.1.jar with {dark_souls_expansion} mods - versions {5.2.1}
[18May2026 14:31:07.187] [main/DEBUG] [net.minecraftforge.fml.loading.moddiscovery.ModFile/LOADING]: Loading mod file /workspaces/VAlhalla-server/server/mods/DarkSoulsExpansionv5.2.1.jar with languages [LanguageSpec[languageName=javafml, acceptedVersions=[47,)]]
[18May2026 14:31:07.187] [main/DEBUG] [net.minecraftforge.fml.loading.moddiscovery.ModFileParser/LOADING]: Considering mod file candidate /workspaces/VAlhalla-server/server/mods/sololeveling-0.10.7.5.jar
[18May2026 14:31:07.187] [main/DEBUG] [net.minecraftforge.fml.loading.moddiscovery.ModFileInfo/LOADING]: Found valid mod file sololeveling-0.10.7.5.jar with {sololeveling} mods - versions {0.10.7.5}
[18May2026 14:31:07.188] [main/DEBUG] [net.minecraftforge.fml.loading.moddiscovery.ModFile/LOADING]: Loading mod file /workspaces/VAlhalla-server/server/mods/sololeveling-0.10.7.5.jar with languages [LanguageSpec[languageName=javafml, acceptedVersions=[47,)]]
[18May2026 14:31:07.188] [main/DEBUG] [net.minecraftforge.fml.loading.moddiscovery.ModFileParser/LOADING]: Considering mod file candidate /workspaces/VAlhalla-server/server/mods/balm-forge-1.20.1-7.3.38-all.jar
[18May2026 14:31:07.188] [main/DEBUG] [net.minecraftforge.fml.loading.moddiscovery.ModFileInfo/LOADING]: Found valid mod file balm-forge-1.20.1-7.3.38-all.jar with {balm} mods - versions {7.3.38}
[18May2026 14:31:07.188] [main/DEBUG] [net.minecraftforge.fml.loading.moddiscovery.ModFile/LOADING]: Loading mod file /workspaces/VAlhalla-server/server/mods/balm-forge-1.20.1-7.3.38-all.jar with languages [LanguageSpec[languageName=javafml, acceptedVersions=[46,)]]
[18May2026 14:31:07.188] [main/DEBUG] [net.minecraftforge.fml.loading.moddiscovery.ModFileParser/LOADING]: Considering mod file candidate /workspaces/VAlhalla-server/server/mods/projectile_damage-forge-3.2.2+1.20.1.jar
[18May2026 14:31:07.189] [main/DEBUG] [net.minecraftforge.fml.loading.moddiscovery.ModFileInfo/LOADING]: Found valid mod file projectile_damage-forge-3.2.2+1.20.1.jar with {projectile_damage} mods - versions {3.2.2+1.20.1}
[18May2026 14:31:07.189] [main/DEBUG] [net.minecraftforge.fml.loading.moddiscovery.ModFile/LOADING]: Loading mod file /workspaces/VAlhalla-server/server/mods/projectile_damage-forge-3.2.2+1.20.1.jar with languages [LanguageSpec[languageName=javafml, acceptedVersions=[39,)]]
[18May2026 14:31:07.189] [main/DEBUG] [net.minecraftforge.fml.loading.moddiscovery.ModFileParser/LOADING]: Considering mod file candidate /workspaces/VAlhalla-server/server/mods/cloth-config-11.1.136-forge.jar
[18May2026 14:31:07.190] [main/DEBUG] [net.minecraftforge.fml.loading.moddiscovery.ModFileInfo/LOADING]: Found valid mod file cloth-config-11.1.136-forge.jar with {cloth_config} mods - versions {11.1.136}
[18May2026 14:31:07.190] [main/DEBUG] [net.minecraftforge.fml.loading.moddiscovery.ModFile/LOADING]: Loading mod file /workspaces/VAlhalla-server/server/mods/cloth-config-11.1.136-forge.jar with languages [LanguageSpec[languageName=javafml, acceptedVersions=[34,)]]
[18May2026 14:31:07.190] [main/DEBUG] [net.minecraftforge.fml.loading.moddiscovery.ModFileParser/LOADING]: Considering mod file candidate /workspaces/VAlhalla-server/server/mods/twilightforest-1.20.1-4.3.2508-universal.jar
[18May2026 14:31:07.190] [main/DEBUG] [net.minecraftforge.fml.loading.moddiscovery.ModFileInfo/LOADING]: Found valid mod file twilightforest-1.20.1-4.3.2508-universal.jar with {twilightforest} mods - versions {4.3.2508}
[18May2026 14:31:07.190] [main/DEBUG] [net.minecraftforge.fml.loading.moddiscovery.ModFile/LOADING]: Loading mod file /workspaces/VAlhalla-server/server/mods/twilightforest-1.20.1-4.3.2508-universal.jar with languages [LanguageSpec[languageName=javafml, acceptedVersions=[47,)]]
[18May2026 14:31:07.191] [main/DEBUG] [net.minecraftforge.fml.loading.moddiscovery.ModFileParser/LOADING]: Found coremod seed with Javascript path META-INF/asm/seed.js
[18May2026 14:31:07.191] [main/DEBUG] [net.minecraftforge.fml.loading.moddiscovery.ModFileParser/LOADING]: Found coremod maprendercontext with Javascript path META-INF/asm/maprendercontext.js
[18May2026 14:31:07.191] [main/DEBUG] [net.minecraftforge.fml.loading.moddiscovery.ModFileParser/LOADING]: Found coremod music with Javascript path META-INF/asm/music.js
[18May2026 14:31:07.191] [main/DEBUG] [net.minecraftforge.fml.loading.moddiscovery.ModFileParser/LOADING]: Found coremod multipart with Javascript path META-INF/asm/multipart.js
[18May2026 14:31:07.191] [main/DEBUG] [net.minecraftforge.fml.loading.moddiscovery.ModFileParser/LOADING]: Found coremod foliage with Javascript path META-INF/asm/foliage.js
[18May2026 14:31:07.191] [main/DEBUG] [net.minecraftforge.fml.loading.moddiscovery.ModFileParser/LOADING]: Found coremod mount with Javascript path META-INF/asm/mount.js
[18May2026 14:31:07.191] [main/DEBUG] [net.minecraftforge.fml.loading.moddiscovery.ModFileParser/LOADING]: Found coremod book with Javascript path META-INF/asm/book.js
[18May2026 14:31:07.191] [main/DEBUG] [net.minecraftforge.fml.loading.moddiscovery.ModFileParser/LOADING]: Found coremod conquered with Javascript path META-INF/asm/conquered.js
[18May2026 14:31:07.191] [main/DEBUG] [net.minecraftforge.fml.loading.moddiscovery.ModFileParser/LOADING]: Found coremod reach with Javascript path META-INF/asm/reach.js
[18May2026 14:31:07.191] [main/DEBUG] [net.minecraftforge.fml.loading.moddiscovery.ModFileParser/LOADING]: Found coremod shroom with Javascript path META-INF/asm/shroom.js
[18May2026 14:31:07.191] [main/DEBUG] [net.minecraftforge.fml.loading.moddiscovery.ModFileParser/LOADING]: Found coremod cloud with Javascript path META-INF/asm/cloud.js
[18May2026 14:31:07.191] [main/DEBUG] [net.minecraftforge.fml.loading.moddiscovery.ModFileParser/LOADING]: Found coremod lead with Javascript path META-INF/asm/lead.js
[18May2026 14:31:07.192] [main/DEBUG] [net.minecraftforge.fml.loading.moddiscovery.ModFile/LOADING]: Found coremod META-INF/asm/seed.js
[18May2026 14:31:07.192] [main/DEBUG] [net.minecraftforge.fml.loading.moddiscovery.ModFile/LOADING]: Found coremod META-INF/asm/maprendercontext.js
[18May2026 14:31:07.192] [main/DEBUG] [net.minecraftforge.fml.loading.moddiscovery.ModFile/LOADING]: Found coremod META-INF/asm/music.js
[18May2026 14:31:07.192] [main/DEBUG] [net.minecraftforge.fml.loading.moddiscovery.ModFile/LOADING]: Found coremod META-INF/asm/multipart.js
[18May2026 14:31:07.192] [main/DEBUG] [net.minecraftforge.fml.loading.moddiscovery.ModFile/LOADING]: Found coremod META-INF/asm/foliage.js
[18May2026 14:31:07.192] [main/DEBUG] [net.minecraftforge.fml.loading.moddiscovery.ModFile/LOADING]: Found coremod META-INF/asm/mount.js
[18May2026 14:31:07.192] [main/DEBUG] [net.minecraftforge.fml.loading.moddiscovery.ModFile/LOADING]: Found coremod META-INF/asm/book.js
[18May2026 14:31:07.192] [main/DEBUG] [net.minecraftforge.fml.loading.moddiscovery.ModFile/LOADING]: Found coremod META-INF/asm/conquered.js
[18May2026 14:31:07.192] [main/DEBUG] [net.minecraftforge.fml.loading.moddiscovery.ModFile/LOADING]: Found coremod META-INF/asm/reach.js
[18May2026 14:31:07.192] [main/DEBUG] [net.minecraftforge.fml.loading.moddiscovery.ModFile/LOADING]: Found coremod META-INF/asm/shroom.js
[18May2026 14:31:07.192] [main/DEBUG] [net.minecraftforge.fml.loading.moddiscovery.ModFile/LOADING]: Found coremod META-INF/asm/cloud.js
[18May2026 14:31:07.192] [main/DEBUG] [net.minecraftforge.fml.loading.moddiscovery.ModFile/LOADING]: Found coremod META-INF/asm/lead.js
[18May2026 14:31:07.192] [main/DEBUG] [net.minecraftforge.fml.loading.moddiscovery.ModFileParser/LOADING]: Considering mod file candidate /workspaces/VAlhalla-server/server/mods/embeddium-0.3.32-beta.9999+mc1.20.1.jar
[18May2026 14:31:07.193] [main/DEBUG] [net.minecraftforge.fml.loading.moddiscovery.ModFileInfo/LOADING]: Found valid mod file embeddium-0.3.32-beta.9999+mc1.20.1.jar with {embeddium,rubidium} mods - versions {0.3.32-beta.9999+mc1.20.1,0.7.1}
[18May2026 14:31:07.193] [main/DEBUG] [net.minecraftforge.fml.loading.moddiscovery.ModFile/LOADING]: Loading mod file /workspaces/VAlhalla-server/server/mods/embeddium-0.3.32-beta.9999+mc1.20.1.jar with languages [LanguageSpec[languageName=javafml, acceptedVersions=[47,)]]
[18May2026 14:31:07.193] [main/DEBUG] [net.minecraftforge.fml.loading.moddiscovery.ModFileParser/LOADING]: Considering mod file candidate /workspaces/VAlhalla-server/server/mods/AdvancementPlaques-1.20.1-forge-1.6.9.jar
[18May2026 14:31:07.194] [main/DEBUG] [net.minecraftforge.fml.loading.moddiscovery.ModFileInfo/LOADING]: Found valid mod file AdvancementPlaques-1.20.1-forge-1.6.9.jar with {advancementplaques} mods - versions {1.6.9}
[18May2026 14:31:07.194] [main/DEBUG] [net.minecraftforge.fml.loading.moddiscovery.ModFile/LOADING]: Loading mod file /workspaces/VAlhalla-server/server/mods/AdvancementPlaques-1.20.1-forge-1.6.9.jar with languages [LanguageSpec[languageName=javafml, acceptedVersions=[47,)]]
[18May2026 14:31:07.194] [main/DEBUG] [net.minecraftforge.fml.loading.moddiscovery.ModFileParser/LOADING]: Considering mod file candidate /workspaces/VAlhalla-server/server/mods/slu_9990.3.1.20.1-remade.jar
[18May2026 14:31:07.194] [main/DEBUG] [net.minecraftforge.fml.loading.moddiscovery.ModFileInfo/LOADING]: Found valid mod file slu_9990.3.1.20.1-remade.jar with {slu} mods - versions {9982.3.1.20.1}
[18May2026 14:31:07.194] [main/DEBUG] [net.minecraftforge.fml.loading.moddiscovery.ModFile/LOADING]: Loading mod file /workspaces/VAlhalla-server/server/mods/slu_9990.3.1.20.1-remade.jar with languages [LanguageSpec[languageName=javafml, acceptedVersions=[47,)]]
[18May2026 14:31:07.194] [main/DEBUG] [net.minecraftforge.fml.loading.moddiscovery.ModFileParser/LOADING]: Considering mod file candidate /workspaces/VAlhalla-server/server/mods/morevillagers-forge-1.20.1-5.0.0.jar
[18May2026 14:31:07.195] [main/DEBUG] [net.minecraftforge.fml.loading.moddiscovery.ModFileInfo/LOADING]: Found valid mod file morevillagers-forge-1.20.1-5.0.0.jar with {morevillagers} mods - versions {5.0.0}
[18May2026 14:31:07.195] [main/DEBUG] [net.minecraftforge.fml.loading.moddiscovery.ModFile/LOADING]: Loading mod file /workspaces/VAlhalla-server/server/mods/morevillagers-forge-1.20.1-5.0.0.jar with languages [LanguageSpec[languageName=javafml, acceptedVersions=[41,)]]
[18May2026 14:31:07.195] [main/DEBUG] [net.minecraftforge.fml.loading.moddiscovery.ModFileParser/LOADING]: Considering mod file candidate /workspaces/VAlhalla-server/server/mods/block_factorys_bosses-2.1.1-forge-1.20.1.jar
[18May2026 14:31:07.196] [main/DEBUG] [net.minecraftforge.fml.loading.moddiscovery.ModFileInfo/LOADING]: Found valid mod file block_factorys_bosses-2.1.1-forge-1.20.1.jar with {block_factorys_bosses} mods - versions {2.1.1}
[18May2026 14:31:07.196] [main/DEBUG] [net.minecraftforge.fml.loading.moddiscovery.ModFile/LOADING]: Loading mod file /workspaces/VAlhalla-server/server/mods/block_factorys_bosses-2.1.1-forge-1.20.1.jar with languages [LanguageSpec[languageName=javafml, acceptedVersions=[4,)]]
[18May2026 14:31:07.196] [main/DEBUG] [net.minecraftforge.fml.loading.moddiscovery.ModFileParser/LOADING]: Considering mod file candidate /workspaces/VAlhalla-server/server/mods/MoreBows-1.0.13+1.20.x.forge.jar
[18May2026 14:31:07.196] [main/DEBUG] [net.minecraftforge.fml.loading.moddiscovery.ModFileInfo/LOADING]: Found valid mod file MoreBows-1.0.13+1.20.x.forge.jar with {morebows} mods - versions {1.0.13}
[18May2026 14:31:07.196] [main/DEBUG] [net.minecraftforge.fml.loading.moddiscovery.ModFile/LOADING]: Loading mod file /workspaces/VAlhalla-server/server/mods/MoreBows-1.0.13+1.20.x.forge.jar with languages [LanguageSpec[languageName=javafml, acceptedVersions=[46,)]]
[18May2026 14:31:07.196] [main/DEBUG] [net.minecraftforge.fml.loading.moddiscovery.ModFileParser/LOADING]: Considering mod file candidate /workspaces/VAlhalla-server/server/mods/endrem_forge-5.3.3-R-1.20.1.jar
[18May2026 14:31:07.197] [main/DEBUG] [net.minecraftforge.fml.loading.moddiscovery.ModFileInfo/LOADING]: Found valid mod file endrem_forge-5.3.3-R-1.20.1.jar with {endrem} mods - versions {5.3.3-R-1.20.1}
[18May2026 14:31:07.197] [main/DEBUG] [net.minecraftforge.fml.loading.moddiscovery.ModFile/LOADING]: Loading mod file /workspaces/VAlhalla-server/server/mods/endrem_forge-5.3.3-R-1.20.1.jar with languages [LanguageSpec[languageName=javafml, acceptedVersions=[46,)]]
[18May2026 14:31:07.197] [main/DEBUG] [net.minecraftforge.fml.loading.moddiscovery.ModFileParser/LOADING]: Considering mod file candidate /workspaces/VAlhalla-server/server/mods/twm-1.3.1-forge-1.20.1.jar
[18May2026 14:31:07.198] [main/DEBUG] [net.minecraftforge.fml.loading.moddiscovery.ModFileInfo/LOADING]: Found valid mod file twm-1.3.1-forge-1.20.1.jar with {twm} mods - versions {1.3.1}
[18May2026 14:31:07.198] [main/DEBUG] [net.minecraftforge.fml.loading.moddiscovery.ModFile/LOADING]: Loading mod file /workspaces/VAlhalla-server/server/mods/twm-1.3.1-forge-1.20.1.jar with languages [LanguageSpec[languageName=javafml, acceptedVersions=[47,)]]
[18May2026 14:31:07.198] [main/DEBUG] [net.minecraftforge.fml.loading.moddiscovery.ModFileParser/LOADING]: Considering mod file candidate /workspaces/VAlhalla-server/server/mods/tbsfbsp-0.74.jar
[18May2026 14:31:07.198] [main/DEBUG] [net.minecraftforge.fml.loading.moddiscovery.ModFileInfo/LOADING]: Found valid mod file tbsfbsp-0.74.jar with {tbsfbsp} mods - versions {0.74}
[18May2026 14:31:07.198] [main/DEBUG] [net.minecraftforge.fml.loading.moddiscovery.ModFile/LOADING]: Loading mod file /workspaces/VAlhalla-server/server/mods/tbsfbsp-0.74.jar with languages [LanguageSpec[languageName=javafml, acceptedVersions=[36,)]]
[18May2026 14:31:07.198] [main/DEBUG] [net.minecraftforge.fml.loading.moddiscovery.ModFileParser/LOADING]: Considering mod file candidate /workspaces/VAlhalla-server/server/mods/born_in_chaos_[Forge]1.20.1_1.7.5.jar
[18May2026 14:31:07.199] [main/DEBUG] [net.minecraftforge.fml.loading.moddiscovery.ModFileInfo/LOADING]: Found valid mod file born_in_chaos_[Forge]1.20.1_1.7.5.jar with {born_in_chaos_v1} mods - versions {1.7.5}
[18May2026 14:31:07.199] [main/DEBUG] [net.minecraftforge.fml.loading.moddiscovery.ModFile/LOADING]: Loading mod file /workspaces/VAlhalla-server/server/mods/born_in_chaos_[Forge]1.20.1_1.7.5.jar with languages [LanguageSpec[languageName=javafml, acceptedVersions=[47,)]]
[18May2026 14:31:07.199] [main/DEBUG] [net.minecraftforge.fml.loading.moddiscovery.ModFileParser/LOADING]: Considering mod file candidate /workspaces/VAlhalla-server/server/mods/lionfishapi-3.0.jar
[18May2026 14:31:07.199] [main/DEBUG] [net.minecraftforge.fml.loading.moddiscovery.ModFileInfo/LOADING]: Found valid mod file lionfishapi-3.0.jar with {lionfishapi} mods - versions {3.0}
[18May2026 14:31:07.199] [main/DEBUG] [net.minecraftforge.fml.loading.moddiscovery.ModFile/LOADING]: Loading mod file /workspaces/VAlhalla-server/server/mods/lionfishapi-3.0.jar with languages [LanguageSpec[languageName=javafml, acceptedVersions=[47,)]]
[18May2026 14:31:07.200] [main/DEBUG] [net.minecraftforge.fml.loading.moddiscovery.ModFileParser/LOADING]: Considering mod file candidate /workspaces/VAlhalla-server/server/mods/Bountiful-6.0.4+1.20.1-forge.jar
[18May2026 14:31:07.200] [main/DEBUG] [net.minecraftforge.fml.loading.moddiscovery.ModFileInfo/LOADING]: Found valid mod file Bountiful-6.0.4+1.20.1-forge.jar with {bountiful} mods - versions {6.0.4+1.20.1}
[18May2026 14:31:07.200] [main/DEBUG] [net.minecraftforge.fml.loading.moddiscovery.ModFile/LOADING]: Loading mod file /workspaces/VAlhalla-server/server/mods/Bountiful-6.0.4+1.20.1-forge.jar with languages [LanguageSpec[languageName=kotlinforforge, acceptedVersions=[4,)]]
[18May2026 14:31:07.200] [main/DEBUG] [net.minecraftforge.fml.loading.moddiscovery.ModFileParser/LOADING]: Considering mod file candidate /workspaces/VAlhalla-server/server/mods/spark-1.10.53-forge.jar
[18May2026 14:31:07.201] [main/DEBUG] [net.minecraftforge.fml.loading.moddiscovery.ModFileInfo/LOADING]: Found valid mod file spark-1.10.53-forge.jar with {spark} mods - versions {1.10.53}
[18May2026 14:31:07.201] [main/DEBUG] [net.minecraftforge.fml.loading.moddiscovery.ModFile/LOADING]: Loading mod file /workspaces/VAlhalla-server/server/mods/spark-1.10.53-forge.jar with languages [LanguageSpec[languageName=javafml, acceptedVersions=[34,)]]
[18May2026 14:31:07.201] [main/DEBUG] [net.minecraftforge.fml.loading.moddiscovery.ModFileParser/LOADING]: Considering mod file candidate /workspaces/VAlhalla-server/server/mods/tohiro_ores-1.0.9-forge-1.20.1.jar
[18May2026 14:31:07.201] [main/DEBUG] [net.minecraftforge.fml.loading.moddiscovery.ModFileInfo/LOADING]: Found valid mod file tohiro_ores-1.0.9-forge-1.20.1.jar with {tohiro_ores} mods - versions {1.0.9}
[18May2026 14:31:07.202] [main/DEBUG] [net.minecraftforge.fml.loading.moddiscovery.ModFile/LOADING]: Loading mod file /workspaces/VAlhalla-server/server/mods/tohiro_ores-1.0.9-forge-1.20.1.jar with languages [LanguageSpec[languageName=javafml, acceptedVersions=[47,)]]
[18May2026 14:31:07.202] [main/DEBUG] [net.minecraftforge.fml.loading.moddiscovery.ModFileParser/LOADING]: Considering mod file candidate /workspaces/VAlhalla-server/server/mods/curios-forge-5.14.1+1.20.1.jar
[18May2026 14:31:07.202] [main/DEBUG] [net.minecraftforge.fml.loading.moddiscovery.ModFileInfo/LOADING]: Found valid mod file curios-forge-5.14.1+1.20.1.jar with {curios} mods - versions {5.14.1+1.20.1}
[18May2026 14:31:07.203] [main/DEBUG] [net.minecraftforge.fml.loading.moddiscovery.ModFile/LOADING]: Loading mod file /workspaces/VAlhalla-server/server/mods/curios-forge-5.14.1+1.20.1.jar with languages [LanguageSpec[languageName=javafml, acceptedVersions=[41,)]]
[18May2026 14:31:07.203] [main/DEBUG] [net.minecraftforge.fml.loading.moddiscovery.ModFileParser/LOADING]: Considering mod file candidate /workspaces/VAlhalla-server/server/mods/L_Enders_Cataclysm-3.27-curios-fix.jar
[18May2026 14:31:07.203] [main/DEBUG] [net.minecraftforge.fml.loading.moddiscovery.ModFileInfo/LOADING]: Found valid mod file L_Enders_Cataclysm-3.27-curios-fix.jar with {cataclysm} mods - versions {3.27}
[18May2026 14:31:07.203] [main/DEBUG] [net.minecraftforge.fml.loading.moddiscovery.ModFile/LOADING]: Loading mod file /workspaces/VAlhalla-server/server/mods/L_Enders_Cataclysm-3.27-curios-fix.jar with languages [LanguageSpec[languageName=javafml, acceptedVersions=[47,)]]
[18May2026 14:31:07.203] [main/DEBUG] [net.minecraftforge.fml.loading.moddiscovery.ModFileParser/LOADING]: Considering mod file candidate /workspaces/VAlhalla-server/server/mods/Patchouli-1.20.1-85-FORGE.jar
[18May2026 14:31:07.204] [main/DEBUG] [net.minecraftforge.fml.loading.moddiscovery.ModFileInfo/LOADING]: Found valid mod file Patchouli-1.20.1-85-FORGE.jar with {patchouli} mods - versions {1.20.1-85-FORGE}
[18May2026 14:31:07.205] [main/DEBUG] [net.minecraftforge.fml.loading.moddiscovery.ModFile/LOADING]: Loading mod file /workspaces/VAlhalla-server/server/mods/Patchouli-1.20.1-85-FORGE.jar with languages [LanguageSpec[languageName=javafml, acceptedVersions=[47,)]]
[18May2026 14:31:07.205] [main/DEBUG] [net.minecraftforge.fml.loading.moddiscovery.ModFileParser/LOADING]: Considering mod file candidate /workspaces/VAlhalla-server/server/mods/more_bows_and_arrows-merged-1.20.1-5.0.1.jar
[18May2026 14:31:07.206] [main/DEBUG] [net.minecraftforge.fml.loading.moddiscovery.ModFileInfo/LOADING]: Found valid mod file more_bows_and_arrows-merged-1.20.1-5.0.1.jar with {more_bows_and_arrows} mods - versions {5.0.1}
[18May2026 14:31:07.206] [main/DEBUG] [net.minecraftforge.fml.loading.moddiscovery.ModFile/LOADING]: Loading mod file /workspaces/VAlhalla-server/server/mods/more_bows_and_arrows-merged-1.20.1-5.0.1.jar with languages [LanguageSpec[languageName=javafml, acceptedVersions=[47,)]]
[18May2026 14:31:07.206] [main/DEBUG] [net.minecraftforge.fml.loading.moddiscovery.ModFileParser/LOADING]: Considering mod file candidate /workspaces/VAlhalla-server/server/mods/Cobblemon-forge-1.5.2+1.20.1.jar
[18May2026 14:31:07.207] [main/DEBUG] [net.minecraftforge.fml.loading.moddiscovery.ModFileInfo/LOADING]: Found valid mod file Cobblemon-forge-1.5.2+1.20.1.jar with {cobblemon} mods - versions {1.5.2+1.20.1}
[18May2026 14:31:07.207] [main/DEBUG] [net.minecraftforge.fml.loading.moddiscovery.ModFile/LOADING]: Loading mod file /workspaces/VAlhalla-server/server/mods/Cobblemon-forge-1.5.2+1.20.1.jar with languages [LanguageSpec[languageName=kotlinforforge, acceptedVersions=[3,)]]
[18May2026 14:31:07.207] [main/DEBUG] [net.minecraftforge.fml.loading.moddiscovery.ModFileParser/LOADING]: Considering mod file candidate /workspaces/VAlhalla-server/server/mods/cumulus_menus-1.20.1-1.0.0-neoforge.jar
[18May2026 14:31:07.208] [main/DEBUG] [net.minecraftforge.fml.loading.moddiscovery.ModFileInfo/LOADING]: Found valid mod file cumulus_menus-1.20.1-1.0.0-neoforge.jar with {cumulus_menus} mods - versions {1.20.1-1.0.0-neoforge}
[18May2026 14:31:07.208] [main/DEBUG] [net.minecraftforge.fml.loading.moddiscovery.ModFile/LOADING]: Loading mod file /workspaces/VAlhalla-server/server/mods/cumulus_menus-1.20.1-1.0.0-neoforge.jar with languages [LanguageSpec[languageName=javafml, acceptedVersions=[47,)]]
[18May2026 14:31:07.208] [main/DEBUG] [net.minecraftforge.fml.loading.moddiscovery.ModFileParser/LOADING]: Considering mod file candidate /workspaces/VAlhalla-server/server/mods/architectury-9.2.14-forge.jar
[18May2026 14:31:07.209] [main/DEBUG] [net.minecraftforge.fml.loading.moddiscovery.ModFileInfo/LOADING]: Found valid mod file architectury-9.2.14-forge.jar with {architectury} mods - versions {9.2.14}
[18May2026 14:31:07.209] [main/DEBUG] [net.minecraftforge.fml.loading.moddiscovery.ModFile/LOADING]: Loading mod file /workspaces/VAlhalla-server/server/mods/architectury-9.2.14-forge.jar with languages [LanguageSpec[languageName=javafml, acceptedVersions=[46,)]]
[18May2026 14:31:07.209] [main/DEBUG] [net.minecraftforge.fml.loading.moddiscovery.ModFileParser/LOADING]: Considering mod file candidate /workspaces/VAlhalla-server/server/mods/AI-Improvements-1.20-0.5.2.jar
[18May2026 14:31:07.209] [main/DEBUG] [net.minecraftforge.fml.loading.moddiscovery.ModFileInfo/LOADING]: Found valid mod file AI-Improvements-1.20-0.5.2.jar with {aiimprovements} mods - versions {0.5.2}
[18May2026 14:31:07.210] [main/DEBUG] [net.minecraftforge.fml.loading.moddiscovery.ModFile/LOADING]: Loading mod file /workspaces/VAlhalla-server/server/mods/AI-Improvements-1.20-0.5.2.jar with languages [LanguageSpec[languageName=javafml, acceptedVersions=[46,)]]
[18May2026 14:31:07.210] [main/DEBUG] [net.minecraftforge.fml.loading.moddiscovery.ModFileParser/LOADING]: Considering mod file candidate /workspaces/VAlhalla-server/server/mods/Adorn-5.0.1+1.20.1-forge.jar
[18May2026 14:31:07.210] [main/DEBUG] [net.minecraftforge.fml.loading.moddiscovery.ModFileInfo/LOADING]: Found valid mod file Adorn-5.0.1+1.20.1-forge.jar with {adorn} mods - versions {5.0.1+1.20.1}
[18May2026 14:31:07.210] [main/DEBUG] [net.minecraftforge.fml.loading.moddiscovery.ModFile/LOADING]: Loading mod file /workspaces/VAlhalla-server/server/mods/Adorn-5.0.1+1.20.1-forge.jar with languages [LanguageSpec[languageName=kotlinforforge, acceptedVersions=[4.1,)]]
[18May2026 14:31:07.210] [main/DEBUG] [net.minecraftforge.fml.loading.moddiscovery.ModFileParser/LOADING]: Considering mod file candidate /workspaces/VAlhalla-server/server/mods/YungsBetterEndIsland-1.20-Forge-2.0.6.jar
[18May2026 14:31:07.211] [main/DEBUG] [net.minecraftforge.fml.loading.moddiscovery.ModFileInfo/LOADING]: Found valid mod file YungsBetterEndIsland-1.20-Forge-2.0.6.jar with {betterendisland} mods - versions {1.20-Forge-2.0.6}
[18May2026 14:31:07.211] [main/DEBUG] [net.minecraftforge.fml.loading.moddiscovery.ModFile/LOADING]: Loading mod file /workspaces/VAlhalla-server/server/mods/YungsBetterEndIsland-1.20-Forge-2.0.6.jar with languages [LanguageSpec[languageName=javafml, acceptedVersions=[46,)]]
[18May2026 14:31:07.211] [main/DEBUG] [net.minecraftforge.fml.loading.moddiscovery.ModFileParser/LOADING]: Considering mod file candidate 
[18May2026 14:31:07.211] [main/DEBUG] [net.minecraftforge.fml.loading.moddiscovery.ModFileInfo/LOADING]: Found valid mod file nitrogen_internals-1.20.1-1.0.12-neoforge.jar with {nitrogen_internals} mods - versions {1.20.1-1.0.12-neoforge}
[18May2026 14:31:07.211] [main/DEBUG] [net.minecraftforge.fml.loading.moddiscovery.ModFile/LOADING]: Loading mod file  with languages [LanguageSpec[languageName=javafml, acceptedVersions=[47,)]]
[18May2026 14:31:07.211] [main/DEBUG] [net.minecraftforge.fml.loading.moddiscovery.ModFileParser/LOADING]: Considering mod file candidate /workspaces/VAlhalla-server/server/mods/monolib-forge-1.20.1-4.0.2.jar
[18May2026 14:31:07.212] [main/DEBUG] [net.minecraftforge.fml.loading.moddiscovery.ModFileInfo/LOADING]: Found valid mod file monolib-forge-1.20.1-4.0.2.jar with {monolib} mods - versions {4.0.2}
[18May2026 14:31:07.212] [main/DEBUG] [net.minecraftforge.fml.loading.moddiscovery.ModFile/LOADING]: Loading mod file /workspaces/VAlhalla-server/server/mods/monolib-forge-1.20.1-4.0.2.jar with languages [LanguageSpec[languageName=javafml, acceptedVersions=[47,)]]
[18May2026 14:31:07.212] [main/DEBUG] [net.minecraftforge.fml.loading.moddiscovery.ModFileParser/LOADING]: Considering mod file candidate /workspaces/VAlhalla-server/server/mods/huge-structure-blocks-1.0.9-forge.jar
[18May2026 14:31:07.213] [main/DEBUG] [net.minecraftforge.fml.loading.moddiscovery.ModFileInfo/LOADING]: Found valid mod file huge-structure-blocks-1.0.9-forge.jar with {hugestructureblocks} mods - versions {1.0.9}
[18May2026 14:31:07.215] [main/DEBUG] [net.minecraftforge.fml.loading.moddiscovery.ModFile/LOADING]: Loading mod file /workspaces/VAlhalla-server/server/mods/huge-structure-blocks-1.0.9-forge.jar with languages [LanguageSpec[languageName=javafml, acceptedVersions=[47,)]]
[18May2026 14:31:07.216] [main/DEBUG] [net.minecraftforge.fml.loading.moddiscovery.ModFileParser/LOADING]: Considering mod file candidate /workspaces/VAlhalla-server/server/mods/RuneCraft-1.20-(v.3.8.7a).jar
[18May2026 14:31:07.218] [main/DEBUG] [net.minecraftforge.fml.loading.moddiscovery.ModFileInfo/LOADING]: Found valid mod file RuneCraft-1.20-(v.3.8.7a).jar with {runecraft} mods - versions {3.8.7a}
[18May2026 14:31:07.221] [main/DEBUG] [net.minecraftforge.fml.loading.moddiscovery.ModFile/LOADING]: Loading mod file /workspaces/VAlhalla-server/server/mods/RuneCraft-1.20-(v.3.8.7a).jar with languages [LanguageSpec[languageName=javafml, acceptedVersions=[46,)]]
[18May2026 14:31:07.222] [main/DEBUG] [net.minecraftforge.fml.loading.moddiscovery.ModFileParser/LOADING]: Considering mod file candidate /workspaces/VAlhalla-server/server/mods/Towns-and-Towers-1.12-Fabric+Forge.jar
[18May2026 14:31:07.223] [main/DEBUG] [net.minecraftforge.fml.loading.moddiscovery.ModFileInfo/LOADING]: Found valid mod file Towns-and-Towers-1.12-Fabric+Forge.jar with {t_and_t} mods - versions {0.0NONE}
[18May2026 14:31:07.227] [main/DEBUG] [net.minecraftforge.fml.loading.moddiscovery.ModFile/LOADING]: Loading mod file /workspaces/VAlhalla-server/server/mods/Towns-and-Towers-1.12-Fabric+Forge.jar with languages [LanguageSpec[languageName=javafml, acceptedVersions=[43,)]]
[18May2026 14:31:07.227] [main/DEBUG] [net.minecraftforge.fml.loading.moddiscovery.ModFileParser/LOADING]: Considering mod file candidate /workspaces/VAlhalla-server/server/mods/epicpaladins-1.0.2-1.20.1-forge.jar
[18May2026 14:31:07.228] [main/DEBUG] [net.minecraftforge.fml.loading.moddiscovery.ModFileInfo/LOADING]: Found valid mod file epicpaladins-1.0.2-1.20.1-forge.jar with {epicpaladins} mods - versions {1.0.2-1.20.1-forge}
[18May2026 14:31:07.228] [main/DEBUG] [net.minecraftforge.fml.loading.moddiscovery.ModFile/LOADING]: Loading mod file /workspaces/VAlhalla-server/server/mods/epicpaladins-1.0.2-1.20.1-forge.jar with languages [LanguageSpec[languageName=javafml, acceptedVersions=[47,)]]
[18May2026 14:31:07.228] [main/DEBUG] [net.minecraftforge.fml.loading.moddiscovery.ModFileParser/LOADING]: Considering mod file candidate /workspaces/VAlhalla-server/server/mods/soulslike-weaponry-1.3.1-1.20.1-forge.jar
[18May2026 14:31:07.228] [main/DEBUG] [net.minecraftforge.fml.loading.moddiscovery.ModFileInfo/LOADING]: Found valid mod file soulslike-weaponry-1.3.1-1.20.1-forge.jar with {soulsweapons} mods - versions {1.3.1-1.20.1-forge}}
[18May2026 14:31:07.228] [main/DEBUG] [net.minecraftforge.fml.loading.moddiscovery.ModFile/LOADING]: Loading mod file /workspaces/VAlhalla-server/server/mods/soulslike-weaponry-1.3.1-1.20.1-forge.jar with languages [LanguageSpec[languageName=javafml, acceptedVersions=[40,)]]
[18May2026 14:31:07.229] [main/DEBUG] [net.minecraftforge.fml.loading.moddiscovery.ModFileParser/LOADING]: Considering mod file candidate /workspaces/VAlhalla-server/server/mods/radium-mc1.20.1-0.12.4+git.26c9d8e.jar
[18May2026 14:31:07.229] [main/DEBUG] [net.minecraftforge.fml.loading.moddiscovery.ModFileInfo/LOADING]: Found valid mod file radium-mc1.20.1-0.12.4+git.26c9d8e.jar with {radium} mods - versions {0.12.4+git.26c9d8e}
[18May2026 14:31:07.229] [main/DEBUG] [net.minecraftforge.fml.loading.moddiscovery.ModFile/LOADING]: Loading mod file /workspaces/VAlhalla-server/server/mods/radium-mc1.20.1-0.12.4+git.26c9d8e.jar with languages [LanguageSpec[languageName=javafml, acceptedVersions=*]]
[18May2026 14:31:07.229] [main/DEBUG] [net.minecraftforge.fml.loading.moddiscovery.ModFileParser/LOADING]: Considering mod file candidate /workspaces/VAlhalla-server/server/mods/humancompanions-1.20.1-1.7.6.jar
[18May2026 14:31:07.230] [main/DEBUG] [net.minecraftforge.fml.loading.moddiscovery.ModFileInfo/LOADING]: Found valid mod file humancompanions-1.20.1-1.7.6.jar with {humancompanions} mods - versions {1.20.1-1.7.6}
[18May2026 14:31:07.230] [main/DEBUG] [net.minecraftforge.fml.loading.moddiscovery.ModFile/LOADING]: Loading mod file /workspaces/VAlhalla-server/server/mods/humancompanions-1.20.1-1.7.6.jar with languages [LanguageSpec[languageName=javafml, acceptedVersions=[37,)]]
[18May2026 14:31:07.230] [main/DEBUG] [net.minecraftforge.fml.loading.moddiscovery.ModFileParser/LOADING]: Considering mod file candidate /workspaces/VAlhalla-server/server/mods/too_many_bows-forge-4.0.1.jar
[18May2026 14:31:07.231] [main/DEBUG] [net.minecraftforge.fml.loading.moddiscovery.ModFileInfo/LOADING]: Found valid mod file too_many_bows-forge-4.0.1.jar with {too_many_bows} mods - versions {4.0.1}
[18May2026 14:31:07.231] [main/DEBUG] [net.minecraftforge.fml.loading.moddiscovery.ModFile/LOADING]: Loading mod file /workspaces/VAlhalla-server/server/mods/too_many_bows-forge-4.0.1.jar with languages [LanguageSpec[languageName=javafml, acceptedVersions=[47,)]]
[18May2026 14:31:07.231] [main/DEBUG] [net.minecraftforge.fml.loading.moddiscovery.ModFileParser/LOADING]: Considering mod file candidate /workspaces/VAlhalla-server/server/mods/jei-1.20.1-forge-15.20.0.130.jar
[18May2026 14:31:07.232] [main/DEBUG] [net.minecraftforge.fml.loading.moddiscovery.ModFileInfo/LOADING]: Found valid mod file jei-1.20.1-forge-15.20.0.130.jar with {jei} mods - versions {15.20.0.130}
[18May2026 14:31:07.232] [main/DEBUG] [net.minecraftforge.fml.loading.moddiscovery.ModFile/LOADING]: Loading mod file /workspaces/VAlhalla-server/server/mods/jei-1.20.1-forge-15.20.0.130.jar with languages [LanguageSpec[languageName=javafml, acceptedVersions=[47,)]]
[18May2026 14:31:07.232] [main/DEBUG] [net.minecraftforge.fml.loading.moddiscovery.ModFileParser/LOADING]: Considering mod file candidate /workspaces/VAlhalla-server/server/mods/irons_lib-1.20.1-1.0.2.jar
[18May2026 14:31:07.232] [main/DEBUG] [net.minecraftforge.fml.loading.moddiscovery.ModFileInfo/LOADING]: Found valid mod file irons_lib-1.20.1-1.0.2.jar with {irons_lib} mods - versions {1.20.1-1.0.2}
[18May2026 14:31:07.232] [main/DEBUG] [net.minecraftforge.fml.loading.moddiscovery.ModFile/LOADING]: Loading mod file /workspaces/VAlhalla-server/server/mods/irons_lib-1.20.1-1.0.2.jar with languages [LanguageSpec[languageName=javafml, acceptedVersions=[47,)]]
[18May2026 14:31:07.232] [main/DEBUG] [net.minecraftforge.fml.loading.moddiscovery.ModFileParser/LOADING]: Considering mod file candidate /workspaces/VAlhalla-server/server/mods/lithostitched-forge-1.20.1-1.4.11.jar
[18May2026 14:31:07.233] [main/DEBUG] [net.minecraftforge.fml.loading.moddiscovery.ModFileInfo/LOADING]: Found valid mod file lithostitched-forge-1.20.1-1.4.11.jar with {lithostitched} mods - versions {1.4.11}
[18May2026 14:31:07.233] [main/DEBUG] [net.minecraftforge.fml.loading.moddiscovery.ModFile/LOADING]: Loading mod file /workspaces/VAlhalla-server/server/mods/lithostitched-forge-1.20.1-1.4.11.jar with languages [LanguageSpec[languageName=javafml, acceptedVersions=[46,)]]
[18May2026 14:31:07.233] [main/DEBUG] [net.minecraftforge.fml.loading.moddiscovery.ModFileParser/LOADING]: Considering mod file candidate 
[18May2026 14:31:07.233] [main/DEBUG] [net.minecraftforge.fml.loading.moddiscovery.ModFileInfo/LOADING]: Found valid mod file xaerolib-forge-1.20.1-1.1.15.jar with {xaerolib} mods - versions {1.1.15}
[18May2026 14:31:07.233] [main/DEBUG] [net.minecraftforge.fml.loading.moddiscovery.ModFile/LOADING]: Loading mod file  with languages [LanguageSpec[languageName=javafml, acceptedVersions=[46,48)]]
[18May2026 14:31:07.234] [main/DEBUG] [net.minecraftforge.fml.loading.moddiscovery.ModFileParser/LOADING]: Considering mod file candidate /workspaces/VAlhalla-server/server/mods/AttributeFix-Forge-1.20.1-21.0.5.jar
[18May2026 14:31:07.234] [main/DEBUG] [net.minecraftforge.fml.loading.moddiscovery.ModFileInfo/LOADING]: Found valid mod file AttributeFix-Forge-1.20.1-21.0.5.jar with {attributefix} mods - versions {21.0.5}
[18May2026 14:31:07.234] [main/DEBUG] [net.minecraftforge.fml.loading.moddiscovery.ModFile/LOADING]: Loading mod file /workspaces/VAlhalla-server/server/mods/AttributeFix-Forge-1.20.1-21.0.5.jar with languages [LanguageSpec[languageName=javafml, acceptedVersions=[47,)]]
[18May2026 14:31:07.234] [main/DEBUG] [net.minecraftforge.fml.loading.moddiscovery.ModFileParser/LOADING]: Considering mod file candidate /workspaces/VAlhalla-server/server/mods/WeaponsOfMiracles-2.0.15-mc1.20.1-forge.jar
[18May2026 14:31:07.234] [main/DEBUG] [net.minecraftforge.fml.loading.moddiscovery.ModFileInfo/LOADING]: Found valid mod file WeaponsOfMiracles-2.0.15-mc1.20.1-forge.jar with {wom} mods - versions {2.0.15}
[18May2026 14:31:07.234] [main/DEBUG] [net.minecraftforge.fml.loading.moddiscovery.ModFile/LOADING]: Loading mod file /workspaces/VAlhalla-server/server/mods/WeaponsOfMiracles-2.0.15-mc1.20.1-forge.jar with languages [LanguageSpec[languageName=javafml, acceptedVersions=[47,)]]
[18May2026 14:31:07.235] [main/DEBUG] [net.minecraftforge.fml.loading.moddiscovery.ModFileParser/LOADING]: Considering mod file candidate /workspaces/VAlhalla-server/server/mods/caelus-forge-3.2.0+1.20.1.jar
[18May2026 14:31:07.235] [main/DEBUG] [net.minecraftforge.fml.loading.moddiscovery.ModFileInfo/LOADING]: Found valid mod file caelus-forge-3.2.0+1.20.1.jar with {caelus} mods - versions {3.2.0+1.20.1}
[18May2026 14:31:07.235] [main/DEBUG] [net.minecraftforge.fml.loading.moddiscovery.ModFile/LOADING]: Loading mod file /workspaces/VAlhalla-server/server/mods/caelus-forge-3.2.0+1.20.1.jar with languages [LanguageSpec[languageName=javafml, acceptedVersions=[46,)]]
[18May2026 14:31:07.235] [main/DEBUG] [net.minecraftforge.fml.loading.moddiscovery.ModFileParser/LOADING]: Considering mod file candidate /workspaces/VAlhalla-server/server/mods/gnumus_settlement_[Forge]1.20.1_v1.0.jar
[18May2026 14:31:07.236] [main/DEBUG] [net.minecraftforge.fml.loading.moddiscovery.ModFileInfo/LOADING]: Found valid mod file gnumus_settlement_[Forge]1.20.1_v1.0.jar with {gnumus} mods - versions {1.0.0}
[18May2026 14:31:07.236] [main/DEBUG] [net.minecraftforge.fml.loading.moddiscovery.ModFile/LOADING]: Loading mod file /workspaces/VAlhalla-server/server/mods/gnumus_settlement_[Forge]1.20.1_v1.0.jar with languages [LanguageSpec[languageName=javafml, acceptedVersions=[47,)]]
[18May2026 14:31:07.236] [main/DEBUG] [net.minecraftforge.fml.loading.moddiscovery.ModFileParser/LOADING]: Considering mod file candidate /workspaces/VAlhalla-server/server/mods/obscure_api-18.jar
[18May2026 14:31:07.236] [main/DEBUG] [net.minecraftforge.fml.loading.moddiscovery.ModFileInfo/LOADING]: Found valid mod file obscure_api-18.jar with {obscure_api} mods - versions {18}
[18May2026 14:31:07.236] [main/DEBUG] [net.minecraftforge.fml.loading.moddiscovery.ModFile/LOADING]: Loading mod file /workspaces/VAlhalla-server/server/mods/obscure_api-18.jar with languages [LanguageSpec[languageName=javafml, acceptedVersions=[47,)]]
[18May2026 14:31:07.237] [main/DEBUG] [net.minecraftforge.fml.loading.moddiscovery.ModFileParser/LOADING]: Considering mod file candidate /workspaces/VAlhalla-server/server/mods/realmrpg_skeletons-1.1.0-forge-1.20.1.jar
[18May2026 14:31:07.237] [main/DEBUG] [net.minecraftforge.fml.loading.moddiscovery.ModFileInfo/LOADING]: Found valid mod file realmrpg_skeletons-1.1.0-forge-1.20.1.jar with {realmrpg_skeletons} mods - versions {1.1.0}
[18May2026 14:31:07.237] [main/DEBUG] [net.minecraftforge.fml.loading.moddiscovery.ModFile/LOADING]: Loading mod file /workspaces/VAlhalla-server/server/mods/realmrpg_skeletons-1.1.0-forge-1.20.1.jar with languages [LanguageSpec[languageName=javafml, acceptedVersions=[47,)]]
[18May2026 14:31:07.237] [main/DEBUG] [net.minecraftforge.fml.loading.moddiscovery.ModFileParser/LOADING]: Considering mod file candidate /workspaces/VAlhalla-server/server/mods/epic-fight-20.14.17-mc1.20.1-forge.jar
[18May2026 14:31:07.238] [main/DEBUG] [net.minecraftforge.fml.loading.moddiscovery.ModFileInfo/LOADING]: Found valid mod file epic-fight-20.14.17-mc1.20.1-forge.jar with {epicfight} mods - versions {20.14.17}
[18May2026 14:31:07.238] [main/DEBUG] [net.minecraftforge.fml.loading.moddiscovery.ModFile/LOADING]: Loading mod file /workspaces/VAlhalla-server/server/mods/epic-fight-20.14.17-mc1.20.1-forge.jar with languages [LanguageSpec[languageName=javafml, acceptedVersions=[47,)]]
[18May2026 14:31:07.238] [main/DEBUG] [net.minecraftforge.fml.loading.moddiscovery.ModFileParser/LOADING]: Considering mod file candidate /workspaces/VAlhalla-server/server/mods/Clumps-forge-1.20.1-12.0.0.4.jar
[18May2026 14:31:07.239] [main/DEBUG] [net.minecraftforge.fml.loading.moddiscovery.ModFileInfo/LOADING]: Found valid mod file Clumps-forge-1.20.1-12.0.0.4.jar with {clumps} mods - versions {12.0.0.4}
[18May2026 14:31:07.239] [main/DEBUG] [net.minecraftforge.fml.loading.moddiscovery.ModFile/LOADING]: Loading mod file /workspaces/VAlhalla-server/server/mods/Clumps-forge-1.20.1-12.0.0.4.jar with languages [LanguageSpec[languageName=javafml, acceptedVersions=[41,)]]
[18May2026 14:31:07.240] [main/DEBUG] [net.minecraftforge.fml.loading.moddiscovery.ModFileParser/LOADING]: Considering mod file candidate /workspaces/VAlhalla-server/server/mods/FastSuite-1.20.1-5.1.2.jar
[18May2026 14:31:07.241] [main/DEBUG] [net.minecraftforge.fml.loading.moddiscovery.ModFileInfo/LOADING]: Found valid mod file FastSuite-1.20.1-5.1.2.jar with {fastsuite} mods - versions {5.1.2}
[18May2026 14:31:07.241] [main/DEBUG] [net.minecraftforge.fml.loading.moddiscovery.ModFile/LOADING]: Loading mod file /workspaces/VAlhalla-server/server/mods/FastSuite-1.20.1-5.1.2.jar with languages [LanguageSpec[languageName=javafml, acceptedVersions=[32,)]]
[18May2026 14:31:07.241] [main/DEBUG] [net.minecraftforge.fml.loading.moddiscovery.ModFileParser/LOADING]: Considering mod file candidate /workspaces/VAlhalla-server/server/mods/mobhealthbar-forge-1.20.x-2.3.0.jar
[18May2026 14:31:07.243] [main/DEBUG] [net.minecraftforge.fml.loading.moddiscovery.ModFileInfo/LOADING]: Found valid mod file mobhealthbar-forge-1.20.x-2.3.0.jar with {mobhealthbar} mods - versions {2.3.0}
[18May2026 14:31:07.243] [main/DEBUG] [net.minecraftforge.fml.loading.moddiscovery.ModFile/LOADING]: Loading mod file /workspaces/VAlhalla-server/server/mods/mobhealthbar-forge-1.20.x-2.3.0.jar with languages [LanguageSpec[languageName=javafml, acceptedVersions=[33,)]]
[18May2026 14:31:07.243] [main/DEBUG] [net.minecraftforge.fml.loading.moddiscovery.ModFileParser/LOADING]: Considering mod file candidate /workspaces/VAlhalla-server/server/mods/travelersbackpack-forge-1.20.1-9.1.54.jar
[18May2026 14:31:07.243] [main/DEBUG] [net.minecraftforge.fml.loading.moddiscovery.ModFileInfo/LOADING]: Found valid mod file travelersbackpack-forge-1.20.1-9.1.54.jar with {travelersbackpack} mods - versions {9.1.54}
[18May2026 14:31:07.243] [main/DEBUG] [net.minecraftforge.fml.loading.moddiscovery.ModFile/LOADING]: Loading mod file /workspaces/VAlhalla-server/server/mods/travelersbackpack-forge-1.20.1-9.1.54.jar with languages [LanguageSpec[languageName=javafml, acceptedVersions=[46,)]]
[18May2026 14:31:07.243] [main/DEBUG] [net.minecraftforge.fml.loading.moddiscovery.ModFileParser/LOADING]: Considering mod file candidate /workspaces/VAlhalla-server/server/mods/smarterfarmers-1.20-2.1.2.jar
[18May2026 14:31:07.244] [main/DEBUG] [net.minecraftforge.fml.loading.moddiscovery.ModFileInfo/LOADING]: Found valid mod file smarterfarmers-1.20-2.1.2.jar with {smarterfarmers} mods - versions {1.20-2.1.2}
[18May2026 14:31:07.244] [main/DEBUG] [net.minecraftforge.fml.loading.moddiscovery.ModFile/LOADING]: Loading mod file /workspaces/VAlhalla-server/server/mods/smarterfarmers-1.20-2.1.2.jar with languages [LanguageSpec[languageName=javafml, acceptedVersions=[40,)]]
[18May2026 14:31:07.244] [main/DEBUG] [net.minecraftforge.fml.loading.moddiscovery.ModFileParser/LOADING]: Considering mod file candidate /workspaces/VAlhalla-server/server/mods/ExplorersCompass-1.20.1-1.4.0-forge.jar
[18May2026 14:31:07.245] [main/DEBUG] [net.minecraftforge.fml.loading.moddiscovery.ModFileInfo/LOADING]: Found valid mod file ExplorersCompass-1.20.1-1.4.0-forge.jar with {explorerscompass} mods - versions {1.20.1-1.4.0-forge}
[18May2026 14:31:07.245] [main/DEBUG] [net.minecraftforge.fml.loading.moddiscovery.ModFile/LOADING]: Loading mod file /workspaces/VAlhalla-server/server/mods/ExplorersCompass-1.20.1-1.4.0-forge.jar with languages [LanguageSpec[languageName=javafml, acceptedVersions=[47,)]]
[18May2026 14:31:07.245] [main/DEBUG] [net.minecraftforge.fml.loading.moddiscovery.ModFileParser/LOADING]: Considering mod file candidate /workspaces/VAlhalla-server/server/mods/iceandfire-2.1.13-1.20.1-beta-5.jar
[18May2026 14:31:07.246] [main/DEBUG] [net.minecraftforge.fml.loading.moddiscovery.ModFileInfo/LOADING]: Found valid mod file iceandfire-2.1.13-1.20.1-beta-5.jar with {iceandfire} mods - versions {2.1.13-1.20.1}
[18May2026 14:31:07.246] [main/DEBUG] [net.minecraftforge.fml.loading.moddiscovery.ModFile/LOADING]: Loading mod file /workspaces/VAlhalla-server/server/mods/iceandfire-2.1.13-1.20.1-beta-5.jar with languages [LanguageSpec[languageName=javafml, acceptedVersions=[37.0,)]]
[18May2026 14:31:07.246] [main/DEBUG] [net.minecraftforge.fml.loading.moddiscovery.ModFileParser/LOADING]: Considering mod file candidate /workspaces/VAlhalla-server/server/mods/Terralith_1.20.x_v2.5.4.jar
[18May2026 14:31:07.246] [main/DEBUG] [net.minecraftforge.fml.loading.moddiscovery.ModFileInfo/LOADING]: Found valid mod file Terralith_1.20.x_v2.5.4.jar with {terralith} mods - versions {2.5.4}
[18May2026 14:31:07.246] [main/DEBUG] [net.minecraftforge.fml.loading.moddiscovery.ModFile/LOADING]: Loading mod file /workspaces/VAlhalla-server/server/mods/Terralith_1.20.x_v2.5.4.jar with languages [LanguageSpec[languageName=lowcodefml, acceptedVersions=[1,)]]
[18May2026 14:31:07.246] [main/DEBUG] [net.minecraftforge.fml.loading.moddiscovery.ModFileParser/LOADING]: Considering mod file candidate /workspaces/VAlhalla-server/server/mods/ars_nouveau-1.20.1-4.12.7-all.jar
[18May2026 14:31:07.247] [main/DEBUG] [net.minecraftforge.fml.loading.moddiscovery.ModFileInfo/LOADING]: Found valid mod file ars_nouveau-1.20.1-4.12.7-all.jar with {ars_nouveau} mods - versions {4.12.7}
[18May2026 14:31:07.247] [main/DEBUG] [net.minecraftforge.fml.loading.moddiscovery.ModFile/LOADING]: Loading mod file /workspaces/VAlhalla-server/server/mods/ars_nouveau-1.20.1-4.12.7-all.jar with languages [LanguageSpec[languageName=javafml, acceptedVersions=[40,)]]
[18May2026 14:31:07.247] [main/DEBUG] [net.minecraftforge.fml.loading.moddiscovery.ModFileParser/LOADING]: Considering mod file candidate /workspaces/VAlhalla-server/server/mods/interaction_boxes-0.693.jar
[18May2026 14:31:07.248] [main/DEBUG] [net.minecraftforge.fml.loading.moddiscovery.ModFileInfo/LOADING]: Found valid mod file interaction_boxes-0.693.jar with {interaction_boxes} mods - versions {0.693}
[18May2026 14:31:07.248] [main/DEBUG] [net.minecraftforge.fml.loading.moddiscovery.ModFile/LOADING]: Loading mod file /workspaces/VAlhalla-server/server/mods/interaction_boxes-0.693.jar with languages [LanguageSpec[languageName=javafml, acceptedVersions=[36,)]]
[18May2026 14:31:07.248] [main/DEBUG] [net.minecraftforge.fml.loading.moddiscovery.ModFileParser/LOADING]: Considering mod file candidate /workspaces/VAlhalla-server/server/mods/memoryleakfix-forge-1.17+-1.1.5.jar
[18May2026 14:31:07.248] [main/DEBUG] [net.minecraftforge.fml.loading.moddiscovery.ModFileInfo/LOADING]: Found valid mod file memoryleakfix-forge-1.17+-1.1.5.jar with {memoryleakfix} mods - versions {1.1.5}
[18May2026 14:31:07.248] [main/DEBUG] [net.minecraftforge.fml.loading.moddiscovery.ModFile/LOADING]: Loading mod file /workspaces/VAlhalla-server/server/mods/memoryleakfix-forge-1.17+-1.1.5.jar with languages [LanguageSpec[languageName=javafml, acceptedVersions=*]]
[18May2026 14:31:07.248] [main/DEBUG] [net.minecraftforge.fml.loading.moddiscovery.ModFileParser/LOADING]: Considering mod file candidate /workspaces/VAlhalla-server/server/mods/LuckPerms-Forge-5.4.102.jar
[18May2026 14:31:07.249] [main/DEBUG] [net.minecraftforge.fml.loading.moddiscovery.ModFileInfo/LOADING]: Found valid mod file LuckPerms-Forge-5.4.102.jar with {luckperms} mods - versions {5.4.102}
[18May2026 14:31:07.249] [main/DEBUG] [net.minecraftforge.fml.loading.moddiscovery.ModFile/LOADING]: Loading mod file /workspaces/VAlhalla-server/server/mods/LuckPerms-Forge-5.4.102.jar with languages [LanguageSpec[languageName=javafml, acceptedVersions=[41,)]]
[18May2026 14:31:07.249] [main/DEBUG] [net.minecraftforge.fml.loading.moddiscovery.ModFileParser/LOADING]: Considering mod file candidate /workspaces/VAlhalla-server/server/mods/watut-forge-1.20.1-1.2.3.jar
[18May2026 14:31:07.249] [main/DEBUG] [net.minecraftforge.fml.loading.moddiscovery.ModFileInfo/LOADING]: Found valid mod file watut-forge-1.20.1-1.2.3.jar with {watut} mods - versions {1.20.1-1.2.3}
[18May2026 14:31:07.249] [main/DEBUG] [net.minecraftforge.fml.loading.moddiscovery.ModFile/LOADING]: Loading mod file /workspaces/VAlhalla-server/server/mods/watut-forge-1.20.1-1.2.3.jar with languages [LanguageSpec[languageName=javafml, acceptedVersions=[47,)]]
[18May2026 14:31:07.250] [main/DEBUG] [net.minecraftforge.fml.loading.moddiscovery.ModFileParser/LOADING]: Considering mod file candidate /workspaces/VAlhalla-server/server/mods/DungeonsAriseSevenSeas-1.20.x-1.0.2-forge.jar
[18May2026 14:31:07.250] [main/DEBUG] [net.minecraftforge.fml.loading.moddiscovery.ModFileInfo/LOADING]: Found valid mod file DungeonsAriseSevenSeas-1.20.x-1.0.2-forge.jar with {dungeons_arise_seven_seas} mods - versions {1.0.2}
[18May2026 14:31:07.250] [main/DEBUG] [net.minecraftforge.fml.loading.moddiscovery.ModFile/LOADING]: Loading mod file /workspaces/VAlhalla-server/server/mods/DungeonsAriseSevenSeas-1.20.x-1.0.2-forge.jar with languages [LanguageSpec[languageName=javafml, acceptedVersions=[43,)]]
[18May2026 14:31:07.250] [main/DEBUG] [net.minecraftforge.fml.loading.moddiscovery.ModFileParser/LOADING]: Considering mod file candidate /workspaces/VAlhalla-server/server/libraries/net/minecraftforge/forge/1.20.1-47.4.0/forge-1.20.1-47.4.0-universal.jar
[18May2026 14:31:07.251] [main/DEBUG] [net.minecraftforge.fml.loading.moddiscovery.ModFileInfo/LOADING]: Found valid mod file forge-1.20.1-47.4.0-universal.jar with {forge} mods - versions {47.4.0}
[18May2026 14:31:07.251] [main/DEBUG] [net.minecraftforge.fml.loading.moddiscovery.ModFile/LOADING]: Loading mod file /workspaces/VAlhalla-server/server/libraries/net/minecraftforge/forge/1.20.1-47.4.0/forge-1.20.1-47.4.0-universal.jar with languages [LanguageSpec[languageName=javafml, acceptedVersions=[24,]]]
[18May2026 14:31:07.251] [main/DEBUG] [net.minecraftforge.fml.loading.moddiscovery.ModFileParser/LOADING]: Found coremod field_to_method with Javascript path coremods/field_to_method.js
[18May2026 14:31:07.251] [main/DEBUG] [net.minecraftforge.fml.loading.moddiscovery.ModFileParser/LOADING]: Found coremod field_to_instanceof with Javascript path coremods/field_to_instanceof.js
[18May2026 14:31:07.252] [main/DEBUG] [net.minecraftforge.fml.loading.moddiscovery.ModFileParser/LOADING]: Found coremod add_bouncer_method with Javascript path coremods/add_bouncer_method.js
[18May2026 14:31:07.252] [main/DEBUG] [net.minecraftforge.fml.loading.moddiscovery.ModFileParser/LOADING]: Found coremod method_redirector with Javascript path coremods/method_redirector.js
[18May2026 14:31:07.252] [main/DEBUG] [net.minecraftforge.fml.loading.moddiscovery.ModFile/LOADING]: Found coremod coremods/field_to_method.js
[18May2026 14:31:07.252] [main/DEBUG] [net.minecraftforge.fml.loading.moddiscovery.ModFile/LOADING]: Found coremod coremods/field_to_instanceof.js
[18May2026 14:31:07.252] [main/DEBUG] [net.minecraftforge.fml.loading.moddiscovery.ModFile/LOADING]: Found coremod coremods/add_bouncer_method.js
[18May2026 14:31:07.252] [main/DEBUG] [net.minecraftforge.fml.loading.moddiscovery.ModFile/LOADING]: Found coremod coremods/method_redirector.js
[18May2026 14:31:07.252] [main/DEBUG] [net.minecraftforge.fml.loading.moddiscovery.ModFileParser/LOADING]: Considering mod file candidate /workspaces/VAlhalla-server/server/mods/TravelersTitles-1.20-Forge-4.0.2.jar
[18May2026 14:31:07.252] [main/DEBUG] [net.minecraftforge.fml.loading.moddiscovery.ModFileInfo/LOADING]: Found valid mod file TravelersTitles-1.20-Forge-4.0.2.jar with {travelerstitles} mods - versions {1.20-Forge-4.0.2}
[18May2026 14:31:07.252] [main/DEBUG] [net.minecraftforge.fml.loading.moddiscovery.ModFile/LOADING]: Loading mod file /workspaces/VAlhalla-server/server/mods/TravelersTitles-1.20-Forge-4.0.2.jar with languages [LanguageSpec[languageName=javafml, acceptedVersions=[46,)]]
[18May2026 14:31:07.252] [main/DEBUG] [net.minecraftforge.fml.loading.moddiscovery.ModFileParser/LOADING]: Considering mod file candidate /workspaces/VAlhalla-server/server/mods/withering-heights-alpha-1.jar
[18May2026 14:31:07.253] [main/DEBUG] [net.minecraftforge.fml.loading.moddiscovery.ModFileInfo/LOADING]: Found valid mod file withering-heights-alpha-1.jar with {mr_withering_heights} mods - versions {1-alpha-1}
[18May2026 14:31:07.253] [main/DEBUG] [net.minecraftforge.fml.loading.moddiscovery.ModFile/LOADING]: Loading mod file /workspaces/VAlhalla-server/server/mods/withering-heights-alpha-1.jar with languages [LanguageSpec[languageName=lowcodefml, acceptedVersions=[40,)]]
[18May2026 14:31:07.253] [main/DEBUG] [net.minecraftforge.fml.loading.moddiscovery.ModFileParser/LOADING]: Considering mod file candidate /workspaces/VAlhalla-server/server/mods/tl_skin_cape_forge_1.20-1.38.jar
[18May2026 14:31:07.254] [main/DEBUG] [net.minecraftforge.fml.loading.moddiscovery.ModFileInfo/LOADING]: Found valid mod file tl_skin_cape_forge_1.20-1.38.jar with {tlskincape} mods - versions {1.38}
[18May2026 14:31:07.254] [main/DEBUG] [net.minecraftforge.fml.loading.moddiscovery.ModFile/LOADING]: Loading mod file /workspaces/VAlhalla-server/server/mods/tl_skin_cape_forge_1.20-1.38.jar with languages [LanguageSpec[languageName=javafml, acceptedVersions=[25,)]]
[18May2026 14:31:07.254] [main/DEBUG] [net.minecraftforge.fml.loading.moddiscovery.ModFileParser/LOADING]: Considering mod file candidate /workspaces/VAlhalla-server/server/mods/DungeonsArise-1.20.1-2.1.57-release.jar
[18May2026 14:31:07.254] [main/DEBUG] [net.minecraftforge.fml.loading.moddiscovery.ModFileInfo/LOADING]: Found valid mod file DungeonsArise-1.20.1-2.1.57-release.jar with {dungeons_arise} mods - versions {2.1.57-1.20.1}
[18May2026 14:31:07.255] [main/DEBUG] [net.minecraftforge.fml.loading.moddiscovery.ModFile/LOADING]: Loading mod file /workspaces/VAlhalla-server/server/mods/DungeonsArise-1.20.1-2.1.57-release.jar with languages [LanguageSpec[languageName=javafml, acceptedVersions=[41,)]]
[18May2026 14:31:07.255] [main/DEBUG] [net.minecraftforge.fml.loading.moddiscovery.ModFileParser/LOADING]: Considering mod file candidate /workspaces/VAlhalla-server/server/mods/emi-1.1.24+1.20.1+forge.jar
[18May2026 14:31:07.255] [main/DEBUG] [net.minecraftforge.fml.loading.moddiscovery.ModFileInfo/LOADING]: Found valid mod file emi-1.1.24+1.20.1+forge.jar with {emi} mods - versions {1.1.24+1.20.1+forge}
[18May2026 14:31:07.255] [main/DEBUG] [net.minecraftforge.fml.loading.moddiscovery.ModFile/LOADING]: Loading mod file /workspaces/VAlhalla-server/server/mods/emi-1.1.24+1.20.1+forge.jar with languages [LanguageSpec[languageName=javafml, acceptedVersions=[40,)]]
[18May2026 14:31:07.255] [main/DEBUG] [net.minecraftforge.fml.loading.moddiscovery.ModFileParser/LOADING]: Considering mod file candidate /workspaces/VAlhalla-server/server/mods/TConstruct-1.20.1-3.11.2.166.jar
[18May2026 14:31:07.256] [main/DEBUG] [net.minecraftforge.fml.loading.moddiscovery.ModFileInfo/LOADING]: Found valid mod file TConstruct-1.20.1-3.11.2.166.jar with {tconstruct} mods - versions {3.11.2.166}
[18May2026 14:31:07.256] [main/DEBUG] [net.minecraftforge.fml.loading.moddiscovery.ModFile/LOADING]: Loading mod file /workspaces/VAlhalla-server/server/mods/TConstruct-1.20.1-3.11.2.166.jar with languages [LanguageSpec[languageName=javafml, acceptedVersions=*]]
[18May2026 14:31:07.256] [main/DEBUG] [net.minecraftforge.fml.loading.moddiscovery.ModFileInfo/LOADING]: Found valid mod file server-1.20.1-20230612.114412-srg.jar with {minecraft} mods - versions {1.20.1}
[18May2026 14:31:07.256] [main/DEBUG] [net.minecraftforge.fml.loading.moddiscovery.ModFile/LOADING]: Loading mod file /workspaces/VAlhalla-server/server/libraries/net/minecraft/server/1.20.1-20230612.114412/server-1.20.1-20230612.114412-srg.jar with languages [LanguageSpec[languageName=minecraft, acceptedVersions=1]]
[18May2026 14:31:07.256] [main/DEBUG] [net.minecraftforge.fml.loading.moddiscovery.ModFileParser/LOADING]: Considering mod file candidate /workspaces/VAlhalla-server/server/mods/moonlight-1.20-2.16.32-forge.jar
[18May2026 14:31:07.257] [main/DEBUG] [net.minecraftforge.fml.loading.moddiscovery.ModFileInfo/LOADING]: Found valid mod file moonlight-1.20-2.16.32-forge.jar with {moonlight} mods - versions {1.20-2.16.32}
[18May2026 14:31:07.257] [main/DEBUG] [net.minecraftforge.fml.loading.moddiscovery.ModFile/LOADING]: Loading mod file /workspaces/VAlhalla-server/server/mods/moonlight-1.20-2.16.32-forge.jar with languages [LanguageSpec[languageName=javafml, acceptedVersions=[40,)]]
[18May2026 14:31:07.257] [main/DEBUG] [net.minecraftforge.fml.loading.moddiscovery.ModFileParser/LOADING]: Considering mod file candidate /workspaces/VAlhalla-server/server/mods/ToolBelt-1.20.1-1.20.03.jar
[18May2026 14:31:07.257] [main/DEBUG] [net.minecraftforge.fml.loading.moddiscovery.ModFileInfo/LOADING]: Found valid mod file ToolBelt-1.20.1-1.20.03.jar with {toolbelt} mods - versions {1.20.03}
[18May2026 14:31:07.257] [main/DEBUG] [net.minecraftforge.fml.loading.moddiscovery.ModFile/LOADING]: Loading mod file /workspaces/VAlhalla-server/server/mods/ToolBelt-1.20.1-1.20.03.jar with languages [LanguageSpec[languageName=javafml, acceptedVersions=[46,)]]
[18May2026 14:31:07.258] [main/DEBUG] [net.minecraftforge.fml.loading.moddiscovery.ModFileParser/LOADING]: Considering mod file candidate /workspaces/VAlhalla-server/server/mods/Corgilib-Forge-1.20.1-4.0.3.4.jar
[18May2026 14:31:07.259] [main/DEBUG] [net.minecraftforge.fml.loading.moddiscovery.ModFileInfo/LOADING]: Found valid mod file Corgilib-Forge-1.20.1-4.0.3.4.jar with {corgilib} mods - versions {4.0.3.4}
[18May2026 14:31:07.259] [main/DEBUG] [net.minecraftforge.fml.loading.moddiscovery.ModFile/LOADING]: Loading mod file /workspaces/VAlhalla-server/server/mods/Corgilib-Forge-1.20.1-4.0.3.4.jar with languages [LanguageSpec[languageName=javafml, acceptedVersions=[46,)]]
[18May2026 14:31:07.259] [main/DEBUG] [net.minecraftforge.fml.loading.moddiscovery.ModFileParser/LOADING]: Considering mod file candidate /workspaces/VAlhalla-server/server/mods/weaponmaster-1.4.3-1.20.1.jar
[18May2026 14:31:07.260] [main/DEBUG] [net.minecraftforge.fml.loading.moddiscovery.ModFileInfo/LOADING]: Found valid mod file weaponmaster-1.4.3-1.20.1.jar with {weaponmaster} mods - versions {1.4.3-1.20.1}
[18May2026 14:31:07.260] [main/DEBUG] [net.minecraftforge.fml.loading.moddiscovery.ModFile/LOADING]: Loading mod file /workspaces/VAlhalla-server/server/mods/weaponmaster-1.4.3-1.20.1.jar with languages [LanguageSpec[languageName=javafml, acceptedVersions=[40,)]]
[18May2026 14:31:07.260] [main/DEBUG] [net.minecraftforge.fml.loading.moddiscovery.ModFileParser/LOADING]: Considering mod file candidate 
[18May2026 14:31:07.260] [main/DEBUG] [net.minecraftforge.fml.loading.moddiscovery.ModFileInfo/LOADING]: Found valid mod file kffmod-4.12.0.jar with {kotlinforforge} mods - versions {4.12.0}
[18May2026 14:31:07.260] [main/DEBUG] [net.minecraftforge.fml.loading.moddiscovery.ModFile/LOADING]: Loading mod file  with languages [LanguageSpec[languageName=kotlinforforge, acceptedVersions=[4,)]]
[18May2026 14:31:07.260] [main/DEBUG] [net.minecraftforge.fml.loading.moddiscovery.ModFileParser/LOADING]: Considering mod file candidate /workspaces/VAlhalla-server/server/mods/Iceberg-1.20.1-forge-1.1.25.jar
[18May2026 14:31:07.261] [main/DEBUG] [net.minecraftforge.fml.loading.moddiscovery.ModFileInfo/LOADING]: Found valid mod file Iceberg-1.20.1-forge-1.1.25.jar with {iceberg} mods - versions {1.1.25}
[18May2026 14:31:07.261] [main/DEBUG] [net.minecraftforge.fml.loading.moddiscovery.ModFile/LOADING]: Loading mod file /workspaces/VAlhalla-server/server/mods/Iceberg-1.20.1-forge-1.1.25.jar with languages [LanguageSpec[languageName=javafml, acceptedVersions=[47,)]]
[18May2026 14:31:07.261] [main/DEBUG] [net.minecraftforge.fml.loading.moddiscovery.ModFileParser/LOADING]: Considering mod file candidate /workspaces/VAlhalla-server/server/mods/Mantle-1.20.1-1.11.104.jar
[18May2026 14:31:07.261] [main/DEBUG] [net.minecraftforge.fml.loading.moddiscovery.ModFileInfo/LOADING]: Found valid mod file Mantle-1.20.1-1.11.104.jar with {mantle} mods - versions {1.11.104}
[18May2026 14:31:07.262] [main/DEBUG] [net.minecraftforge.fml.loading.moddiscovery.ModFile/LOADING]: Loading mod file /workspaces/VAlhalla-server/server/mods/Mantle-1.20.1-1.11.104.jar with languages [LanguageSpec[languageName=javafml, acceptedVersions=*]]
[18May2026 14:31:07.262] [main/DEBUG] [net.minecraftforge.fml.loading.moddiscovery.ModFileParser/LOADING]: Considering mod file candidate /workspaces/VAlhalla-server/server/mods/xaerominimap-forge-1.20.1-25.3.13.jar
[18May2026 14:31:07.262] [main/DEBUG] [net.minecraftforge.fml.loading.moddiscovery.ModFileInfo/LOADING]: Found valid mod file xaerominimap-forge-1.20.1-25.3.13.jar with {xaerominimap} mods - versions {25.3.13}
[18May2026 14:31:07.262] [main/DEBUG] [net.minecraftforge.fml.loading.moddiscovery.ModFile/LOADING]: Loading mod file /workspaces/VAlhalla-server/server/mods/xaerominimap-forge-1.20.1-25.3.13.jar with languages [LanguageSpec[languageName=javafml, acceptedVersions=[46,48)]]
[18May2026 14:31:07.263] [main/DEBUG] [net.minecraftforge.fml.loading.moddiscovery.ModFileParser/LOADING]: Found coremod xaerohud_core with Javascript path META-INF/xaerohud_core.js
[18May2026 14:31:07.263] [main/DEBUG] [net.minecraftforge.fml.loading.moddiscovery.ModFile/LOADING]: Found coremod META-INF/xaerohud_core.js
[18May2026 14:31:07.263] [main/DEBUG] [net.minecraftforge.fml.loading.moddiscovery.ModFileParser/LOADING]: Considering mod file candidate /workspaces/VAlhalla-server/server/mods/gravestone-forge-1.20.1-1.0.35.jar
[18May2026 14:31:07.263] [main/DEBUG] [net.minecraftforge.fml.loading.moddiscovery.ModFileInfo/LOADING]: Found valid mod file gravestone-forge-1.20.1-1.0.35.jar with {gravestone} mods - versions {1.20.1-1.0.35}
[18May2026 14:31:07.263] [main/DEBUG] [net.minecraftforge.fml.loading.moddiscovery.ModFile/LOADING]: Loading mod file /workspaces/VAlhalla-server/server/mods/gravestone-forge-1.20.1-1.0.35.jar with languages [LanguageSpec[languageName=javafml, acceptedVersions=*]]
[18May2026 14:31:07.263] [main/DEBUG] [net.minecraftforge.fml.loading.moddiscovery.ModFileParser/LOADING]: Considering mod file candidate /workspaces/VAlhalla-server/server/mods/FastWorkbench-1.20.1-8.0.4.jar
[18May2026 14:31:07.264] [main/DEBUG] [net.minecraftforge.fml.loading.moddiscovery.ModFileInfo/LOADING]: Found valid mod file FastWorkbench-1.20.1-8.0.4.jar with {fastbench} mods - versions {8.0.4}
[18May2026 14:31:07.264] [main/DEBUG] [net.minecraftforge.fml.loading.moddiscovery.ModFile/LOADING]: Loading mod file /workspaces/VAlhalla-server/server/mods/FastWorkbench-1.20.1-8.0.4.jar with languages [LanguageSpec[languageName=javafml, acceptedVersions=[32,)]]
[18May2026 14:31:07.264] [main/DEBUG] [net.minecraftforge.fml.loading.moddiscovery.ModFileParser/LOADING]: Considering mod file candidate /workspaces/VAlhalla-server/server/mods/irons_spellbooks-1.20.1-3.15.6.jar
[18May2026 14:31:07.265] [main/DEBUG] [net.minecraftforge.fml.loading.moddiscovery.ModFileInfo/LOADING]: Found valid mod file irons_spellbooks-1.20.1-3.15.6.jar with {irons_spellbooks} mods - versions {1.20.1-3.15.6}
[18May2026 14:31:07.265] [main/DEBUG] [net.minecraftforge.fml.loading.moddiscovery.ModFile/LOADING]: Loading mod file /workspaces/VAlhalla-server/server/mods/irons_spellbooks-1.20.1-3.15.6.jar with languages [LanguageSpec[languageName=javafml, acceptedVersions=[47,)]]
[18May2026 14:31:07.265] [main/DEBUG] [net.minecraftforge.fml.loading.moddiscovery.ModFileParser/LOADING]: Considering mod file candidate /workspaces/VAlhalla-server/server/mods/dacxirons-1.5.4.jar
[18May2026 14:31:07.265] [main/DEBUG] [net.minecraftforge.fml.loading.moddiscovery.ModFileInfo/LOADING]: Found valid mod file dacxirons-1.5.4.jar with {dacxirons} mods - versions {1.5.4}
[18May2026 14:31:07.265] [main/DEBUG] [net.minecraftforge.fml.loading.moddiscovery.ModFile/LOADING]: Loading mod file /workspaces/VAlhalla-server/server/mods/dacxirons-1.5.4.jar with languages [LanguageSpec[languageName=javafml, acceptedVersions=[47,)]]
[18May2026 14:31:07.265] [main/DEBUG] [net.minecraftforge.fml.loading.moddiscovery.ModFileParser/LOADING]: Considering mod file candidate /workspaces/VAlhalla-server/server/mods/hardcorerevival-forge-1.20.1-12.0.11.jar
[18May2026 14:31:07.266] [main/DEBUG] [net.minecraftforge.fml.loading.moddiscovery.ModFileInfo/LOADING]: Found valid mod file hardcorerevival-forge-1.20.1-12.0.11.jar with {hardcorerevival} mods - versions {12.0.11}
[18May2026 14:31:07.266] [main/DEBUG] [net.minecraftforge.fml.loading.moddiscovery.ModFile/LOADING]: Loading mod file /workspaces/VAlhalla-server/server/mods/hardcorerevival-forge-1.20.1-12.0.11.jar with languages [LanguageSpec[languageName=javafml, acceptedVersions=[46,)]]
[18May2026 14:31:07.266] [main/DEBUG] [net.minecraftforge.fml.loading.moddiscovery.ModFileParser/LOADING]: Considering mod file candidate /workspaces/VAlhalla-server/server/mods/coroutil-forge-1.20.1-1.3.7.jar
[18May2026 14:31:07.269] [main/DEBUG] [net.minecraftforge.fml.loading.moddiscovery.ModFileInfo/LOADING]: Found valid mod file coroutil-forge-1.20.1-1.3.7.jar with {coroutil} mods - versions {1.20.1-1.3.7}
[18May2026 14:31:07.269] [main/DEBUG] [net.minecraftforge.fml.loading.moddiscovery.ModFile/LOADING]: Loading mod file /workspaces/VAlhalla-server/server/mods/coroutil-forge-1.20.1-1.3.7.jar with languages [LanguageSpec[languageName=javafml, acceptedVersions=[47,)]]
[18May2026 14:31:07.270] [main/DEBUG] [net.minecraftforge.fml.loading.moddiscovery.ModFileParser/LOADING]: Considering mod file candidate /workspaces/VAlhalla-server/server/mods/FastFurnace-1.20.1-8.0.2.jar
[18May2026 14:31:07.271] [main/DEBUG] [net.minecraftforge.fml.loading.moddiscovery.ModFileInfo/LOADING]: Found valid mod file FastFurnace-1.20.1-8.0.2.jar with {fastfurnace} mods - versions {8.0.2}
[18May2026 14:31:07.271] [main/DEBUG] [net.minecraftforge.fml.loading.moddiscovery.ModFile/LOADING]: Loading mod file /workspaces/VAlhalla-server/server/mods/FastFurnace-1.20.1-8.0.2.jar with languages [LanguageSpec[languageName=javafml, acceptedVersions=[32,)]]
[18May2026 14:31:07.271] [main/DEBUG] [net.minecraftforge.fml.loading.moddiscovery.ModFileParser/LOADING]: Considering mod file candidate /workspaces/VAlhalla-server/server/mods/ferritecore-6.0.1-forge.jar
[18May2026 14:31:07.271] [main/DEBUG] [net.minecraftforge.fml.loading.moddiscovery.ModFileInfo/LOADING]: Found valid mod file ferritecore-6.0.1-forge.jar with {ferritecore} mods - versions {6.0.1}
[18May2026 14:31:07.273] [main/DEBUG] [net.minecraftforge.fml.loading.moddiscovery.ModFile/LOADING]: Loading mod file /workspaces/VAlhalla-server/server/mods/ferritecore-6.0.1-forge.jar with languages [LanguageSpec[languageName=javafml, acceptedVersions=[28,)]]
[18May2026 14:31:07.273] [main/DEBUG] [net.minecraftforge.fml.loading.moddiscovery.ModFileParser/LOADING]: Considering mod file candidate /workspaces/VAlhalla-server/server/mods/Myths_and_Legends-1.6.1-forge.jar
[18May2026 14:31:07.274] [main/DEBUG] [net.minecraftforge.fml.loading.moddiscovery.ModFileInfo/LOADING]: Found valid mod file Myths_and_Legends-1.6.1-forge.jar with {mythsandlegends} mods - versions {1.6.1}
[18May2026 14:31:07.274] [main/DEBUG] [net.minecraftforge.fml.loading.moddiscovery.ModFile/LOADING]: Loading mod file /workspaces/VAlhalla-server/server/mods/Myths_and_Legends-1.6.1-forge.jar with languages [LanguageSpec[languageName=javafml, acceptedVersions=[47,)]]
[18May2026 14:31:07.274] [main/DEBUG] [net.minecraftforge.fml.loading.moddiscovery.ModFileParser/LOADING]: Considering mod file candidate /workspaces/VAlhalla-server/server/mods/Aquaculture-1.20.1-2.5.7.jar
[18May2026 14:31:07.275] [main/DEBUG] [net.minecraftforge.fml.loading.moddiscovery.ModFileInfo/LOADING]: Found valid mod file Aquaculture-1.20.1-2.5.7.jar with {aquaculture} mods - versions {2.5.7}
[18May2026 14:31:07.275] [main/DEBUG] [net.minecraftforge.fml.loading.moddiscovery.ModFile/LOADING]: Loading mod file /workspaces/VAlhalla-server/server/mods/Aquaculture-1.20.1-2.5.7.jar with languages [LanguageSpec[languageName=javafml, acceptedVersions=[47,)]]
[18May2026 14:31:07.275] [main/DEBUG] [net.minecraftforge.fml.loading.moddiscovery.ModFileParser/LOADING]: Considering mod file candidate /workspaces/VAlhalla-server/server/mods/aquamirae-forge-1.20.1-6.4.0.jar
[18May2026 14:31:07.275] [main/DEBUG] [net.minecraftforge.fml.loading.moddiscovery.ModFileInfo/LOADING]: Found valid mod file aquamirae-forge-1.20.1-6.4.0.jar with {aquamirae} mods - versions {6.4.0}
[18May2026 14:31:07.275] [main/DEBUG] [net.minecraftforge.fml.loading.moddiscovery.ModFile/LOADING]: Loading mod file /workspaces/VAlhalla-server/server/mods/aquamirae-forge-1.20.1-6.4.0.jar with languages [LanguageSpec[languageName=javafml, acceptedVersions=[47,)]]
[18May2026 14:31:07.275] [main/DEBUG] [net.minecraftforge.fml.loading.moddiscovery.ModFileParser/LOADING]: Considering mod file candidate /workspaces/VAlhalla-server/server/mods/cristellib-1.1.6-forge.jar
[18May2026 14:31:07.276] [main/DEBUG] [net.minecraftforge.fml.loading.moddiscovery.ModFileInfo/LOADING]: Found valid mod file cristellib-1.1.6-forge.jar with {cristellib} mods - versions {1.1.6}
[18May2026 14:31:07.276] [main/DEBUG] [net.minecraftforge.fml.loading.moddiscovery.ModFile/LOADING]: Loading mod file /workspaces/VAlhalla-server/server/mods/cristellib-1.1.6-forge.jar with languages [LanguageSpec[languageName=javafml, acceptedVersions=[47,)]]
[18May2026 14:31:07.276] [main/DEBUG] [net.minecraftforge.fml.loading.moddiscovery.ModFile/LOADING]: Loading mod file  with languages []
[18May2026 14:31:07.276] [main/DEBUG] [net.minecraftforge.fml.loading.moddiscovery.ModFile/LOADING]: Loading mod file  with languages []
[18May2026 14:31:07.276] [main/DEBUG] [net.minecraftforge.fml.loading.moddiscovery.ModFile/LOADING]: Loading mod file  with languages []
[18May2026 14:31:07.276] [main/DEBUG] [net.minecraftforge.fml.loading.moddiscovery.ModFile/LOADING]: Loading mod file  with languages []
[18May2026 14:31:07.277] [main/DEBUG] [net.minecraftforge.fml.loading.moddiscovery.ModFileParser/LOADING]: Considering mod file candidate 
[18May2026 14:31:07.277] [main/DEBUG] [net.minecraftforge.fml.loading.moddiscovery.ModFileInfo/LOADING]: Found valid mod file mixinsquared-forge-0.1.1.jar with {mixinsquared} mods - versions {0.1.1}
[18May2026 14:31:07.277] [main/DEBUG] [net.minecraftforge.fml.loading.moddiscovery.ModFile/LOADING]: Loading mod file  with languages [LanguageSpec[languageName=javafml, acceptedVersions=*]]
[18May2026 14:31:07.277] [main/DEBUG] [net.minecraftforge.fml.loading.moddiscovery.ModFile/LOADING]: Loading mod file  with languages []
[18May2026 14:31:07.277] [main/DEBUG] [net.minecraftforge.fml.loading.moddiscovery.ModFile/LOADING]: Loading mod file  with languages []
[18May2026 14:31:07.277] [main/DEBUG] [net.minecraftforge.fml.loading.moddiscovery.ModFile/LOADING]: Loading mod file  with languages []
[18May2026 14:31:07.277] [main/DEBUG] [net.minecraftforge.fml.loading.moddiscovery.ModFile/LOADING]: Loading mod file  with languages []
[18May2026 14:31:07.277] [main/DEBUG] [net.minecraftforge.fml.loading.moddiscovery.ModFile/LOADING]: Loading mod file  with languages []
[18May2026 14:31:07.277] [main/DEBUG] [net.minecraftforge.fml.loading.moddiscovery.ModFile/LOADING]: Loading mod file  with languages []
[18May2026 14:31:07.277] [main/DEBUG] [net.minecraftforge.fml.loading.moddiscovery.ModFile/LOADING]: Loading mod file  with languages []
[18May2026 14:31:07.278] [main/DEBUG] [net.minecraftforge.fml.loading.moddiscovery.ModFile/LOADING]: Loading mod file  with languages []
[18May2026 14:31:07.278] [main/DEBUG] [net.minecraftforge.fml.loading.moddiscovery.ModFileParser/LOADING]: Considering mod file candidate 
[18May2026 14:31:07.278] [main/DEBUG] [net.minecraftforge.fml.loading.moddiscovery.ModFileInfo/LOADING]: Found valid mod file mixinsquared-forge-0.1.1.jar with {mixinsquared} mods - versions {0.1.1}
[18May2026 14:31:07.278] [main/DEBUG] [net.minecraftforge.fml.loading.moddiscovery.ModFile/LOADING]: Loading mod file  with languages [LanguageSpec[languageName=javafml, acceptedVersions=*]]
[18May2026 14:31:07.278] [main/DEBUG] [net.minecraftforge.fml.loading.moddiscovery.ModFile/LOADING]: Loading mod file  with languages []
[18May2026 14:31:07.278] [main/DEBUG] [net.minecraftforge.fml.loading.moddiscovery.ModFile/LOADING]: Loading mod file  with languages []
[18May2026 14:31:07.278] [main/DEBUG] [net.minecraftforge.fml.loading.moddiscovery.ModFile/LOADING]: Loading mod file  with languages []
[18May2026 14:31:07.278] [main/DEBUG] [net.minecraftforge.fml.loading.moddiscovery.ModFile/LOADING]: Loading mod file  with languages []
[18May2026 14:31:07.279] [main/DEBUG] [cpw.mods.modlauncher.TransformationServiceDecorator/MODLAUNCHER]: End scan trigger - transformation service fml
[18May2026 14:31:07.293] [main/DEBUG] [net.minecraftforge.fml.loading.LanguageLoadingProvider/CORE]: Found 4 language providers
[18May2026 14:31:07.293] [main/DEBUG] [net.minecraftforge.fml.loading.LanguageLoadingProvider/CORE]: Found language provider minecraft, version 1.0
[18May2026 14:31:07.294] [main/DEBUG] [net.minecraftforge.fml.loading.LanguageLoadingProvider/CORE]: Found language provider kotlinforforge, version 4.12.0
[18May2026 14:31:07.297] [main/DEBUG] [net.minecraftforge.fml.loading.LanguageLoadingProvider/CORE]: Found language provider javafml, version 47
[18May2026 14:31:07.297] [main/DEBUG] [net.minecraftforge.fml.loading.LanguageLoadingProvider/CORE]: Found language provider lowcodefml, version 47
[18May2026 14:31:07.305] [main/DEBUG] [net.minecraftforge.fml.loading.UniqueModListBuilder/]: Found 2 mods for first modid mclib, selecting most recent based on version data
[18May2026 14:31:07.305] [main/DEBUG] [net.minecraftforge.fml.loading.UniqueModListBuilder/]: Selected file mclib-20.jar for modid mclib with version 0.0NONE
[18May2026 14:31:07.305] [main/DEBUG] [net.minecraftforge.fml.loading.UniqueModListBuilder/]: Found 2 mods for first modid mixinextras, selecting most recent based on version data
[18May2026 14:31:07.305] [main/DEBUG] [net.minecraftforge.fml.loading.UniqueModListBuilder/]: Selected file mixinextras-forge-0.5.3.jar for modid mixinextras with version 0.5.3
[18May2026 14:31:07.305] [main/DEBUG] [net.minecraftforge.fml.loading.UniqueModListBuilder/]: Found 2 mods for first modid NanoLiveConfig, selecting most recent based on version data
[18May2026 14:31:07.305] [main/DEBUG] [net.minecraftforge.fml.loading.UniqueModListBuilder/]: Selected file NanoLiveConfig-1.2.1.jar for modid NanoLiveConfig with version 0.0NONE
[18May2026 14:31:07.305] [main/DEBUG] [net.minecraftforge.fml.loading.UniqueModListBuilder/]: Found 2 mods for first modid jankson, selecting most recent based on version data
[18May2026 14:31:07.305] [main/DEBUG] [net.minecraftforge.fml.loading.UniqueModListBuilder/]: Selected file jankson-1.2.3.jar for modid jankson with version 0.0NONE
[18May2026 14:31:07.305] [main/DEBUG] [net.minecraftforge.fml.loading.UniqueModListBuilder/]: Found 2 mods for first modid mixinsquared, selecting most recent based on version data
[18May2026 14:31:07.305] [main/DEBUG] [net.minecraftforge.fml.loading.UniqueModListBuilder/]: Selected file mixinsquared-forge-0.1.1.jar for modid mixinsquared with version 0.1.1
[18May2026 14:31:07.305] [main/DEBUG] [net.minecraftforge.fml.loading.UniqueModListBuilder/]: Found 2 mods for first modid toml4j, selecting most recent based on version data
[18May2026 14:31:07.305] [main/DEBUG] [net.minecraftforge.fml.loading.UniqueModListBuilder/]: Selected file toml4j-0.7.2.jar for modid toml4j with version 0.0NONE
[18May2026 14:31:07.305] [main/DEBUG] [net.minecraftforge.fml.loading.UniqueModListBuilder/]: Found 2 mods for first modid MixinSquared, selecting most recent based on version data
[18May2026 14:31:07.305] [main/DEBUG] [net.minecraftforge.fml.loading.UniqueModListBuilder/]: Selected file MixinSquared-0.1.1.jar for modid MixinSquared with version 0.0NONE
[18May2026 14:31:07.305] [main/DEBUG] [net.minecraftforge.fml.loading.UniqueModListBuilder/]: Found 2 mods for first modid thedarkcolour.kotlinforforge.kfflib, selecting most recent based on version data
[18May2026 14:31:07.305] [main/DEBUG] [net.minecraftforge.fml.loading.UniqueModListBuilder/]: Selected file kfflib-4.12.0.jar for modid thedarkcolour.kotlinforforge.kfflib with version 4.12.0
[18May2026 14:31:07.305] [main/DEBUG] [net.minecraftforge.fml.loading.UniqueModListBuilder/]: Found 2 mods for first modid MixinExtras, selecting most recent based on version data
[18May2026 14:31:07.306] [main/DEBUG] [net.minecraftforge.fml.loading.UniqueModListBuilder/]: Selected file MixinExtras-0.5.3.jar for modid MixinExtras with version 0.5.3
[18May2026 14:31:07.307] [main/DEBUG] [net.minecraftforge.fml.loading.ModSorter/]: Configured system mods: [minecraft, forge]
[18May2026 14:31:07.307] [main/DEBUG] [net.minecraftforge.fml.loading.ModSorter/]: Found system mod: minecraft
[18May2026 14:31:07.307] [main/DEBUG] [net.minecraftforge.fml.loading.ModSorter/]: Found system mod: forge
[18May2026 14:31:07.310] [main/DEBUG] [net.minecraftforge.fml.loading.ModSorter/LOADING]: Found 253 mod requirements (213 mandatory, 40 optional)
[18May2026 14:31:07.312] [main/DEBUG] [net.minecraftforge.fml.loading.ModSorter/LOADING]: Found 0 mod requirements missing (0 mandatory, 0 optional)
[18May2026 14:31:08.033] [main/DEBUG] [cpw.mods.modlauncher.TransformationServicesHandler/MODLAUNCHER]: Transformation services loading transformers
[18May2026 14:31:08.034] [main/DEBUG] [cpw.mods.modlauncher.TransformationServiceDecorator/MODLAUNCHER]: Initializing transformers for transformation service mixin
[18May2026 14:31:08.034] [main/DEBUG] [cpw.mods.modlauncher.TransformationServiceDecorator/MODLAUNCHER]: Initialized transformers for transformation service mixin
[18May2026 14:31:08.034] [main/DEBUG] [cpw.mods.modlauncher.TransformationServiceDecorator/MODLAUNCHER]: Initializing transformers for transformation service fml
[18May2026 14:31:08.034] [main/DEBUG] [net.minecraftforge.fml.loading.FMLServiceProvider/CORE]: Loading coremod transformers
[18May2026 14:31:08.034] [main/DEBUG] [net.minecraftforge.coremod.CoreModEngine/COREMOD]: Loading CoreMod from META-INF/xaeroworldmap_core.js
[18May2026 14:31:08.306] [main/DEBUG] [net.minecraftforge.coremod.CoreModEngine/COREMOD]: CoreMod loaded successfully
[18May2026 14:31:08.308] [main/DEBUG] [net.minecraftforge.coremod.CoreModEngine/COREMOD]: Loading CoreMod from coremods/get_ench_level_event.js
[18May2026 14:31:08.331] [main/DEBUG] [net.minecraftforge.coremod.CoreModEngine/COREMOD]: CoreMod loaded successfully
[18May2026 14:31:08.336] [main/DEBUG] [net.minecraftforge.coremod.CoreModEngine/COREMOD]: Loading CoreMod from coremods/get_ench_level_event_specific.js
[18May2026 14:31:08.353] [main/DEBUG] [net.minecraftforge.coremod.CoreModEngine/COREMOD]: CoreMod loaded successfully
[18May2026 14:31:08.354] [main/DEBUG] [net.minecraftforge.coremod.CoreModEngine/COREMOD]: Loading CoreMod from META-INF/asm/seed.js
[18May2026 14:31:08.379] [main/DEBUG] [net.minecraftforge.coremod.CoreModEngine/COREMOD]: CoreMod loaded successfully
[18May2026 14:31:08.381] [main/DEBUG] [net.minecraftforge.coremod.CoreModEngine/COREMOD]: Loading CoreMod from META-INF/asm/maprendercontext.js
[18May2026 14:31:08.487] [main/DEBUG] [net.minecraftforge.coremod.CoreModEngine/COREMOD]: CoreMod loaded successfully
[18May2026 14:31:08.494] [main/DEBUG] [net.minecraftforge.coremod.CoreModEngine/COREMOD]: Loading CoreMod from META-INF/asm/music.js
[18May2026 14:31:08.529] [main/DEBUG] [net.minecraftforge.coremod.CoreModEngine/COREMOD]: CoreMod loaded successfully
[18May2026 14:31:08.530] [main/DEBUG] [net.minecraftforge.coremod.CoreModEngine/COREMOD]: Loading CoreMod from META-INF/asm/multipart.js
[18May2026 14:31:08.580] [main/DEBUG] [net.minecraftforge.coremod.CoreModEngine/COREMOD]: CoreMod loaded successfully
[18May2026 14:31:08.582] [main/DEBUG] [net.minecraftforge.coremod.CoreModEngine/COREMOD]: Loading CoreMod from META-INF/asm/foliage.js
[18May2026 14:31:08.604] [main/DEBUG] [net.minecraftforge.coremod.CoreModEngine/COREMOD]: CoreMod loaded successfully
[18May2026 14:31:08.604] [main/DEBUG] [net.minecraftforge.coremod.CoreModEngine/COREMOD]: Loading CoreMod from META-INF/asm/mount.js
[18May2026 14:31:08.635] [main/DEBUG] [net.minecraftforge.coremod.CoreModEngine/COREMOD]: CoreMod loaded successfully
[18May2026 14:31:08.635] [main/DEBUG] [net.minecraftforge.coremod.CoreModEngine/COREMOD]: Loading CoreMod from META-INF/asm/book.js
[18May2026 14:31:08.646] [main/DEBUG] [net.minecraftforge.coremod.CoreModEngine/COREMOD]: CoreMod loaded successfully
[18May2026 14:31:08.647] [main/DEBUG] [net.minecraftforge.coremod.CoreModEngine/COREMOD]: Loading CoreMod from META-INF/asm/conquered.js
[18May2026 14:31:08.668] [main/DEBUG] [net.minecraftforge.coremod.CoreModEngine/COREMOD]: CoreMod loaded successfully
[18May2026 14:31:08.668] [main/DEBUG] [net.minecraftforge.coremod.CoreModEngine/COREMOD]: Loading CoreMod from META-INF/asm/reach.js
[18May2026 14:31:08.680] [main/DEBUG] [net.minecraftforge.coremod.CoreModEngine/COREMOD]: CoreMod loaded successfully
[18May2026 14:31:08.681] [main/DEBUG] [net.minecraftforge.coremod.CoreModEngine/COREMOD]: Loading CoreMod from META-INF/asm/shroom.js
[18May2026 14:31:08.693] [main/DEBUG] [net.minecraftforge.coremod.CoreModEngine/COREMOD]: CoreMod loaded successfully
[18May2026 14:31:08.693] [main/DEBUG] [net.minecraftforge.coremod.CoreModEngine/COREMOD]: Loading CoreMod from META-INF/asm/cloud.js
[18May2026 14:31:08.712] [main/DEBUG] [net.minecraftforge.coremod.CoreModEngine/COREMOD]: CoreMod loaded successfully
[18May2026 14:31:08.712] [main/DEBUG] [net.minecraftforge.coremod.CoreModEngine/COREMOD]: Loading CoreMod from META-INF/asm/lead.js
[18May2026 14:31:08.725] [main/DEBUG] [net.minecraftforge.coremod.CoreModEngine/COREMOD]: CoreMod loaded successfully
[18May2026 14:31:08.725] [main/DEBUG] [net.minecraftforge.coremod.CoreModEngine/COREMOD]: Loading CoreMod from coremods/field_to_method.js
[18May2026 14:31:08.741] [main/DEBUG] [net.minecraftforge.coremod.CoreModEngine/COREMOD]: CoreMod loaded successfully
[18May2026 14:31:08.742] [main/DEBUG] [net.minecraftforge.coremod.CoreModEngine/COREMOD]: Loading CoreMod from coremods/field_to_instanceof.js
[18May2026 14:31:08.772] [main/DEBUG] [net.minecraftforge.coremod.CoreModEngine/COREMOD]: CoreMod loaded successfully
[18May2026 14:31:08.773] [main/DEBUG] [net.minecraftforge.coremod.CoreModEngine/COREMOD]: Loading CoreMod from coremods/add_bouncer_method.js
[18May2026 14:31:08.810] [main/DEBUG] [net.minecraftforge.coremod.CoreModEngine/COREMOD]: CoreMod loaded successfully
[18May2026 14:31:08.810] [main/DEBUG] [net.minecraftforge.coremod.CoreModEngine/COREMOD]: Loading CoreMod from coremods/method_redirector.js
[18May2026 14:31:08.885] [main/DEBUG] [net.minecraftforge.coremod.CoreModEngine/COREMOD]: CoreMod loaded successfully
[18May2026 14:31:08.886] [main/DEBUG] [net.minecraftforge.coremod.CoreModEngine/COREMOD]: Loading CoreMod from META-INF/xaerohud_core.js
[18May2026 14:31:08.946] [main/DEBUG] [net.minecraftforge.coremod.CoreModEngine/COREMOD]: CoreMod loaded successfully
[18May2026 14:31:08.967] [main/DEBUG] [cpw.mods.modlauncher.TransformStore/MODLAUNCHER]: Adding transformer net.minecraftforge.coremod.transformer.CoreModMethodTransformer@341c6ac2 to Target : METHOD {Lnet/minecraftforge/common/extensions/IForgeItemStack;} {getAllEnchantments} {()Ljava/util/Map;}
[18May2026 14:31:08.969] [main/DEBUG] [cpw.mods.modlauncher.TransformStore/MODLAUNCHER]: Adding transformer net.minecraftforge.coremod.transformer.CoreModMethodTransformer@5c59a0f7 to Target : METHOD {Lnet/minecraftforge/common/extensions/IForgeItemStack;} {getEnchantmentLevel} {(Lnet/minecraft/world/item/enchantment/Enchantment;)I}
[18May2026 14:31:08.969] [main/DEBUG] [cpw.mods.modlauncher.TransformStore/MODLAUNCHER]: Adding transformer net.minecraftforge.coremod.transformer.CoreModMethodTransformer@101330ad to Target : METHOD {Lnet/minecraft/world/level/levelgen/WorldOptions;} {<init>} {(JZZLjava/util/Optional;)V}
[18May2026 14:31:08.969] [main/DEBUG] [cpw.mods.modlauncher.TransformStore/MODLAUNCHER]: Adding transformer net.minecraftforge.coremod.transformer.CoreModMethodTransformer@625487a6 to Target : METHOD {Lnet/minecraft/client/gui/MapRenderer$MapInstance;} {m_93291_} {(Lcom/mojang/blaze3d/vertex/PoseStack;Lnet/minecraft/client/renderer/MultiBufferSource;ZI)V}
[18May2026 14:31:08.970] [main/DEBUG] [cpw.mods.modlauncher.TransformStore/MODLAUNCHER]: Adding transformer net.minecraftforge.coremod.transformer.CoreModMethodTransformer@682e445e to Target : METHOD {Lnet/minecraft/client/renderer/ItemInHandRenderer;} {m_109371_} {(Lnet/minecraft/client/player/AbstractClientPlayer;FFLnet/minecraft/world/InteractionHand;FLnet/minecraft/world/item/ItemStack;FLcom/mojang/blaze3d/vertex/PoseStack;Lnet/minecraft/client/renderer/MultiBufferSource;I)V}
[18May2026 14:31:08.970] [main/DEBUG] [cpw.mods.modlauncher.TransformStore/MODLAUNCHER]: Adding transformer net.minecraftforge.coremod.transformer.CoreModMethodTransformer@79e10fb4 to Target : METHOD {Lnet/minecraft/world/entity/decoration/ItemFrame;} {m_218868_} {()Ljava/util/OptionalInt;}
[18May2026 14:31:08.970] [main/DEBUG] [cpw.mods.modlauncher.TransformStore/MODLAUNCHER]: Adding transformer net.minecraftforge.coremod.transformer.CoreModMethodTransformer@70fede7d to Target : METHOD {Lnet/minecraft/client/renderer/ItemInHandRenderer;} {m_109366_} {(Lcom/mojang/blaze3d/vertex/PoseStack;Lnet/minecraft/client/renderer/MultiBufferSource;ILnet/minecraft/world/item/ItemStack;)V}
[18May2026 14:31:08.970] [main/DEBUG] [cpw.mods.modlauncher.TransformStore/MODLAUNCHER]: Adding transformer net.minecraftforge.coremod.transformer.CoreModMethodTransformer@36510e73 to Target : METHOD {Lnet/minecraft/world/item/MapItem;} {m_7373_} {(Lnet/minecraft/world/item/ItemStack;Lnet/minecraft/world/level/Level;Ljava/util/List;Lnet/minecraft/world/item/TooltipFlag;)V}
[18May2026 14:31:08.971] [main/DEBUG] [cpw.mods.modlauncher.TransformStore/MODLAUNCHER]: Adding transformer net.minecraftforge.coremod.transformer.CoreModMethodTransformer@2c47a053 to Target : METHOD {Lnet/minecraft/client/sounds/MusicManager;} {m_120183_} {()V}
[18May2026 14:31:08.971] [main/DEBUG] [cpw.mods.modlauncher.TransformStore/MODLAUNCHER]: Adding transformer net.minecraftforge.coremod.transformer.CoreModMethodTransformer@5d2a86c0 to Target : METHOD {Lnet/minecraft/server/level/ServerEntity;} {m_8543_} {()V}
[18May2026 14:31:08.971] [main/DEBUG] [cpw.mods.modlauncher.TransformStore/MODLAUNCHER]: Adding transformer net.minecraftforge.coremod.transformer.CoreModMethodTransformer@5ba1b62e to Target : METHOD {Lnet/minecraft/client/renderer/entity/EntityRenderDispatcher;} {m_6213_} {(Lnet/minecraft/server/packs/resources/ResourceManager;)V}
[18May2026 14:31:08.971] [main/DEBUG] [cpw.mods.modlauncher.TransformStore/MODLAUNCHER]: Adding transformer net.minecraftforge.coremod.transformer.CoreModMethodTransformer@65bd19bf to Target : METHOD {Lnet/minecraft/client/renderer/entity/EntityRenderDispatcher;} {m_114382_} {(Lnet/minecraft/world/entity/Entity;)Lnet/minecraft/client/renderer/entity/EntityRenderer;}
[18May2026 14:31:08.971] [main/DEBUG] [cpw.mods.modlauncher.TransformStore/MODLAUNCHER]: Adding transformer net.minecraftforge.coremod.transformer.CoreModMethodTransformer@74697863 to Target : METHOD {Lnet/minecraft/client/renderer/LevelRenderer;} {m_109599_} {(Lcom/mojang/blaze3d/vertex/PoseStack;FJZLnet/minecraft/client/Camera;Lnet/minecraft/client/renderer/GameRenderer;Lnet/minecraft/client/renderer/LightTexture;Lorg/joml/Matrix4f;)V}
[18May2026 14:31:08.971] [main/DEBUG] [cpw.mods.modlauncher.TransformStore/MODLAUNCHER]: Adding transformer net.minecraftforge.coremod.transformer.CoreModMethodTransformer@7d7ceca8 to Target : METHOD {Lnet/minecraft/client/renderer/BiomeColors;} {m_108807_} {(Lnet/minecraft/world/level/biome/Biome;DD)I}
[18May2026 14:31:08.972] [main/DEBUG] [cpw.mods.modlauncher.TransformStore/MODLAUNCHER]: Adding transformer net.minecraftforge.coremod.transformer.CoreModMethodTransformer@2bba35ef to Target : METHOD {Lnet/minecraft/client/player/LocalPlayer;} {m_6083_} {()V}
[18May2026 14:31:08.972] [main/DEBUG] [cpw.mods.modlauncher.TransformStore/MODLAUNCHER]: Adding transformer net.minecraftforge.coremod.transformer.CoreModMethodTransformer@26c7b1c6 to Target : METHOD {Lnet/minecraft/world/item/WrittenBookItem;} {m_7626_} {(Lnet/minecraft/world/item/ItemStack;)Lnet/minecraft/network/chat/Component;}
[18May2026 14:31:08.972] [main/DEBUG] [cpw.mods.modlauncher.TransformStore/MODLAUNCHER]: Adding transformer net.minecraftforge.coremod.transformer.CoreModMethodTransformer@19526f1d to Target : METHOD {Lnet/minecraft/world/level/levelgen/structure/StructureStart;} {m_226857_} {(Lnet/minecraft/world/level/levelgen/structure/pieces/StructurePieceSerializationContext;Lnet/minecraft/nbt/CompoundTag;J)Lnet/minecraft/world/level/levelgen/structure/StructureStart;}
[18May2026 14:31:08.972] [main/DEBUG] [cpw.mods.modlauncher.TransformStore/MODLAUNCHER]: Adding transformer net.minecraftforge.coremod.transformer.CoreModMethodTransformer@3d1c933 to Target : METHOD {Lnet/minecraft/world/item/Item;} {m_41435_} {(Lnet/minecraft/world/level/Level;Lnet/minecraft/world/entity/player/Player;Lnet/minecraft/world/level/ClipContext$Fluid;)Lnet/minecraft/world/phys/BlockHitResult;}
[18May2026 14:31:08.972] [main/DEBUG] [cpw.mods.modlauncher.TransformStore/MODLAUNCHER]: Adding transformer net.minecraftforge.coremod.transformer.CoreModMethodTransformer@79be91eb to Target : METHOD {Lnet/minecraft/world/level/block/MushroomBlock;} {m_7898_} {(Lnet/minecraft/world/level/block/state/BlockState;Lnet/minecraft/world/level/LevelReader;Lnet/minecraft/core/BlockPos;)Z}
[18May2026 14:31:08.972] [main/DEBUG] [cpw.mods.modlauncher.TransformStore/MODLAUNCHER]: Adding transformer net.minecraftforge.coremod.transformer.CoreModMethodTransformer@626c569b to Target : METHOD {Lnet/minecraft/world/level/Level;} {m_46758_} {(Lnet/minecraft/core/BlockPos;)Z}
[18May2026 14:31:08.973] [main/DEBUG] [cpw.mods.modlauncher.TransformStore/MODLAUNCHER]: Adding transformer net.minecraftforge.coremod.transformer.CoreModMethodTransformer@684ce74c to Target : METHOD {Lnet/minecraft/world/entity/decoration/LeashFenceKnotEntity;} {m_7088_} {()Z}
[18May2026 14:31:08.973] [main/DEBUG] [cpw.mods.modlauncher.TransformStore/MODLAUNCHER]: Adding transformer net.minecraftforge.coremod.transformer.CoreModMethodTransformer@65593327 to Target : METHOD {Lnet/minecraft/client/ToggleKeyMapping;} {m_90857_} {()Z}
[18May2026 14:31:08.973] [main/DEBUG] [cpw.mods.modlauncher.TransformStore/MODLAUNCHER]: Adding transformer net.minecraftforge.coremod.transformer.CoreModClassTransformer@68bd8ca7 to Target : CLASS {Lnet/minecraft/world/level/biome/Biome;} {} {V}
[18May2026 14:31:08.973] [main/DEBUG] [cpw.mods.modlauncher.TransformStore/MODLAUNCHER]: Adding transformer net.minecraftforge.coremod.transformer.CoreModClassTransformer@6744707b to Target : CLASS {Lnet/minecraft/world/level/levelgen/structure/Structure;} {} {V}
[18May2026 14:31:08.973] [main/DEBUG] [cpw.mods.modlauncher.TransformStore/MODLAUNCHER]: Adding transformer net.minecraftforge.coremod.transformer.CoreModClassTransformer@4b28a7bf to Target : CLASS {Lnet/minecraft/world/effect/MobEffectInstance;} {} {V}
[18May2026 14:31:08.973] [main/DEBUG] [cpw.mods.modlauncher.TransformStore/MODLAUNCHER]: Adding transformer net.minecraftforge.coremod.transformer.CoreModClassTransformer@d36c1c3 to Target : CLASS {Lnet/minecraft/world/level/block/LiquidBlock;} {} {V}
[18May2026 14:31:08.974] [main/DEBUG] [cpw.mods.modlauncher.TransformStore/MODLAUNCHER]: Adding transformer net.minecraftforge.coremod.transformer.CoreModClassTransformer@96abc76 to Target : CLASS {Lnet/minecraft/world/item/BucketItem;} {} {V}
[18May2026 14:31:08.974] [main/DEBUG] [cpw.mods.modlauncher.TransformStore/MODLAUNCHER]: Adding transformer net.minecraftforge.coremod.transformer.CoreModClassTransformer@4d69d288 to Target : CLASS {Lnet/minecraft/world/level/block/StairBlock;} {} {V}
[18May2026 14:31:08.974] [main/DEBUG] [cpw.mods.modlauncher.TransformStore/MODLAUNCHER]: Adding transformer net.minecraftforge.coremod.transformer.CoreModClassTransformer@437281c5 to Target : CLASS {Lnet/minecraft/world/level/block/FlowerPotBlock;} {} {V}
[18May2026 14:31:08.975] [main/DEBUG] [cpw.mods.modlauncher.TransformStore/MODLAUNCHER]: Adding transformer net.minecraftforge.coremod.transformer.CoreModClassTransformer@787178b1 to Target : CLASS {Lnet/minecraft/world/item/ItemStack;} {} {V}
[18May2026 14:31:08.975] [main/DEBUG] [cpw.mods.modlauncher.TransformStore/MODLAUNCHER]: Adding transformer net.minecraftforge.coremod.transformer.CoreModClassTransformer@24a4e2c5 to Target : CLASS {Lnet/minecraft/network/play/client/CClientSettingsPacket;} {} {V}
[18May2026 14:31:08.976] [main/DEBUG] [cpw.mods.modlauncher.TransformStore/MODLAUNCHER]: Adding transformer net.minecraftforge.coremod.transformer.CoreModClassTransformer@27da994b to Target : CLASS {Lnet/minecraft/world/level/levelgen/PatrolSpawner;} {} {V}
[18May2026 14:31:08.976] [main/DEBUG] [cpw.mods.modlauncher.TransformStore/MODLAUNCHER]: Adding transformer net.minecraftforge.coremod.transformer.CoreModClassTransformer@27da994b to Target : CLASS {Lnet/minecraft/world/entity/monster/Evoker$EvokerSummonSpellGoal;} {} {V}
[18May2026 14:31:08.976] [main/DEBUG] [cpw.mods.modlauncher.TransformStore/MODLAUNCHER]: Adding transformer net.minecraftforge.coremod.transformer.CoreModClassTransformer@27da994b to Target : CLASS {Lnet/minecraft/world/level/NaturalSpawner;} {} {V}
[18May2026 14:31:08.976] [main/DEBUG] [cpw.mods.modlauncher.TransformStore/MODLAUNCHER]: Adding transformer net.minecraftforge.coremod.transformer.CoreModClassTransformer@27da994b to Target : CLASS {Lnet/minecraft/world/entity/monster/Spider;} {} {V}
[18May2026 14:31:08.976] [main/DEBUG] [cpw.mods.modlauncher.TransformStore/MODLAUNCHER]: Adding transformer net.minecraftforge.coremod.transformer.CoreModClassTransformer@27da994b to Target : CLASS {Lnet/minecraft/world/level/levelgen/structure/structures/OceanMonumentPieces$OceanMonumentPiece;} {} {V}
[18May2026 14:31:08.976] [main/DEBUG] [cpw.mods.modlauncher.TransformStore/MODLAUNCHER]: Adding transformer net.minecraftforge.coremod.transformer.CoreModClassTransformer@27da994b to Target : CLASS {Lnet/minecraft/world/entity/EntityType;} {} {V}
[18May2026 14:31:08.976] [main/DEBUG] [cpw.mods.modlauncher.TransformStore/MODLAUNCHER]: Adding transformer net.minecraftforge.coremod.transformer.CoreModClassTransformer@27da994b to Target : CLASS {Lnet/minecraft/world/entity/monster/ZombieVillager;} {} {V}
[18May2026 14:31:08.977] [main/DEBUG] [cpw.mods.modlauncher.TransformStore/MODLAUNCHER]: Adding transformer net.minecraftforge.coremod.transformer.CoreModClassTransformer@27da994b to Target : CLASS {Lnet/minecraft/world/level/levelgen/structure/templatesystem/StructureTemplate;} {} {V}
[18May2026 14:31:08.977] [main/DEBUG] [cpw.mods.modlauncher.TransformStore/MODLAUNCHER]: Adding transformer net.minecraftforge.coremod.transformer.CoreModClassTransformer@27da994b to Target : CLASS {Lnet/minecraft/world/entity/animal/horse/SkeletonTrapGoal;} {} {V}
[18May2026 14:31:08.977] [main/DEBUG] [cpw.mods.modlauncher.TransformStore/MODLAUNCHER]: Adding transformer net.minecraftforge.coremod.transformer.CoreModClassTransformer@27da994b to Target : CLASS {Lnet/minecraft/world/level/levelgen/PhantomSpawner;} {} {V}
[18May2026 14:31:08.977] [main/DEBUG] [cpw.mods.modlauncher.TransformStore/MODLAUNCHER]: Adding transformer net.minecraftforge.coremod.transformer.CoreModClassTransformer@27da994b to Target : CLASS {Lnet/minecraft/world/entity/monster/Strider;} {} {V}
[18May2026 14:31:08.977] [main/DEBUG] [cpw.mods.modlauncher.TransformStore/MODLAUNCHER]: Adding transformer net.minecraftforge.coremod.transformer.CoreModClassTransformer@27da994b to Target : CLASS {Lnet/minecraft/world/entity/raid/Raid;} {} {V}
[18May2026 14:31:08.977] [main/DEBUG] [cpw.mods.modlauncher.TransformStore/MODLAUNCHER]: Adding transformer net.minecraftforge.coremod.transformer.CoreModClassTransformer@27da994b to Target : CLASS {Lnet/minecraft/world/level/levelgen/structure/structures/SwampHutPiece;} {} {V}
[18May2026 14:31:08.977] [main/DEBUG] [cpw.mods.modlauncher.TransformStore/MODLAUNCHER]: Adding transformer net.minecraftforge.coremod.transformer.CoreModClassTransformer@27da994b to Target : CLASS {Lnet/minecraft/server/commands/RaidCommand;} {} {V}
[18May2026 14:31:08.977] [main/DEBUG] [cpw.mods.modlauncher.TransformStore/MODLAUNCHER]: Adding transformer net.minecraftforge.coremod.transformer.CoreModClassTransformer@27da994b to Target : CLASS {Lnet/minecraft/world/entity/monster/Zombie;} {} {V}
[18May2026 14:31:08.977] [main/DEBUG] [cpw.mods.modlauncher.TransformStore/MODLAUNCHER]: Adding transformer net.minecraftforge.coremod.transformer.CoreModClassTransformer@27da994b to Target : CLASS {Lnet/minecraft/world/level/levelgen/structure/structures/WoodlandMansionPieces$WoodlandMansionPiece;} {} {V}
[18May2026 14:31:08.977] [main/DEBUG] [cpw.mods.modlauncher.TransformStore/MODLAUNCHER]: Adding transformer net.minecraftforge.coremod.transformer.CoreModClassTransformer@27da994b to Target : CLASS {Lnet/minecraft/world/entity/ai/village/VillageSiege;} {} {V}
[18May2026 14:31:08.977] [main/DEBUG] [cpw.mods.modlauncher.TransformStore/MODLAUNCHER]: Adding transformer net.minecraftforge.coremod.transformer.CoreModClassTransformer@27da994b to Target : CLASS {Lnet/minecraft/server/commands/SummonCommand;} {} {V}
[18May2026 14:31:08.977] [main/DEBUG] [cpw.mods.modlauncher.TransformStore/MODLAUNCHER]: Adding transformer net.minecraftforge.coremod.transformer.CoreModClassTransformer@27da994b to Target : CLASS {Lnet/minecraft/world/entity/npc/CatSpawner;} {} {V}
[18May2026 14:31:08.977] [main/DEBUG] [cpw.mods.modlauncher.TransformStore/MODLAUNCHER]: Adding transformer net.minecraftforge.coremod.transformer.CoreModClassTransformer@27da994b to Target : CLASS {Lnet/minecraft/world/level/levelgen/structure/structures/OceanRuinPieces$OceanRuinPiece;} {} {V}
[18May2026 14:31:08.977] [main/DEBUG] [cpw.mods.modlauncher.TransformStore/MODLAUNCHER]: Adding transformer net.minecraftforge.coremod.transformer.CoreModClassTransformer@27da994b to Target : CLASS {Lnet/minecraft/world/entity/animal/frog/Tadpole;} {} {V}
[18May2026 14:31:08.977] [main/DEBUG] [cpw.mods.modlauncher.TransformStore/MODLAUNCHER]: Adding transformer net.minecraftforge.coremod.transformer.CoreModClassTransformer@27da994b to Target : CLASS {Lnet/minecraft/world/entity/npc/Villager;} {} {V}
[18May2026 14:31:08.977] [main/DEBUG] [cpw.mods.modlauncher.TransformationServiceDecorator/MODLAUNCHER]: Initialized transformers for transformation service fml
[18May2026 14:31:12.997] [main/DEBUG] [mixin/]: Processing prepare() for PlatformAgent[MixinPlatformAgentDefault:ModLauncher Root Container(ModLauncher:4f56a0a2)]
[18May2026 14:31:12.998] [main/DEBUG] [mixin/]: Processing launch tasks for PlatformAgent[MixinPlatformAgentDefault:ModLauncher Root Container(ModLauncher:4f56a0a2)]
[18May2026 14:31:12.998] [main/DEBUG] [mixin/]: Adding mixin platform agents for container SecureJarResource(weaponmaster_ydm)
[18May2026 14:31:12.998] [main/DEBUG] [mixin/]: Instancing new MixinPlatformAgentMinecraftForge for SecureJarResource(weaponmaster_ydm)
[18May2026 14:31:12.998] [main/DEBUG] [mixin/]: MixinPlatformAgentMinecraftForge rejected container SecureJarResource(weaponmaster_ydm)
[18May2026 14:31:12.998] [main/DEBUG] [mixin/]: Instancing new MixinPlatformAgentDefault for SecureJarResource(weaponmaster_ydm)
[18May2026 14:31:12.998] [main/DEBUG] [mixin/]: MixinPlatformAgentDefault accepted container SecureJarResource(weaponmaster_ydm)
[18May2026 14:31:12.998] [main/DEBUG] [mixin/]: Processing prepare() for PlatformAgent[MixinPlatformAgentDefault:SecureJarResource(weaponmaster_ydm)]
[18May2026 14:31:12.999] [main/DEBUG] [mixin/]: Registering mixin config: weaponmaster_ydm.mixins.json
[18May2026 14:31:13.015] [main/DEBUG] [mixin/]: Compatibility level JAVA_8 specified by weaponmaster_ydm.mixins.json is lower than the default level supported by the current mixin service (JAVA_16).
[18May2026 14:31:13.016] [main/DEBUG] [mixin/]: Adding mixin platform agents for container SecureJarResource(uniquedungeons)
[18May2026 14:31:13.016] [main/DEBUG] [mixin/]: Instancing new MixinPlatformAgentMinecraftForge for SecureJarResource(uniquedungeons)
[18May2026 14:31:13.016] [main/DEBUG] [mixin/]: MixinPlatformAgentMinecraftForge rejected container SecureJarResource(uniquedungeons)
[18May2026 14:31:13.017] [main/DEBUG] [mixin/]: Instancing new MixinPlatformAgentDefault for SecureJarResource(uniquedungeons)
[18May2026 14:31:13.017] [main/DEBUG] [mixin/]: MixinPlatformAgentDefault accepted container SecureJarResource(uniquedungeons)
[18May2026 14:31:13.017] [main/DEBUG] [mixin/]: Processing prepare() for PlatformAgent[MixinPlatformAgentDefault:SecureJarResource(uniquedungeons)]
[18May2026 14:31:13.017] [main/DEBUG] [mixin/]: Registering mixin config: uniquedungeons.mixin.json
[18May2026 14:31:13.020] [main/DEBUG] [mixin/]: Compatibility level JAVA_17 specified by uniquedungeons.mixin.json is higher than the maximum level supported by this version of mixin (JAVA_13).
[18May2026 14:31:13.044] [main/INFO] [mixin/]: Compatibility level set to JAVA_17
[18May2026 14:31:13.045] [main/DEBUG] [mixin/]: Adding mixin platform agents for container SecureJarResource(kuma_api)
[18May2026 14:31:13.045] [main/DEBUG] [mixin/]: Instancing new MixinPlatformAgentMinecraftForge for SecureJarResource(kuma_api)
[18May2026 14:31:13.045] [main/DEBUG] [mixin/]: MixinPlatformAgentMinecraftForge rejected container SecureJarResource(kuma_api)
[18May2026 14:31:13.045] [main/DEBUG] [mixin/]: Instancing new MixinPlatformAgentDefault for SecureJarResource(kuma_api)
[18May2026 14:31:13.045] [main/DEBUG] [mixin/]: MixinPlatformAgentDefault accepted container SecureJarResource(kuma_api)
[18May2026 14:31:13.045] [main/DEBUG] [mixin/]: Processing prepare() for PlatformAgent[MixinPlatformAgentDefault:SecureJarResource(kuma_api)]
[18May2026 14:31:13.045] [main/DEBUG] [mixin/]: Registering mixin config: kuma_api.mixins.json
[18May2026 14:31:13.048] [main/DEBUG] [mixin/]: Registering mixin config: kuma_api.forge.mixins.json
[18May2026 14:31:13.054] [main/DEBUG] [mixin/]: Adding mixin platform agents for container SecureJarResource(geckolib)
[18May2026 14:31:13.054] [main/DEBUG] [mixin/]: Instancing new MixinPlatformAgentMinecraftForge for SecureJarResource(geckolib)
[18May2026 14:31:13.054] [main/DEBUG] [mixin/]: MixinPlatformAgentMinecraftForge rejected container SecureJarResource(geckolib)
[18May2026 14:31:13.054] [main/DEBUG] [mixin/]: Instancing new MixinPlatformAgentDefault for SecureJarResource(geckolib)
[18May2026 14:31:13.054] [main/DEBUG] [mixin/]: MixinPlatformAgentDefault accepted container SecureJarResource(geckolib)
[18May2026 14:31:13.054] [main/DEBUG] [mixin/]: Processing prepare() for PlatformAgent[MixinPlatformAgentDefault:SecureJarResource(geckolib)]
[18May2026 14:31:13.054] [main/DEBUG] [mixin/]: Registering mixin config: geckolib.mixins.json
[18May2026 14:31:13.056] [main/DEBUG] [mixin/]: Adding mixin platform agents for container SecureJarResource(playeranimator)
[18May2026 14:31:13.057] [main/DEBUG] [mixin/]: Instancing new MixinPlatformAgentMinecraftForge for SecureJarResource(playeranimator)
[18May2026 14:31:13.057] [main/DEBUG] [mixin/]: MixinPlatformAgentMinecraftForge rejected container SecureJarResource(playeranimator)
[18May2026 14:31:13.057] [main/DEBUG] [mixin/]: Instancing new MixinPlatformAgentDefault for SecureJarResource(playeranimator)
[18May2026 14:31:13.058] [main/DEBUG] [mixin/]: MixinPlatformAgentDefault accepted container SecureJarResource(playeranimator)
[18May2026 14:31:13.058] [main/DEBUG] [mixin/]: Processing prepare() for PlatformAgent[MixinPlatformAgentDefault:SecureJarResource(playeranimator)]
[18May2026 14:31:13.058] [main/DEBUG] [mixin/]: Registering mixin config: playerAnimator-common.mixins.json
[18May2026 14:31:13.060] [main/DEBUG] [mixin/]: Compatibility level JAVA_16 specified by playerAnimator-common.mixins.json is higher than the maximum level supported by this version of mixin (JAVA_13).
[18May2026 14:31:13.062] [main/DEBUG] [mixin/]: Adding mixin platform agents for container SecureJarResource(aether)
[18May2026 14:31:13.063] [main/DEBUG] [mixin/]: Instancing new MixinPlatformAgentMinecraftForge for SecureJarResource(aether)
[18May2026 14:31:13.063] [main/DEBUG] [mixin/]: MixinPlatformAgentMinecraftForge rejected container SecureJarResource(aether)
[18May2026 14:31:13.063] [main/DEBUG] [mixin/]: Instancing new MixinPlatformAgentDefault for SecureJarResource(aether)
[18May2026 14:31:13.063] [main/DEBUG] [mixin/]: MixinPlatformAgentDefault accepted container SecureJarResource(aether)
[18May2026 14:31:13.063] [main/DEBUG] [mixin/]: Processing prepare() for PlatformAgent[MixinPlatformAgentDefault:SecureJarResource(aether)]
[18May2026 14:31:13.063] [main/DEBUG] [mixin/]: Registering mixin config: aether.mixins.json
[18May2026 14:31:13.067] [main/DEBUG] [mixin/]: Adding mixin platform agents for container SecureJarResource(stalwart_dungeons)
[18May2026 14:31:13.067] [main/DEBUG] [mixin/]: Instancing new MixinPlatformAgentMinecraftForge for SecureJarResource(stalwart_dungeons)
[18May2026 14:31:13.067] [main/DEBUG] [mixin/]: MixinPlatformAgentMinecraftForge rejected container SecureJarResource(stalwart_dungeons)
[18May2026 14:31:13.068] [main/DEBUG] [mixin/]: Instancing new MixinPlatformAgentDefault for SecureJarResource(stalwart_dungeons)
[18May2026 14:31:13.068] [main/DEBUG] [mixin/]: MixinPlatformAgentDefault accepted container SecureJarResource(stalwart_dungeons)
[18May2026 14:31:13.068] [main/DEBUG] [mixin/]: Processing prepare() for PlatformAgent[MixinPlatformAgentDefault:SecureJarResource(stalwart_dungeons)]
[18May2026 14:31:13.068] [main/DEBUG] [mixin/]: Adding mixin platform agents for container SecureJarResource(incendium)
[18May2026 14:31:13.068] [main/DEBUG] [mixin/]: Instancing new MixinPlatformAgentMinecraftForge for SecureJarResource(incendium)
[18May2026 14:31:13.068] [main/DEBUG] [mixin/]: MixinPlatformAgentMinecraftForge rejected container SecureJarResource(incendium)
[18May2026 14:31:13.068] [main/DEBUG] [mixin/]: Instancing new MixinPlatformAgentDefault for SecureJarResource(incendium)
[18May2026 14:31:13.068] [main/DEBUG] [mixin/]: MixinPlatformAgentDefault accepted container SecureJarResource(incendium)
[18May2026 14:31:13.068] [main/DEBUG] [mixin/]: Processing prepare() for PlatformAgent[MixinPlatformAgentDefault:SecureJarResource(incendium)]
[18May2026 14:31:13.068] [main/DEBUG] [mixin/]: Adding mixin platform agents for container SecureJarResource(nyfsquiver)
[18May2026 14:31:13.068] [main/DEBUG] [mixin/]: Instancing new MixinPlatformAgentMinecraftForge for SecureJarResource(nyfsquiver)
[18May2026 14:31:13.068] [main/DEBUG] [mixin/]: MixinPlatformAgentMinecraftForge rejected container SecureJarResource(nyfsquiver)
[18May2026 14:31:13.068] [main/DEBUG] [mixin/]: Instancing new MixinPlatformAgentDefault for SecureJarResource(nyfsquiver)
[18May2026 14:31:13.068] [main/DEBUG] [mixin/]: MixinPlatformAgentDefault accepted container SecureJarResource(nyfsquiver)
[18May2026 14:31:13.068] [main/DEBUG] [mixin/]: Processing prepare() for PlatformAgent[MixinPlatformAgentDefault:SecureJarResource(nyfsquiver)]
[18May2026 14:31:13.068] [main/DEBUG] [mixin/]: Registering mixin config: nyfsquiver.mixins.json
[18May2026 14:31:13.073] [main/DEBUG] [mixin/]: Adding mixin platform agents for container SecureJarResource(xaeroworldmap)
[18May2026 14:31:13.073] [main/DEBUG] [mixin/]: Instancing new MixinPlatformAgentMinecraftForge for SecureJarResource(xaeroworldmap)
[18May2026 14:31:13.073] [main/DEBUG] [mixin/]: MixinPlatformAgentMinecraftForge rejected container SecureJarResource(xaeroworldmap)
[18May2026 14:31:13.073] [main/DEBUG] [mixin/]: Instancing new MixinPlatformAgentDefault for SecureJarResource(xaeroworldmap)
[18May2026 14:31:13.073] [main/DEBUG] [mixin/]: MixinPlatformAgentDefault accepted container SecureJarResource(xaeroworldmap)
[18May2026 14:31:13.073] [main/DEBUG] [mixin/]: Processing prepare() for PlatformAgent[MixinPlatformAgentDefault:SecureJarResource(xaeroworldmap)]
[18May2026 14:31:13.073] [main/DEBUG] [mixin/]: Registering mixin config: xaeroworldmap.mixins.json
[18May2026 14:31:13.075] [main/DEBUG] [mixin/]: Registering mixin config: xaeroworldmap.forge.mixins.json
[18May2026 14:31:13.079] [main/DEBUG] [mixin/]: Adding mixin platform agents for container SecureJarResource(goety)
[18May2026 14:31:13.081] [main/DEBUG] [mixin/]: Instancing new MixinPlatformAgentMinecraftForge for SecureJarResource(goety)
[18May2026 14:31:13.081] [main/DEBUG] [mixin/]: MixinPlatformAgentMinecraftForge rejected container SecureJarResource(goety)
[18May2026 14:31:13.081] [main/DEBUG] [mixin/]: Instancing new MixinPlatformAgentDefault for SecureJarResource(goety)
[18May2026 14:31:13.082] [main/DEBUG] [mixin/]: MixinPlatformAgentDefault accepted container SecureJarResource(goety)
[18May2026 14:31:13.082] [main/DEBUG] [mixin/]: Processing prepare() for PlatformAgent[MixinPlatformAgentDefault:SecureJarResource(goety)]
[18May2026 14:31:13.082] [main/DEBUG] [mixin/]: Registering mixin config: goety.mixins.json
[18May2026 14:31:13.084] [main/DEBUG] [mixin/]: Adding mixin platform agents for container SecureJarResource(prism)
[18May2026 14:31:13.084] [main/DEBUG] [mixin/]: Instancing new MixinPlatformAgentMinecraftForge for SecureJarResource(prism)
[18May2026 14:31:13.084] [main/DEBUG] [mixin/]: MixinPlatformAgentMinecraftForge rejected container SecureJarResource(prism)
[18May2026 14:31:13.084] [main/DEBUG] [mixin/]: Instancing new MixinPlatformAgentDefault for SecureJarResource(prism)
[18May2026 14:31:13.084] [main/DEBUG] [mixin/]: MixinPlatformAgentDefault accepted container SecureJarResource(prism)
[18May2026 14:31:13.085] [main/DEBUG] [mixin/]: Processing prepare() for PlatformAgent[MixinPlatformAgentDefault:SecureJarResource(prism)]
[18May2026 14:31:13.085] [main/DEBUG] [mixin/]: Registering mixin config: prism.mixins.json
[18May2026 14:31:13.087] [main/DEBUG] [mixin/]: Adding mixin platform agents for container SecureJarResource(placebo)
[18May2026 14:31:13.087] [main/DEBUG] [mixin/]: Instancing new MixinPlatformAgentMinecraftForge for SecureJarResource(placebo)
[18May2026 14:31:13.087] [main/DEBUG] [mixin/]: MixinPlatformAgentMinecraftForge rejected container SecureJarResource(placebo)
[18May2026 14:31:13.087] [main/DEBUG] [mixin/]: Instancing new MixinPlatformAgentDefault for SecureJarResource(placebo)
[18May2026 14:31:13.087] [main/DEBUG] [mixin/]: MixinPlatformAgentDefault accepted container SecureJarResource(placebo)
[18May2026 14:31:13.087] [main/DEBUG] [mixin/]: Processing prepare() for PlatformAgent[MixinPlatformAgentDefault:SecureJarResource(placebo)]
[18May2026 14:31:13.087] [main/DEBUG] [mixin/]: Registering mixin config: placebo.mixins.json
[18May2026 14:31:13.089] [main/DEBUG] [mixin/]: Adding mixin platform agents for container SecureJarResource(modernfix)
[18May2026 14:31:13.092] [main/DEBUG] [mixin/]: Instancing new MixinPlatformAgentMinecraftForge for SecureJarResource(modernfix)
[18May2026 14:31:13.092] [main/DEBUG] [mixin/]: MixinPlatformAgentMinecraftForge rejected container SecureJarResource(modernfix)
[18May2026 14:31:13.092] [main/DEBUG] [mixin/]: Instancing new MixinPlatformAgentDefault for SecureJarResource(modernfix)
[18May2026 14:31:13.092] [main/DEBUG] [mixin/]: MixinPlatformAgentDefault accepted container SecureJarResource(modernfix)
[18May2026 14:31:13.093] [main/DEBUG] [mixin/]: Processing prepare() for PlatformAgent[MixinPlatformAgentDefault:SecureJarResource(modernfix)]
[18May2026 14:31:13.093] [main/DEBUG] [mixin/]: Registering mixin config: modernfix-modernfix.mixins.json
[18May2026 14:31:13.095] [main/DEBUG] [mixin/]: Adding mixin platform agents for container SecureJarResource(citadel)
[18May2026 14:31:13.095] [main/DEBUG] [mixin/]: Instancing new MixinPlatformAgentMinecraftForge for SecureJarResource(citadel)
[18May2026 14:31:13.095] [main/DEBUG] [mixin/]: MixinPlatformAgentMinecraftForge rejected container SecureJarResource(citadel)
[18May2026 14:31:13.095] [main/DEBUG] [mixin/]: Instancing new MixinPlatformAgentDefault for SecureJarResource(citadel)
[18May2026 14:31:13.095] [main/DEBUG] [mixin/]: MixinPlatformAgentDefault accepted container SecureJarResource(citadel)
[18May2026 14:31:13.095] [main/DEBUG] [mixin/]: Processing prepare() for PlatformAgent[MixinPlatformAgentDefault:SecureJarResource(citadel)]
[18May2026 14:31:13.095] [main/DEBUG] [mixin/]: Registering mixin config: citadel.mixins.json
[18May2026 14:31:13.099] [main/DEBUG] [mixin/]: Adding mixin platform agents for container SecureJarResource(yungsapi)
[18May2026 14:31:13.100] [main/DEBUG] [mixin/]: Instancing new MixinPlatformAgentMinecraftForge for SecureJarResource(yungsapi)
[18May2026 14:31:13.100] [main/DEBUG] [mixin/]: MixinPlatformAgentMinecraftForge rejected container SecureJarResource(yungsapi)
[18May2026 14:31:13.100] [main/DEBUG] [mixin/]: Instancing new MixinPlatformAgentDefault for SecureJarResource(yungsapi)
[18May2026 14:31:13.100] [main/DEBUG] [mixin/]: MixinPlatformAgentDefault accepted container SecureJarResource(yungsapi)
[18May2026 14:31:13.100] [main/DEBUG] [mixin/]: Processing prepare() for PlatformAgent[MixinPlatformAgentDefault:SecureJarResource(yungsapi)]
[18May2026 14:31:13.100] [main/DEBUG] [mixin/]: Registering mixin config: yungsapi.mixins.json
[18May2026 14:31:13.102] [main/DEBUG] [mixin/]: Registering mixin config: yungsapi_forge.mixins.json
[18May2026 14:31:13.104] [main/DEBUG] [mixin/]: Adding mixin platform agents for container SecureJarResource(kambrik)
[18May2026 14:31:13.104] [main/DEBUG] [mixin/]: Instancing new MixinPlatformAgentMinecraftForge for SecureJarResource(kambrik)
[18May2026 14:31:13.105] [main/DEBUG] [mixin/]: MixinPlatformAgentMinecraftForge rejected container SecureJarResource(kambrik)
[18May2026 14:31:13.105] [main/DEBUG] [mixin/]: Instancing new MixinPlatformAgentDefault for SecureJarResource(kambrik)
[18May2026 14:31:13.105] [main/DEBUG] [mixin/]: MixinPlatformAgentDefault accepted container SecureJarResource(kambrik)
[18May2026 14:31:13.105] [main/DEBUG] [mixin/]: Processing prepare() for PlatformAgent[MixinPlatformAgentDefault:SecureJarResource(kambrik)]
[18May2026 14:31:13.105] [main/DEBUG] [mixin/]: Registering mixin config: kambrik.mixins.json
[18May2026 14:31:13.107] [main/DEBUG] [mixin/]: Compatibility level JAVA_8 specified by kambrik.mixins.json is lower than the default level supported by the current mixin service (JAVA_16).
[18May2026 14:31:13.108] [main/DEBUG] [mixin/]: Adding mixin platform agents for container SecureJarResource(guardvillagers)
[18May2026 14:31:13.108] [main/DEBUG] [mixin/]: Instancing new MixinPlatformAgentMinecraftForge for SecureJarResource(guardvillagers)
[18May2026 14:31:13.108] [main/DEBUG] [mixin/]: MixinPlatformAgentMinecraftForge rejected container SecureJarResource(guardvillagers)
[18May2026 14:31:13.108] [main/DEBUG] [mixin/]: Instancing new MixinPlatformAgentDefault for SecureJarResource(guardvillagers)
[18May2026 14:31:13.108] [main/DEBUG] [mixin/]: MixinPlatformAgentDefault accepted container SecureJarResource(guardvillagers)
[18May2026 14:31:13.108] [main/DEBUG] [mixin/]: Processing prepare() for PlatformAgent[MixinPlatformAgentDefault:SecureJarResource(guardvillagers)]
[18May2026 14:31:13.108] [main/DEBUG] [mixin/]: Registering mixin config: guardvillagers.mixins.json
[18May2026 14:31:13.110] [main/DEBUG] [mixin/]: Adding mixin platform agents for container SecureJarResource(sololeveling)
[18May2026 14:31:13.110] [main/DEBUG] [mixin/]: Instancing new MixinPlatformAgentMinecraftForge for SecureJarResource(sololeveling)
[18May2026 14:31:13.111] [main/DEBUG] [mixin/]: MixinPlatformAgentMinecraftForge rejected container SecureJarResource(sololeveling)
[18May2026 14:31:13.111] [main/DEBUG] [mixin/]: Instancing new MixinPlatformAgentDefault for SecureJarResource(sololeveling)
[18May2026 14:31:13.111] [main/DEBUG] [mixin/]: MixinPlatformAgentDefault accepted container SecureJarResource(sololeveling)
[18May2026 14:31:13.111] [main/DEBUG] [mixin/]: Processing prepare() for PlatformAgent[MixinPlatformAgentDefault:SecureJarResource(sololeveling)]
[18May2026 14:31:13.111] [main/DEBUG] [mixin/]: Registering mixin config: mixins.sololeveling.json
[18May2026 14:31:13.113] [main/DEBUG] [mixin/]: Adding mixin platform agents for container SecureJarResource(balm)
[18May2026 14:31:13.113] [main/DEBUG] [mixin/]: Instancing new MixinPlatformAgentMinecraftForge for SecureJarResource(balm)
[18May2026 14:31:13.113] [main/DEBUG] [mixin/]: MixinPlatformAgentMinecraftForge rejected container SecureJarResource(balm)
[18May2026 14:31:13.113] [main/DEBUG] [mixin/]: Instancing new MixinPlatformAgentDefault for SecureJarResource(balm)
[18May2026 14:31:13.113] [main/DEBUG] [mixin/]: MixinPlatformAgentDefault accepted container SecureJarResource(balm)
[18May2026 14:31:13.114] [main/DEBUG] [mixin/]: Processing prepare() for PlatformAgent[MixinPlatformAgentDefault:SecureJarResource(balm)]
[18May2026 14:31:13.114] [main/DEBUG] [mixin/]: Registering mixin config: balm.mixins.json
[18May2026 14:31:13.116] [main/DEBUG] [mixin/]: Adding mixin platform agents for container SecureJarResource(projectile_damage)
[18May2026 14:31:13.116] [main/DEBUG] [mixin/]: Instancing new MixinPlatformAgentMinecraftForge for SecureJarResource(projectile_damage)
[18May2026 14:31:13.116] [main/DEBUG] [mixin/]: MixinPlatformAgentMinecraftForge rejected container SecureJarResource(projectile_damage)
[18May2026 14:31:13.116] [main/DEBUG] [mixin/]: Instancing new MixinPlatformAgentDefault for SecureJarResource(projectile_damage)
[18May2026 14:31:13.116] [main/DEBUG] [mixin/]: MixinPlatformAgentDefault accepted container SecureJarResource(projectile_damage)
[18May2026 14:31:13.116] [main/DEBUG] [mixin/]: Processing prepare() for PlatformAgent[MixinPlatformAgentDefault:SecureJarResource(projectile_damage)]
[18May2026 14:31:13.116] [main/DEBUG] [mixin/]: Registering mixin config: projectile_damage.mixins.json
[18May2026 14:31:13.118] [main/DEBUG] [mixin/]: Adding mixin platform agents for container SecureJarResource(cloth_config)
[18May2026 14:31:13.119] [main/DEBUG] [mixin/]: Instancing new MixinPlatformAgentMinecraftForge for SecureJarResource(cloth_config)
[18May2026 14:31:13.119] [main/DEBUG] [mixin/]: MixinPlatformAgentMinecraftForge rejected container SecureJarResource(cloth_config)
[18May2026 14:31:13.119] [main/DEBUG] [mixin/]: Instancing new MixinPlatformAgentDefault for SecureJarResource(cloth_config)
[18May2026 14:31:13.119] [main/DEBUG] [mixin/]: MixinPlatformAgentDefault accepted container SecureJarResource(cloth_config)
[18May2026 14:31:13.119] [main/DEBUG] [mixin/]: Processing prepare() for PlatformAgent[MixinPlatformAgentDefault:SecureJarResource(cloth_config)]
[18May2026 14:31:13.119] [main/DEBUG] [mixin/]: Adding mixin platform agents for container SecureJarResource(twilightforest)
[18May2026 14:31:13.119] [main/DEBUG] [mixin/]: Instancing new MixinPlatformAgentMinecraftForge for SecureJarResource(twilightforest)
[18May2026 14:31:13.119] [main/DEBUG] [mixin/]: MixinPlatformAgentMinecraftForge rejected container SecureJarResource(twilightforest)
[18May2026 14:31:13.119] [main/DEBUG] [mixin/]: Instancing new MixinPlatformAgentDefault for SecureJarResource(twilightforest)
[18May2026 14:31:13.120] [main/DEBUG] [mixin/]: MixinPlatformAgentDefault accepted container SecureJarResource(twilightforest)
[18May2026 14:31:13.120] [main/DEBUG] [mixin/]: Processing prepare() for PlatformAgent[MixinPlatformAgentDefault:SecureJarResource(twilightforest)]
[18May2026 14:31:13.120] [main/DEBUG] [mixin/]: Adding mixin platform agents for container SecureJarResource(embeddium)
[18May2026 14:31:13.120] [main/DEBUG] [mixin/]: Instancing new MixinPlatformAgentMinecraftForge for SecureJarResource(embeddium)
[18May2026 14:31:13.120] [main/DEBUG] [mixin/]: MixinPlatformAgentMinecraftForge rejected container SecureJarResource(embeddium)
[18May2026 14:31:13.120] [main/DEBUG] [mixin/]: Instancing new MixinPlatformAgentDefault for SecureJarResource(embeddium)
[18May2026 14:31:13.120] [main/DEBUG] [mixin/]: MixinPlatformAgentDefault accepted container SecureJarResource(embeddium)
[18May2026 14:31:13.120] [main/DEBUG] [mixin/]: Processing prepare() for PlatformAgent[MixinPlatformAgentDefault:SecureJarResource(embeddium)]
[18May2026 14:31:13.120] [main/DEBUG] [mixin/]: Registering mixin config: embeddium.mixins.json
[18May2026 14:31:13.122] [main/DEBUG] [mixin/]: Adding mixin platform agents for container SecureJarResource(advancementplaques)
[18May2026 14:31:13.122] [main/DEBUG] [mixin/]: Instancing new MixinPlatformAgentMinecraftForge for SecureJarResource(advancementplaques)
[18May2026 14:31:13.123] [main/DEBUG] [mixin/]: MixinPlatformAgentMinecraftForge rejected container SecureJarResource(advancementplaques)
[18May2026 14:31:13.123] [main/DEBUG] [mixin/]: Instancing new MixinPlatformAgentDefault for SecureJarResource(advancementplaques)
[18May2026 14:31:13.123] [main/DEBUG] [mixin/]: MixinPlatformAgentDefault accepted container SecureJarResource(advancementplaques)
[18May2026 14:31:13.123] [main/DEBUG] [mixin/]: Processing prepare() for PlatformAgent[MixinPlatformAgentDefault:SecureJarResource(advancementplaques)]
[18May2026 14:31:13.123] [main/DEBUG] [mixin/]: Adding mixin platform agents for container SecureJarResource(morevillagers)
[18May2026 14:31:13.123] [main/DEBUG] [mixin/]: Instancing new MixinPlatformAgentMinecraftForge for SecureJarResource(morevillagers)
[18May2026 14:31:13.123] [main/DEBUG] [mixin/]: MixinPlatformAgentMinecraftForge rejected container SecureJarResource(morevillagers)
[18May2026 14:31:13.123] [main/DEBUG] [mixin/]: Instancing new MixinPlatformAgentDefault for SecureJarResource(morevillagers)
[18May2026 14:31:13.123] [main/DEBUG] [mixin/]: MixinPlatformAgentDefault accepted container SecureJarResource(morevillagers)
[18May2026 14:31:13.123] [main/DEBUG] [mixin/]: Processing prepare() for PlatformAgent[MixinPlatformAgentDefault:SecureJarResource(morevillagers)]
[18May2026 14:31:13.124] [main/DEBUG] [mixin/]: Registering mixin config: morevillagers-common.mixins.json
[18May2026 14:31:13.126] [main/DEBUG] [mixin/]: Registering mixin config: morevillagers.mixins.json
[18May2026 14:31:13.127] [main/DEBUG] [mixin/]: Adding mixin platform agents for container SecureJarResource(block_factorys_bosses)
[18May2026 14:31:13.128] [main/DEBUG] [mixin/]: Instancing new MixinPlatformAgentMinecraftForge for SecureJarResource(block_factorys_bosses)
[18May2026 14:31:13.128] [main/DEBUG] [mixin/]: MixinPlatformAgentMinecraftForge rejected container SecureJarResource(block_factorys_bosses)
[18May2026 14:31:13.128] [main/DEBUG] [mixin/]: Instancing new MixinPlatformAgentDefault for SecureJarResource(block_factorys_bosses)
[18May2026 14:31:13.128] [main/DEBUG] [mixin/]: MixinPlatformAgentDefault accepted container SecureJarResource(block_factorys_bosses)
[18May2026 14:31:13.128] [main/DEBUG] [mixin/]: Processing prepare() for PlatformAgent[MixinPlatformAgentDefault:SecureJarResource(block_factorys_bosses)]
[18May2026 14:31:13.128] [main/DEBUG] [mixin/]: Registering mixin config: block_factorys_bosses.mixins.json
[18May2026 14:31:13.130] [main/DEBUG] [mixin/]: Adding mixin platform agents for container SecureJarResource(morebows)
[18May2026 14:31:13.130] [main/DEBUG] [mixin/]: Instancing new MixinPlatformAgentMinecraftForge for SecureJarResource(morebows)
[18May2026 14:31:13.130] [main/DEBUG] [mixin/]: MixinPlatformAgentMinecraftForge rejected container SecureJarResource(morebows)
[18May2026 14:31:13.131] [main/DEBUG] [mixin/]: Instancing new MixinPlatformAgentDefault for SecureJarResource(morebows)
[18May2026 14:31:13.131] [main/DEBUG] [mixin/]: MixinPlatformAgentDefault accepted container SecureJarResource(morebows)
[18May2026 14:31:13.131] [main/DEBUG] [mixin/]: Processing prepare() for PlatformAgent[MixinPlatformAgentDefault:SecureJarResource(morebows)]
[18May2026 14:31:13.131] [main/DEBUG] [mixin/]: Adding mixin platform agents for container SecureJarResource(endrem)
[18May2026 14:31:13.131] [main/DEBUG] [mixin/]: Instancing new MixinPlatformAgentMinecraftForge for SecureJarResource(endrem)
[18May2026 14:31:13.131] [main/DEBUG] [mixin/]: MixinPlatformAgentMinecraftForge rejected container SecureJarResource(endrem)
[18May2026 14:31:13.131] [main/DEBUG] [mixin/]: Instancing new MixinPlatformAgentDefault for SecureJarResource(endrem)
[18May2026 14:31:13.131] [main/DEBUG] [mixin/]: MixinPlatformAgentDefault accepted container SecureJarResource(endrem)
[18May2026 14:31:13.131] [main/DEBUG] [mixin/]: Processing prepare() for PlatformAgent[MixinPlatformAgentDefault:SecureJarResource(endrem)]
[18May2026 14:31:13.132] [main/DEBUG] [mixin/]: Registering mixin config: endrem.mixins.json
[18May2026 14:31:13.134] [main/DEBUG] [mixin/]: Adding mixin platform agents for container SecureJarResource(tbsfbsp)
[18May2026 14:31:13.134] [main/DEBUG] [mixin/]: Instancing new MixinPlatformAgentMinecraftForge for SecureJarResource(tbsfbsp)
[18May2026 14:31:13.134] [main/DEBUG] [mixin/]: MixinPlatformAgentMinecraftForge rejected container SecureJarResource(tbsfbsp)
[18May2026 14:31:13.134] [main/DEBUG] [mixin/]: Instancing new MixinPlatformAgentDefault for SecureJarResource(tbsfbsp)
[18May2026 14:31:13.134] [main/DEBUG] [mixin/]: MixinPlatformAgentDefault accepted container SecureJarResource(tbsfbsp)
[18May2026 14:31:13.134] [main/DEBUG] [mixin/]: Processing prepare() for PlatformAgent[MixinPlatformAgentDefault:SecureJarResource(tbsfbsp)]
[18May2026 14:31:13.134] [main/DEBUG] [mixin/]: Registering mixin config: tbsfbsp.mixin.json
[18May2026 14:31:13.136] [main/DEBUG] [mixin/]: Adding mixin platform agents for container SecureJarResource(lionfishapi)
[18May2026 14:31:13.136] [main/DEBUG] [mixin/]: Instancing new MixinPlatformAgentMinecraftForge for SecureJarResource(lionfishapi)
[18May2026 14:31:13.137] [main/DEBUG] [mixin/]: MixinPlatformAgentMinecraftForge rejected container SecureJarResource(lionfishapi)
[18May2026 14:31:13.137] [main/DEBUG] [mixin/]: Instancing new MixinPlatformAgentDefault for SecureJarResource(lionfishapi)
[18May2026 14:31:13.137] [main/DEBUG] [mixin/]: MixinPlatformAgentDefault accepted container SecureJarResource(lionfishapi)
[18May2026 14:31:13.137] [main/DEBUG] [mixin/]: Processing prepare() for PlatformAgent[MixinPlatformAgentDefault:SecureJarResource(lionfishapi)]
[18May2026 14:31:13.137] [main/DEBUG] [mixin/]: Registering mixin config: lionfishapi.mixins.json
[18May2026 14:31:13.139] [main/DEBUG] [mixin/]: Adding mixin platform agents for container SecureJarResource(spark)
[18May2026 14:31:13.139] [main/DEBUG] [mixin/]: Instancing new MixinPlatformAgentMinecraftForge for SecureJarResource(spark)
[18May2026 14:31:13.139] [main/DEBUG] [mixin/]: MixinPlatformAgentMinecraftForge rejected container SecureJarResource(spark)
[18May2026 14:31:13.139] [main/DEBUG] [mixin/]: Instancing new MixinPlatformAgentDefault for SecureJarResource(spark)
[18May2026 14:31:13.140] [main/DEBUG] [mixin/]: MixinPlatformAgentDefault accepted container SecureJarResource(spark)
[18May2026 14:31:13.140] [main/DEBUG] [mixin/]: Processing prepare() for PlatformAgent[MixinPlatformAgentDefault:SecureJarResource(spark)]
[18May2026 14:31:13.140] [main/DEBUG] [mixin/]: Adding mixin platform agents for container SecureJarResource(bountiful)
[18May2026 14:31:13.140] [main/DEBUG] [mixin/]: Instancing new MixinPlatformAgentMinecraftForge for SecureJarResource(bountiful)
[18May2026 14:31:13.140] [main/DEBUG] [mixin/]: MixinPlatformAgentMinecraftForge rejected container SecureJarResource(bountiful)
[18May2026 14:31:13.140] [main/DEBUG] [mixin/]: Instancing new MixinPlatformAgentDefault for SecureJarResource(bountiful)
[18May2026 14:31:13.140] [main/DEBUG] [mixin/]: MixinPlatformAgentDefault accepted container SecureJarResource(bountiful)
[18May2026 14:31:13.140] [main/DEBUG] [mixin/]: Processing prepare() for PlatformAgent[MixinPlatformAgentDefault:SecureJarResource(bountiful)]
[18May2026 14:31:13.140] [main/DEBUG] [mixin/]: Adding mixin platform agents for container SecureJarResource(cataclysm)
[18May2026 14:31:13.141] [main/DEBUG] [mixin/]: Instancing new MixinPlatformAgentMinecraftForge for SecureJarResource(cataclysm)
[18May2026 14:31:13.141] [main/DEBUG] [mixin/]: MixinPlatformAgentMinecraftForge rejected container SecureJarResource(cataclysm)
[18May2026 14:31:13.141] [main/DEBUG] [mixin/]: Instancing new MixinPlatformAgentDefault for SecureJarResource(cataclysm)
[18May2026 14:31:13.141] [main/DEBUG] [mixin/]: MixinPlatformAgentDefault accepted container SecureJarResource(cataclysm)
[18May2026 14:31:13.141] [main/DEBUG] [mixin/]: Processing prepare() for PlatformAgent[MixinPlatformAgentDefault:SecureJarResource(cataclysm)]
[18May2026 14:31:13.141] [main/DEBUG] [mixin/]: Registering mixin config: lionfishapi.mixins.json
[18May2026 14:31:13.141] [main/DEBUG] [mixin/]: Registering mixin config: cataclysm.mixins.json
[18May2026 14:31:13.143] [main/DEBUG] [mixin/]: Adding mixin platform agents for container SecureJarResource(curios)
[18May2026 14:31:13.143] [main/DEBUG] [mixin/]: Instancing new MixinPlatformAgentMinecraftForge for SecureJarResource(curios)
[18May2026 14:31:13.143] [main/DEBUG] [mixin/]: MixinPlatformAgentMinecraftForge rejected container SecureJarResource(curios)
[18May2026 14:31:13.144] [main/DEBUG] [mixin/]: Instancing new MixinPlatformAgentDefault for SecureJarResource(curios)
[18May2026 14:31:13.144] [main/DEBUG] [mixin/]: MixinPlatformAgentDefault accepted container SecureJarResource(curios)
[18May2026 14:31:13.144] [main/DEBUG] [mixin/]: Processing prepare() for PlatformAgent[MixinPlatformAgentDefault:SecureJarResource(curios)]
[18May2026 14:31:13.144] [main/DEBUG] [mixin/]: Registering mixin config: curios.mixins.json
[18May2026 14:31:13.146] [main/DEBUG] [mixin/]: Adding mixin platform agents for container SecureJarResource(patchouli)
[18May2026 14:31:13.146] [main/DEBUG] [mixin/]: Instancing new MixinPlatformAgentMinecraftForge for SecureJarResource(patchouli)
[18May2026 14:31:13.146] [main/DEBUG] [mixin/]: MixinPlatformAgentMinecraftForge rejected container SecureJarResource(patchouli)
[18May2026 14:31:13.146] [main/DEBUG] [mixin/]: Instancing new MixinPlatformAgentDefault for SecureJarResource(patchouli)
[18May2026 14:31:13.146] [main/DEBUG] [mixin/]: MixinPlatformAgentDefault accepted container SecureJarResource(patchouli)
[18May2026 14:31:13.146] [main/DEBUG] [mixin/]: Processing prepare() for PlatformAgent[MixinPlatformAgentDefault:SecureJarResource(patchouli)]
[18May2026 14:31:13.146] [main/DEBUG] [mixin/]: Registering mixin config: patchouli_xplat.mixins.json
[18May2026 14:31:13.148] [main/DEBUG] [mixin/]: Adding mixin platform agents for container SecureJarResource(more_bows_and_arrows)
[18May2026 14:31:13.148] [main/DEBUG] [mixin/]: Instancing new MixinPlatformAgentMinecraftForge for SecureJarResource(more_bows_and_arrows)
[18May2026 14:31:13.149] [main/DEBUG] [mixin/]: MixinPlatformAgentMinecraftForge rejected container SecureJarResource(more_bows_and_arrows)
[18May2026 14:31:13.149] [main/DEBUG] [mixin/]: Instancing new MixinPlatformAgentDefault for SecureJarResource(more_bows_and_arrows)
[18May2026 14:31:13.149] [main/DEBUG] [mixin/]: MixinPlatformAgentDefault accepted container SecureJarResource(more_bows_and_arrows)
[18May2026 14:31:13.149] [main/DEBUG] [mixin/]: Processing prepare() for PlatformAgent[MixinPlatformAgentDefault:SecureJarResource(more_bows_and_arrows)]
[18May2026 14:31:13.149] [main/DEBUG] [mixin/]: Registering mixin config: forge-more_bows_and_arrows.forge.mixins.json
[18May2026 14:31:13.151] [main/DEBUG] [mixin/]: Adding mixin platform agents for container SecureJarResource(cobblemon)
[18May2026 14:31:13.151] [main/DEBUG] [mixin/]: Instancing new MixinPlatformAgentMinecraftForge for SecureJarResource(cobblemon)
[18May2026 14:31:13.151] [main/DEBUG] [mixin/]: MixinPlatformAgentMinecraftForge rejected container SecureJarResource(cobblemon)
[18May2026 14:31:13.151] [main/DEBUG] [mixin/]: Instancing new MixinPlatformAgentDefault for SecureJarResource(cobblemon)
[18May2026 14:31:13.151] [main/DEBUG] [mixin/]: MixinPlatformAgentDefault accepted container SecureJarResource(cobblemon)
[18May2026 14:31:13.151] [main/DEBUG] [mixin/]: Processing prepare() for PlatformAgent[MixinPlatformAgentDefault:SecureJarResource(cobblemon)]
[18May2026 14:31:13.152] [main/DEBUG] [mixin/]: Registering mixin config: mixins.cobblemon-forge.json
[18May2026 14:31:13.153] [main/DEBUG] [mixin/]: Compatibility level JAVA_8 specified by mixins.cobblemon-forge.json is lower than the default level supported by the current mixin service (JAVA_16).
[18May2026 14:31:13.154] [main/DEBUG] [mixin/]: Registering mixin config: mixins.cobblemon-common.json
[18May2026 14:31:13.156] [main/DEBUG] [mixin/]: Adding mixin platform agents for container SecureJarResource(cumulus_menus)
[18May2026 14:31:13.156] [main/DEBUG] [mixin/]: Instancing new MixinPlatformAgentMinecraftForge for SecureJarResource(cumulus_menus)
[18May2026 14:31:13.156] [main/DEBUG] [mixin/]: MixinPlatformAgentMinecraftForge rejected container SecureJarResource(cumulus_menus)
[18May2026 14:31:13.156] [main/DEBUG] [mixin/]: Instancing new MixinPlatformAgentDefault for SecureJarResource(cumulus_menus)
[18May2026 14:31:13.156] [main/DEBUG] [mixin/]: MixinPlatformAgentDefault accepted container SecureJarResource(cumulus_menus)
[18May2026 14:31:13.156] [main/DEBUG] [mixin/]: Processing prepare() for PlatformAgent[MixinPlatformAgentDefault:SecureJarResource(cumulus_menus)]
[18May2026 14:31:13.156] [main/DEBUG] [mixin/]: Registering mixin config: cumulus_menus.mixins.json
[18May2026 14:31:13.158] [main/DEBUG] [mixin/]: Adding mixin platform agents for container SecureJarResource(architectury)
[18May2026 14:31:13.158] [main/DEBUG] [mixin/]: Instancing new MixinPlatformAgentMinecraftForge for SecureJarResource(architectury)
[18May2026 14:31:13.158] [main/DEBUG] [mixin/]: MixinPlatformAgentMinecraftForge rejected container SecureJarResource(architectury)
[18May2026 14:31:13.159] [main/DEBUG] [mixin/]: Instancing new MixinPlatformAgentDefault for SecureJarResource(architectury)
[18May2026 14:31:13.159] [main/DEBUG] [mixin/]: MixinPlatformAgentDefault accepted container SecureJarResource(architectury)
[18May2026 14:31:13.159] [main/DEBUG] [mixin/]: Processing prepare() for PlatformAgent[MixinPlatformAgentDefault:SecureJarResource(architectury)]
[18May2026 14:31:13.159] [main/DEBUG] [mixin/]: Registering mixin config: architectury.mixins.json
[18May2026 14:31:13.161] [main/DEBUG] [mixin/]: Compatibility level JAVA_16 specified by architectury.mixins.json is higher than the maximum level supported by this version of mixin (JAVA_13).
[18May2026 14:31:13.162] [main/DEBUG] [mixin/]: Registering mixin config: architectury-common.mixins.json
[18May2026 14:31:13.164] [main/DEBUG] [mixin/]: Compatibility level JAVA_16 specified by architectury-common.mixins.json is higher than the maximum level supported by this version of mixin (JAVA_13).
[18May2026 14:31:13.164] [main/DEBUG] [mixin/]: Adding mixin platform agents for container SecureJarResource(aiimprovements)
[18May2026 14:31:13.164] [main/DEBUG] [mixin/]: Instancing new MixinPlatformAgentMinecraftForge for SecureJarResource(aiimprovements)
[18May2026 14:31:13.164] [main/DEBUG] [mixin/]: MixinPlatformAgentMinecraftForge rejected container SecureJarResource(aiimprovements)
[18May2026 14:31:13.165] [main/DEBUG] [mixin/]: Instancing new MixinPlatformAgentDefault for SecureJarResource(aiimprovements)
[18May2026 14:31:13.165] [main/DEBUG] [mixin/]: MixinPlatformAgentDefault accepted container SecureJarResource(aiimprovements)
[18May2026 14:31:13.165] [main/DEBUG] [mixin/]: Processing prepare() for PlatformAgent[MixinPlatformAgentDefault:SecureJarResource(aiimprovements)]
[18May2026 14:31:13.165] [main/DEBUG] [mixin/]: Adding mixin platform agents for container SecureJarResource(adorn)
[18May2026 14:31:13.165] [main/DEBUG] [mixin/]: Instancing new MixinPlatformAgentMinecraftForge for SecureJarResource(adorn)
[18May2026 14:31:13.165] [main/DEBUG] [mixin/]: MixinPlatformAgentMinecraftForge rejected container SecureJarResource(adorn)
[18May2026 14:31:13.165] [main/DEBUG] [mixin/]: Instancing new MixinPlatformAgentDefault for SecureJarResource(adorn)
[18May2026 14:31:13.165] [main/DEBUG] [mixin/]: MixinPlatformAgentDefault accepted container SecureJarResource(adorn)
[18May2026 14:31:13.165] [main/DEBUG] [mixin/]: Processing prepare() for PlatformAgent[MixinPlatformAgentDefault:SecureJarResource(adorn)]
[18May2026 14:31:13.166] [main/DEBUG] [mixin/]: Registering mixin config: mixins.adorn.common.json
[18May2026 14:31:13.167] [main/DEBUG] [mixin/]: Compatibility level JAVA_16 specified by mixins.adorn.common.json is higher than the maximum level supported by this version of mixin (JAVA_13).
[18May2026 14:31:13.168] [main/DEBUG] [mixin/]: Registering mixin config: mixins.adorn.forge.json
[18May2026 14:31:13.169] [main/DEBUG] [mixin/]: Compatibility level JAVA_16 specified by mixins.adorn.forge.json is higher than the maximum level supported by this version of mixin (JAVA_13).
[18May2026 14:31:13.170] [main/DEBUG] [mixin/]: Adding mixin platform agents for container SecureJarResource(betterendisland)
[18May2026 14:31:13.170] [main/DEBUG] [mixin/]: Instancing new MixinPlatformAgentMinecraftForge for SecureJarResource(betterendisland)
[18May2026 14:31:13.170] [main/DEBUG] [mixin/]: MixinPlatformAgentMinecraftForge rejected container SecureJarResource(betterendisland)
[18May2026 14:31:13.170] [main/DEBUG] [mixin/]: Instancing new MixinPlatformAgentDefault for SecureJarResource(betterendisland)
[18May2026 14:31:13.170] [main/DEBUG] [mixin/]: MixinPlatformAgentDefault accepted container SecureJarResource(betterendisland)
[18May2026 14:31:13.170] [main/DEBUG] [mixin/]: Processing prepare() for PlatformAgent[MixinPlatformAgentDefault:SecureJarResource(betterendisland)]
[18May2026 14:31:13.170] [main/DEBUG] [mixin/]: Registering mixin config: betterendisland.mixins.json
[18May2026 14:31:13.172] [main/DEBUG] [mixin/]: Registering mixin config: betterendisland_forge.mixins.json
[18May2026 14:31:13.174] [main/DEBUG] [mixin/]: Adding mixin platform agents for container SecureJarResource(monolib)
[18May2026 14:31:13.174] [main/DEBUG] [mixin/]: Instancing new MixinPlatformAgentMinecraftForge for SecureJarResource(monolib)
[18May2026 14:31:13.174] [main/DEBUG] [mixin/]: MixinPlatformAgentMinecraftForge rejected container SecureJarResource(monolib)
[18May2026 14:31:13.174] [main/DEBUG] [mixin/]: Instancing new MixinPlatformAgentDefault for SecureJarResource(monolib)
[18May2026 14:31:13.174] [main/DEBUG] [mixin/]: MixinPlatformAgentDefault accepted container SecureJarResource(monolib)
[18May2026 14:31:13.174] [main/DEBUG] [mixin/]: Processing prepare() for PlatformAgent[MixinPlatformAgentDefault:SecureJarResource(monolib)]
[18May2026 14:31:13.174] [main/DEBUG] [mixin/]: Registering mixin config: monolib.mixins.json
[18May2026 14:31:13.176] [main/DEBUG] [mixin/]: Registering mixin config: monolib.forge.mixins.json
[18May2026 14:31:13.178] [main/DEBUG] [mixin/]: Adding mixin platform agents for container SecureJarResource(nitrogen_internals)
[18May2026 14:31:13.178] [main/DEBUG] [mixin/]: Instancing new MixinPlatformAgentMinecraftForge for SecureJarResource(nitrogen_internals)
[18May2026 14:31:13.178] [main/DEBUG] [mixin/]: MixinPlatformAgentMinecraftForge rejected container SecureJarResource(nitrogen_internals)
[18May2026 14:31:13.178] [main/DEBUG] [mixin/]: Instancing new MixinPlatformAgentDefault for SecureJarResource(nitrogen_internals)
[18May2026 14:31:13.181] [main/DEBUG] [mixin/]: MixinPlatformAgentDefault accepted container SecureJarResource(nitrogen_internals)
[18May2026 14:31:13.182] [main/DEBUG] [mixin/]: Processing prepare() for PlatformAgent[MixinPlatformAgentDefault:SecureJarResource(nitrogen_internals)]
[18May2026 14:31:13.182] [main/DEBUG] [mixin/]: Registering mixin config: nitrogen_internals.mixins.json
[18May2026 14:31:13.184] [main/DEBUG] [mixin/]: Adding mixin platform agents for container SecureJarResource(hugestructureblocks)
[18May2026 14:31:13.184] [main/DEBUG] [mixin/]: Instancing new MixinPlatformAgentMinecraftForge for SecureJarResource(hugestructureblocks)
[18May2026 14:31:13.184] [main/DEBUG] [mixin/]: MixinPlatformAgentMinecraftForge rejected container SecureJarResource(hugestructureblocks)
[18May2026 14:31:13.184] [main/DEBUG] [mixin/]: Instancing new MixinPlatformAgentDefault for SecureJarResource(hugestructureblocks)
[18May2026 14:31:13.185] [main/DEBUG] [mixin/]: MixinPlatformAgentDefault accepted container SecureJarResource(hugestructureblocks)
[18May2026 14:31:13.185] [main/DEBUG] [mixin/]: Processing prepare() for PlatformAgent[MixinPlatformAgentDefault:SecureJarResource(hugestructureblocks)]
[18May2026 14:31:13.185] [main/DEBUG] [mixin/]: Registering mixin config: hugestructureblocks.mixins.json
[18May2026 14:31:13.186] [main/DEBUG] [mixin/]: Adding mixin platform agents for container SecureJarResource(runecraft)
[18May2026 14:31:13.188] [main/DEBUG] [mixin/]: Instancing new MixinPlatformAgentMinecraftForge for SecureJarResource(runecraft)
[18May2026 14:31:13.188] [main/DEBUG] [mixin/]: MixinPlatformAgentMinecraftForge rejected container SecureJarResource(runecraft)
[18May2026 14:31:13.188] [main/DEBUG] [mixin/]: Instancing new MixinPlatformAgentDefault for SecureJarResource(runecraft)
[18May2026 14:31:13.188] [main/DEBUG] [mixin/]: MixinPlatformAgentDefault accepted container SecureJarResource(runecraft)
[18May2026 14:31:13.188] [main/DEBUG] [mixin/]: Processing prepare() for PlatformAgent[MixinPlatformAgentDefault:SecureJarResource(runecraft)]
[18May2026 14:31:13.188] [main/DEBUG] [mixin/]: Registering mixin config: mixins.runecraft.json
[18May2026 14:31:13.190] [main/DEBUG] [mixin/]: Adding mixin platform agents for container SecureJarResource(t_and_t)
[18May2026 14:31:13.190] [main/DEBUG] [mixin/]: Instancing new MixinPlatformAgentMinecraftForge for SecureJarResource(t_and_t)
[18May2026 14:31:13.191] [main/DEBUG] [mixin/]: MixinPlatformAgentMinecraftForge rejected container SecureJarResource(t_and_t)
[18May2026 14:31:13.191] [main/DEBUG] [mixin/]: Instancing new MixinPlatformAgentDefault for SecureJarResource(t_and_t)
[18May2026 14:31:13.191] [main/DEBUG] [mixin/]: MixinPlatformAgentDefault accepted container SecureJarResource(t_and_t)
[18May2026 14:31:13.191] [main/DEBUG] [mixin/]: Processing prepare() for PlatformAgent[MixinPlatformAgentDefault:SecureJarResource(t_and_t)]
[18May2026 14:31:13.191] [main/DEBUG] [mixin/]: Adding mixin platform agents for container SecureJarResource(epicpaladins)
[18May2026 14:31:13.191] [main/DEBUG] [mixin/]: Instancing new MixinPlatformAgentMinecraftForge for SecureJarResource(epicpaladins)
[18May2026 14:31:13.191] [main/DEBUG] [mixin/]: MixinPlatformAgentMinecraftForge rejected container SecureJarResource(epicpaladins)
[18May2026 14:31:13.191] [main/DEBUG] [mixin/]: Instancing new MixinPlatformAgentDefault for SecureJarResource(epicpaladins)
[18May2026 14:31:13.192] [main/DEBUG] [mixin/]: MixinPlatformAgentDefault accepted container SecureJarResource(epicpaladins)
[18May2026 14:31:13.192] [main/DEBUG] [mixin/]: Processing prepare() for PlatformAgent[MixinPlatformAgentDefault:SecureJarResource(epicpaladins)]
[18May2026 14:31:13.192] [main/DEBUG] [mixin/]: Registering mixin config: arclight.mixins.json
[18May2026 14:31:13.194] [main/DEBUG] [mixin/]: Compatibility level JAVA_8 specified by arclight.mixins.json is lower than the default level supported by the current mixin service (JAVA_16).
[18May2026 14:31:13.194] [main/ERROR] [mixin/]: Mixin config arclight.mixins.json does not specify "minVersion" property
[18May2026 14:31:13.195] [main/DEBUG] [mixin/]: Adding mixin platform agents for container SecureJarResource(soulsweapons)
[18May2026 14:31:13.195] [main/DEBUG] [mixin/]: Instancing new MixinPlatformAgentMinecraftForge for SecureJarResource(soulsweapons)
[18May2026 14:31:13.195] [main/DEBUG] [mixin/]: MixinPlatformAgentMinecraftForge rejected container SecureJarResource(soulsweapons)
[18May2026 14:31:13.195] [main/DEBUG] [mixin/]: Instancing new MixinPlatformAgentDefault for SecureJarResource(soulsweapons)
[18May2026 14:31:13.195] [main/DEBUG] [mixin/]: MixinPlatformAgentDefault accepted container SecureJarResource(soulsweapons)
[18May2026 14:31:13.195] [main/DEBUG] [mixin/]: Processing prepare() for PlatformAgent[MixinPlatformAgentDefault:SecureJarResource(soulsweapons)]
[18May2026 14:31:13.196] [main/DEBUG] [mixin/]: Registering mixin config: soulsweapons.mixins.json
[18May2026 14:31:13.197] [main/DEBUG] [mixin/]: Adding mixin platform agents for container SecureJarResource(radium)
[18May2026 14:31:13.198] [main/DEBUG] [mixin/]: Instancing new MixinPlatformAgentMinecraftForge for SecureJarResource(radium)
[18May2026 14:31:13.198] [main/DEBUG] [mixin/]: MixinPlatformAgentMinecraftForge rejected container SecureJarResource(radium)
[18May2026 14:31:13.198] [main/DEBUG] [mixin/]: Instancing new MixinPlatformAgentDefault for SecureJarResource(radium)
[18May2026 14:31:13.198] [main/DEBUG] [mixin/]: MixinPlatformAgentDefault accepted container SecureJarResource(radium)
[18May2026 14:31:13.198] [main/DEBUG] [mixin/]: Processing prepare() for PlatformAgent[MixinPlatformAgentDefault:SecureJarResource(radium)]
[18May2026 14:31:13.198] [main/DEBUG] [mixin/]: Registering mixin config: lithium.mixins.json
[18May2026 14:31:13.200] [main/DEBUG] [mixin/]: Compatibility level JAVA_16 specified by lithium.mixins.json is higher than the maximum level supported by this version of mixin (JAVA_13).
[18May2026 14:31:13.200] [main/DEBUG] [mixin/]: Adding mixin platform agents for container SecureJarResource(humancompanions)
[18May2026 14:31:13.201] [main/DEBUG] [mixin/]: Instancing new MixinPlatformAgentMinecraftForge for SecureJarResource(humancompanions)
[18May2026 14:31:13.201] [main/DEBUG] [mixin/]: MixinPlatformAgentMinecraftForge rejected container SecureJarResource(humancompanions)
[18May2026 14:31:13.201] [main/DEBUG] [mixin/]: Instancing new MixinPlatformAgentDefault for SecureJarResource(humancompanions)
[18May2026 14:31:13.201] [main/DEBUG] [mixin/]: MixinPlatformAgentDefault accepted container SecureJarResource(humancompanions)
[18May2026 14:31:13.201] [main/DEBUG] [mixin/]: Processing prepare() for PlatformAgent[MixinPlatformAgentDefault:SecureJarResource(humancompanions)]
[18May2026 14:31:13.201] [main/DEBUG] [mixin/]: Adding mixin platform agents for container SecureJarResource(too_many_bows)
[18May2026 14:31:13.201] [main/DEBUG] [mixin/]: Instancing new MixinPlatformAgentMinecraftForge for SecureJarResource(too_many_bows)
[18May2026 14:31:13.201] [main/DEBUG] [mixin/]: MixinPlatformAgentMinecraftForge rejected container SecureJarResource(too_many_bows)
[18May2026 14:31:13.201] [main/DEBUG] [mixin/]: Instancing new MixinPlatformAgentDefault for SecureJarResource(too_many_bows)
[18May2026 14:31:13.202] [main/DEBUG] [mixin/]: MixinPlatformAgentDefault accepted container SecureJarResource(too_many_bows)
[18May2026 14:31:13.202] [main/DEBUG] [mixin/]: Processing prepare() for PlatformAgent[MixinPlatformAgentDefault:SecureJarResource(too_many_bows)]
[18May2026 14:31:13.202] [main/DEBUG] [mixin/]: Registering mixin config: too_many_bows.mixins.json
[18May2026 14:31:13.204] [main/DEBUG] [mixin/]: Adding mixin platform agents for container SecureJarResource(lithostitched)
[18May2026 14:31:13.204] [main/DEBUG] [mixin/]: Instancing new MixinPlatformAgentMinecraftForge for SecureJarResource(lithostitched)
[18May2026 14:31:13.204] [main/DEBUG] [mixin/]: MixinPlatformAgentMinecraftForge rejected container SecureJarResource(lithostitched)
[18May2026 14:31:13.204] [main/DEBUG] [mixin/]: Instancing new MixinPlatformAgentDefault for SecureJarResource(lithostitched)
[18May2026 14:31:13.204] [main/DEBUG] [mixin/]: MixinPlatformAgentDefault accepted container SecureJarResource(lithostitched)
[18May2026 14:31:13.204] [main/DEBUG] [mixin/]: Processing prepare() for PlatformAgent[MixinPlatformAgentDefault:SecureJarResource(lithostitched)]
[18May2026 14:31:13.204] [main/DEBUG] [mixin/]: Registering mixin config: lithostitched.mixins.json
[18May2026 14:31:13.206] [main/DEBUG] [mixin/]: Registering mixin config: lithostitched.forge.mixins.json
[18May2026 14:31:13.208] [main/DEBUG] [mixin/]: Adding mixin platform agents for container SecureJarResource(irons_lib)
[18May2026 14:31:13.208] [main/DEBUG] [mixin/]: Instancing new MixinPlatformAgentMinecraftForge for SecureJarResource(irons_lib)
[18May2026 14:31:13.208] [main/DEBUG] [mixin/]: MixinPlatformAgentMinecraftForge rejected container SecureJarResource(irons_lib)
[18May2026 14:31:13.208] [main/DEBUG] [mixin/]: Instancing new MixinPlatformAgentDefault for SecureJarResource(irons_lib)
[18May2026 14:31:13.208] [main/DEBUG] [mixin/]: MixinPlatformAgentDefault accepted container SecureJarResource(irons_lib)
[18May2026 14:31:13.209] [main/DEBUG] [mixin/]: Processing prepare() for PlatformAgent[MixinPlatformAgentDefault:SecureJarResource(irons_lib)]
[18May2026 14:31:13.209] [main/DEBUG] [mixin/]: Registering mixin config: irons_lib.mixins.json
[18May2026 14:31:13.210] [main/DEBUG] [mixin/]: Adding mixin platform agents for container SecureJarResource(attributefix)
[18May2026 14:31:13.211] [main/DEBUG] [mixin/]: Instancing new MixinPlatformAgentMinecraftForge for SecureJarResource(attributefix)
[18May2026 14:31:13.211] [main/DEBUG] [mixin/]: MixinPlatformAgentMinecraftForge rejected container SecureJarResource(attributefix)
[18May2026 14:31:13.211] [main/DEBUG] [mixin/]: Instancing new MixinPlatformAgentDefault for SecureJarResource(attributefix)
[18May2026 14:31:13.211] [main/DEBUG] [mixin/]: MixinPlatformAgentDefault accepted container SecureJarResource(attributefix)
[18May2026 14:31:13.211] [main/DEBUG] [mixin/]: Processing prepare() for PlatformAgent[MixinPlatformAgentDefault:SecureJarResource(attributefix)]
[18May2026 14:31:13.211] [main/DEBUG] [mixin/]: Registering mixin config: attributefix.mixins.json
[18May2026 14:31:13.213] [main/DEBUG] [mixin/]: Adding mixin platform agents for container SecureJarResource(xaerolib)
[18May2026 14:31:13.213] [main/DEBUG] [mixin/]: Instancing new MixinPlatformAgentMinecraftForge for SecureJarResource(xaerolib)
[18May2026 14:31:13.213] [main/DEBUG] [mixin/]: MixinPlatformAgentMinecraftForge rejected container SecureJarResource(xaerolib)
[18May2026 14:31:13.213] [main/DEBUG] [mixin/]: Instancing new MixinPlatformAgentDefault for SecureJarResource(xaerolib)
[18May2026 14:31:13.213] [main/DEBUG] [mixin/]: MixinPlatformAgentDefault accepted container SecureJarResource(xaerolib)
[18May2026 14:31:13.214] [main/DEBUG] [mixin/]: Processing prepare() for PlatformAgent[MixinPlatformAgentDefault:SecureJarResource(xaerolib)]
[18May2026 14:31:13.214] [main/DEBUG] [mixin/]: Registering mixin config: xaerolib.mixins.json
[18May2026 14:31:13.215] [main/DEBUG] [mixin/]: Registering mixin config: xaerolib.forge.mixins.json
[18May2026 14:31:13.217] [main/DEBUG] [mixin/]: Adding mixin platform agents for container SecureJarResource(gnumus)
[18May2026 14:31:13.217] [main/DEBUG] [mixin/]: Instancing new MixinPlatformAgentMinecraftForge for SecureJarResource(gnumus)
[18May2026 14:31:13.217] [main/DEBUG] [mixin/]: MixinPlatformAgentMinecraftForge rejected container SecureJarResource(gnumus)
[18May2026 14:31:13.218] [main/DEBUG] [mixin/]: Instancing new MixinPlatformAgentDefault for SecureJarResource(gnumus)
[18May2026 14:31:13.218] [main/DEBUG] [mixin/]: MixinPlatformAgentDefault accepted container SecureJarResource(gnumus)
[18May2026 14:31:13.218] [main/DEBUG] [mixin/]: Processing prepare() for PlatformAgent[MixinPlatformAgentDefault:SecureJarResource(gnumus)]
[18May2026 14:31:13.218] [main/DEBUG] [mixin/]: Adding mixin platform agents for container SecureJarResource(caelus)
[18May2026 14:31:13.218] [main/DEBUG] [mixin/]: Instancing new MixinPlatformAgentMinecraftForge for SecureJarResource(caelus)
[18May2026 14:31:13.218] [main/DEBUG] [mixin/]: MixinPlatformAgentMinecraftForge rejected container SecureJarResource(caelus)
[18May2026 14:31:13.218] [main/DEBUG] [mixin/]: Instancing new MixinPlatformAgentDefault for SecureJarResource(caelus)
[18May2026 14:31:13.218] [main/DEBUG] [mixin/]: MixinPlatformAgentDefault accepted container SecureJarResource(caelus)
[18May2026 14:31:13.218] [main/DEBUG] [mixin/]: Processing prepare() for PlatformAgent[MixinPlatformAgentDefault:SecureJarResource(caelus)]
[18May2026 14:31:13.219] [main/DEBUG] [mixin/]: Registering mixin config: caelus.mixins.json
[18May2026 14:31:13.220] [main/DEBUG] [mixin/]: Adding mixin platform agents for container SecureJarResource(obscure_api)
[18May2026 14:31:13.220] [main/DEBUG] [mixin/]: Instancing new MixinPlatformAgentMinecraftForge for SecureJarResource(obscure_api)
[18May2026 14:31:13.221] [main/DEBUG] [mixin/]: MixinPlatformAgentMinecraftForge rejected container SecureJarResource(obscure_api)
[18May2026 14:31:13.221] [main/DEBUG] [mixin/]: Instancing new MixinPlatformAgentDefault for SecureJarResource(obscure_api)
[18May2026 14:31:13.221] [main/DEBUG] [mixin/]: MixinPlatformAgentDefault accepted container SecureJarResource(obscure_api)
[18May2026 14:31:13.221] [main/DEBUG] [mixin/]: Processing prepare() for PlatformAgent[MixinPlatformAgentDefault:SecureJarResource(obscure_api)]
[18May2026 14:31:13.221] [main/DEBUG] [mixin/]: Registering mixin config: obscure_api.mixins.json
[18May2026 14:31:13.223] [main/DEBUG] [mixin/]: Adding mixin platform agents for container SecureJarResource(epicfight)
[18May2026 14:31:13.223] [main/DEBUG] [mixin/]: Instancing new MixinPlatformAgentMinecraftForge for SecureJarResource(epicfight)
[18May2026 14:31:13.223] [main/DEBUG] [mixin/]: MixinPlatformAgentMinecraftForge rejected container SecureJarResource(epicfight)
[18May2026 14:31:13.223] [main/DEBUG] [mixin/]: Instancing new MixinPlatformAgentDefault for SecureJarResource(epicfight)
[18May2026 14:31:13.223] [main/DEBUG] [mixin/]: MixinPlatformAgentDefault accepted container SecureJarResource(epicfight)
[18May2026 14:31:13.223] [main/DEBUG] [mixin/]: Processing prepare() for PlatformAgent[MixinPlatformAgentDefault:SecureJarResource(epicfight)]
[18May2026 14:31:13.224] [main/DEBUG] [mixin/]: Registering mixin config: mixins.epicfight.json
[18May2026 14:31:13.225] [main/DEBUG] [mixin/]: Adding mixin platform agents for container SecureJarResource(wom)
[18May2026 14:31:13.225] [main/DEBUG] [mixin/]: Instancing new MixinPlatformAgentMinecraftForge for SecureJarResource(wom)
[18May2026 14:31:13.226] [main/DEBUG] [mixin/]: MixinPlatformAgentMinecraftForge rejected container SecureJarResource(wom)
[18May2026 14:31:13.226] [main/DEBUG] [mixin/]: Instancing new MixinPlatformAgentDefault for SecureJarResource(wom)
[18May2026 14:31:13.226] [main/DEBUG] [mixin/]: MixinPlatformAgentDefault accepted container SecureJarResource(wom)
[18May2026 14:31:13.226] [main/DEBUG] [mixin/]: Processing prepare() for PlatformAgent[MixinPlatformAgentDefault:SecureJarResource(wom)]
[18May2026 14:31:13.226] [main/DEBUG] [mixin/]: Registering mixin config: mixins.wom.json
[18May2026 14:31:13.227] [main/DEBUG] [mixin/]: Adding mixin platform agents for container SecureJarResource(fastsuite)
[18May2026 14:31:13.228] [main/DEBUG] [mixin/]: Instancing new MixinPlatformAgentMinecraftForge for SecureJarResource(fastsuite)
[18May2026 14:31:13.228] [main/DEBUG] [mixin/]: MixinPlatformAgentMinecraftForge rejected container SecureJarResource(fastsuite)
[18May2026 14:31:13.228] [main/DEBUG] [mixin/]: Instancing new MixinPlatformAgentDefault for SecureJarResource(fastsuite)
[18May2026 14:31:13.228] [main/DEBUG] [mixin/]: MixinPlatformAgentDefault accepted container SecureJarResource(fastsuite)
[18May2026 14:31:13.228] [main/DEBUG] [mixin/]: Processing prepare() for PlatformAgent[MixinPlatformAgentDefault:SecureJarResource(fastsuite)]
[18May2026 14:31:13.228] [main/DEBUG] [mixin/]: Registering mixin config: fastsuite.mixins.json
[18May2026 14:31:13.230] [main/DEBUG] [mixin/]: Adding mixin platform agents for container SecureJarResource(clumps)
[18May2026 14:31:13.230] [main/DEBUG] [mixin/]: Instancing new MixinPlatformAgentMinecraftForge for SecureJarResource(clumps)
[18May2026 14:31:13.230] [main/DEBUG] [mixin/]: MixinPlatformAgentMinecraftForge rejected container SecureJarResource(clumps)
[18May2026 14:31:13.230] [main/DEBUG] [mixin/]: Instancing new MixinPlatformAgentDefault for SecureJarResource(clumps)
[18May2026 14:31:13.230] [main/DEBUG] [mixin/]: MixinPlatformAgentDefault accepted container SecureJarResource(clumps)
[18May2026 14:31:13.230] [main/DEBUG] [mixin/]: Processing prepare() for PlatformAgent[MixinPlatformAgentDefault:SecureJarResource(clumps)]
[18May2026 14:31:13.230] [main/DEBUG] [mixin/]: Registering mixin config: clumps.mixins.json
[18May2026 14:31:13.232] [main/DEBUG] [mixin/]: Adding mixin platform agents for container SecureJarResource(mobhealthbar)
[18May2026 14:31:13.232] [main/DEBUG] [mixin/]: Instancing new MixinPlatformAgentMinecraftForge for SecureJarResource(mobhealthbar)
[18May2026 14:31:13.233] [main/DEBUG] [mixin/]: MixinPlatformAgentMinecraftForge rejected container SecureJarResource(mobhealthbar)
[18May2026 14:31:13.233] [main/DEBUG] [mixin/]: Instancing new MixinPlatformAgentDefault for SecureJarResource(mobhealthbar)
[18May2026 14:31:13.233] [main/DEBUG] [mixin/]: MixinPlatformAgentDefault accepted container SecureJarResource(mobhealthbar)
[18May2026 14:31:13.233] [main/DEBUG] [mixin/]: Processing prepare() for PlatformAgent[MixinPlatformAgentDefault:SecureJarResource(mobhealthbar)]
[18May2026 14:31:13.233] [main/DEBUG] [mixin/]: Adding mixin platform agents for container SecureJarResource(travelersbackpack)
[18May2026 14:31:13.233] [main/DEBUG] [mixin/]: Instancing new MixinPlatformAgentMinecraftForge for SecureJarResource(travelersbackpack)
[18May2026 14:31:13.233] [main/DEBUG] [mixin/]: MixinPlatformAgentMinecraftForge rejected container SecureJarResource(travelersbackpack)
[18May2026 14:31:13.233] [main/DEBUG] [mixin/]: Instancing new MixinPlatformAgentDefault for SecureJarResource(travelersbackpack)
[18May2026 14:31:13.233] [main/DEBUG] [mixin/]: MixinPlatformAgentDefault accepted container SecureJarResource(travelersbackpack)
[18May2026 14:31:13.233] [main/DEBUG] [mixin/]: Processing prepare() for PlatformAgent[MixinPlatformAgentDefault:SecureJarResource(travelersbackpack)]
[18May2026 14:31:13.233] [main/DEBUG] [mixin/]: Registering mixin config: mixins.travelersbackpack.json
[18May2026 14:31:13.235] [main/DEBUG] [mixin/]: Adding mixin platform agents for container SecureJarResource(smarterfarmers)
[18May2026 14:31:13.236] [main/DEBUG] [mixin/]: Instancing new MixinPlatformAgentMinecraftForge for SecureJarResource(smarterfarmers)
[18May2026 14:31:13.236] [main/DEBUG] [mixin/]: MixinPlatformAgentMinecraftForge rejected container SecureJarResource(smarterfarmers)
[18May2026 14:31:13.236] [main/DEBUG] [mixin/]: Instancing new MixinPlatformAgentDefault for SecureJarResource(smarterfarmers)
[18May2026 14:31:13.236] [main/DEBUG] [mixin/]: MixinPlatformAgentDefault accepted container SecureJarResource(smarterfarmers)
[18May2026 14:31:13.236] [main/DEBUG] [mixin/]: Processing prepare() for PlatformAgent[MixinPlatformAgentDefault:SecureJarResource(smarterfarmers)]
[18May2026 14:31:13.236] [main/DEBUG] [mixin/]: Registering mixin config: smarterfarmers-common.mixins.json
[18May2026 14:31:13.238] [main/DEBUG] [mixin/]: Registering mixin config: smarterfarmers.mixins.json
[18May2026 14:31:13.240] [main/DEBUG] [mixin/]: Compatibility level JAVA_16 specified by smarterfarmers.mixins.json is higher than the maximum level supported by this version of mixin (JAVA_13).
[18May2026 14:31:13.240] [main/DEBUG] [mixin/]: Adding mixin platform agents for container SecureJarResource(explorerscompass)
[18May2026 14:31:13.240] [main/DEBUG] [mixin/]: Instancing new MixinPlatformAgentMinecraftForge for SecureJarResource(explorerscompass)
[18May2026 14:31:13.240] [main/DEBUG] [mixin/]: MixinPlatformAgentMinecraftForge rejected container SecureJarResource(explorerscompass)
[18May2026 14:31:13.240] [main/DEBUG] [mixin/]: Instancing new MixinPlatformAgentDefault for SecureJarResource(explorerscompass)
[18May2026 14:31:13.240] [main/DEBUG] [mixin/]: MixinPlatformAgentDefault accepted container SecureJarResource(explorerscompass)
[18May2026 14:31:13.240] [main/DEBUG] [mixin/]: Processing prepare() for PlatformAgent[MixinPlatformAgentDefault:SecureJarResource(explorerscompass)]
[18May2026 14:31:13.241] [main/DEBUG] [mixin/]: Adding mixin platform agents for container SecureJarResource(iceandfire)
[18May2026 14:31:13.241] [main/DEBUG] [mixin/]: Instancing new MixinPlatformAgentMinecraftForge for SecureJarResource(iceandfire)
[18May2026 14:31:13.241] [main/DEBUG] [mixin/]: MixinPlatformAgentMinecraftForge rejected container SecureJarResource(iceandfire)
[18May2026 14:31:13.241] [main/DEBUG] [mixin/]: Instancing new MixinPlatformAgentDefault for SecureJarResource(iceandfire)
[18May2026 14:31:13.241] [main/DEBUG] [mixin/]: MixinPlatformAgentDefault accepted container SecureJarResource(iceandfire)
[18May2026 14:31:13.241] [main/DEBUG] [mixin/]: Processing prepare() for PlatformAgent[MixinPlatformAgentDefault:SecureJarResource(iceandfire)]
[18May2026 14:31:13.241] [main/DEBUG] [mixin/]: Registering mixin config: iceandfire.mixins.json
[18May2026 14:31:13.243] [main/DEBUG] [mixin/]: Adding mixin platform agents for container SecureJarResource(terralith)
[18May2026 14:31:13.243] [main/DEBUG] [mixin/]: Instancing new MixinPlatformAgentMinecraftForge for SecureJarResource(terralith)
[18May2026 14:31:13.243] [main/DEBUG] [mixin/]: MixinPlatformAgentMinecraftForge rejected container SecureJarResource(terralith)
[18May2026 14:31:13.244] [main/DEBUG] [mixin/]: Instancing new MixinPlatformAgentDefault for SecureJarResource(terralith)
[18May2026 14:31:13.244] [main/DEBUG] [mixin/]: MixinPlatformAgentDefault accepted container SecureJarResource(terralith)
[18May2026 14:31:13.244] [main/DEBUG] [mixin/]: Processing prepare() for PlatformAgent[MixinPlatformAgentDefault:SecureJarResource(terralith)]
[18May2026 14:31:13.244] [main/DEBUG] [mixin/]: Adding mixin platform agents for container SecureJarResource(memoryleakfix)
[18May2026 14:31:13.244] [main/DEBUG] [mixin/]: Instancing new MixinPlatformAgentMinecraftForge for SecureJarResource(memoryleakfix)
[18May2026 14:31:13.244] [main/DEBUG] [mixin/]: MixinPlatformAgentMinecraftForge rejected container SecureJarResource(memoryleakfix)
[18May2026 14:31:13.244] [main/DEBUG] [mixin/]: Instancing new MixinPlatformAgentDefault for SecureJarResource(memoryleakfix)
[18May2026 14:31:13.244] [main/DEBUG] [mixin/]: MixinPlatformAgentDefault accepted container SecureJarResource(memoryleakfix)
[18May2026 14:31:13.244] [main/DEBUG] [mixin/]: Processing prepare() for PlatformAgent[MixinPlatformAgentDefault:SecureJarResource(memoryleakfix)]
[18May2026 14:31:13.245] [main/DEBUG] [mixin/]: Registering mixin config: memoryleakfix.mixins.json
[18May2026 14:31:13.246] [main/DEBUG] [mixin/]: Compatibility level JAVA_8 specified by memoryleakfix.mixins.json is lower than the default level supported by the current mixin service (JAVA_16).
[18May2026 14:31:13.247] [main/DEBUG] [mixin/]: Adding mixin platform agents for container SecureJarResource(interaction_boxes)
[18May2026 14:31:13.247] [main/DEBUG] [mixin/]: Instancing new MixinPlatformAgentMinecraftForge for SecureJarResource(interaction_boxes)
[18May2026 14:31:13.247] [main/DEBUG] [mixin/]: MixinPlatformAgentMinecraftForge rejected container SecureJarResource(interaction_boxes)
[18May2026 14:31:13.247] [main/DEBUG] [mixin/]: Instancing new MixinPlatformAgentDefault for SecureJarResource(interaction_boxes)
[18May2026 14:31:13.247] [main/DEBUG] [mixin/]: MixinPlatformAgentDefault accepted container SecureJarResource(interaction_boxes)
[18May2026 14:31:13.247] [main/DEBUG] [mixin/]: Processing prepare() for PlatformAgent[MixinPlatformAgentDefault:SecureJarResource(interaction_boxes)]
[18May2026 14:31:13.247] [main/DEBUG] [mixin/]: Registering mixin config: interaction_boxes.mixin.json
[18May2026 14:31:13.249] [main/DEBUG] [mixin/]: Adding mixin platform agents for container SecureJarResource(ars_nouveau)
[18May2026 14:31:13.249] [main/DEBUG] [mixin/]: Instancing new MixinPlatformAgentMinecraftForge for SecureJarResource(ars_nouveau)
[18May2026 14:31:13.249] [main/DEBUG] [mixin/]: MixinPlatformAgentMinecraftForge rejected container SecureJarResource(ars_nouveau)
[18May2026 14:31:13.249] [main/DEBUG] [mixin/]: Instancing new MixinPlatformAgentDefault for SecureJarResource(ars_nouveau)
[18May2026 14:31:13.250] [main/DEBUG] [mixin/]: MixinPlatformAgentDefault accepted container SecureJarResource(ars_nouveau)
[18May2026 14:31:13.250] [main/DEBUG] [mixin/]: Processing prepare() for PlatformAgent[MixinPlatformAgentDefault:SecureJarResource(ars_nouveau)]
[18May2026 14:31:13.250] [main/DEBUG] [mixin/]: Registering mixin config: ars_nouveau.mixins.json
[18May2026 14:31:13.252] [main/DEBUG] [mixin/]: Adding mixin platform agents for container SecureJarResource(watut)
[18May2026 14:31:13.252] [main/DEBUG] [mixin/]: Instancing new MixinPlatformAgentMinecraftForge for SecureJarResource(watut)
[18May2026 14:31:13.252] [main/DEBUG] [mixin/]: MixinPlatformAgentMinecraftForge rejected container SecureJarResource(watut)
[18May2026 14:31:13.252] [main/DEBUG] [mixin/]: Instancing new MixinPlatformAgentDefault for SecureJarResource(watut)
[18May2026 14:31:13.252] [main/DEBUG] [mixin/]: MixinPlatformAgentDefault accepted container SecureJarResource(watut)
[18May2026 14:31:13.252] [main/DEBUG] [mixin/]: Processing prepare() for PlatformAgent[MixinPlatformAgentDefault:SecureJarResource(watut)]
[18May2026 14:31:13.252] [main/DEBUG] [mixin/]: Registering mixin config: watut.mixins.json
[18May2026 14:31:13.254] [main/DEBUG] [mixin/]: Adding mixin platform agents for container SecureJarResource(luckperms)
[18May2026 14:31:13.254] [main/DEBUG] [mixin/]: Instancing new MixinPlatformAgentMinecraftForge for SecureJarResource(luckperms)
[18May2026 14:31:13.254] [main/DEBUG] [mixin/]: MixinPlatformAgentMinecraftForge rejected container SecureJarResource(luckperms)
[18May2026 14:31:13.254] [main/DEBUG] [mixin/]: Instancing new MixinPlatformAgentDefault for SecureJarResource(luckperms)
[18May2026 14:31:13.254] [main/DEBUG] [mixin/]: MixinPlatformAgentDefault accepted container SecureJarResource(luckperms)
[18May2026 14:31:13.254] [main/DEBUG] [mixin/]: Processing prepare() for PlatformAgent[MixinPlatformAgentDefault:SecureJarResource(luckperms)]
[18May2026 14:31:13.254] [main/DEBUG] [mixin/]: Adding mixin platform agents for container SecureJarResource(dungeons_arise_seven_seas)
[18May2026 14:31:13.255] [main/DEBUG] [mixin/]: Instancing new MixinPlatformAgentMinecraftForge for SecureJarResource(dungeons_arise_seven_seas)
[18May2026 14:31:13.255] [main/DEBUG] [mixin/]: MixinPlatformAgentMinecraftForge rejected container SecureJarResource(dungeons_arise_seven_seas)
[18May2026 14:31:13.255] [main/DEBUG] [mixin/]: Instancing new MixinPlatformAgentDefault for SecureJarResource(dungeons_arise_seven_seas)
[18May2026 14:31:13.255] [main/DEBUG] [mixin/]: MixinPlatformAgentDefault accepted container SecureJarResource(dungeons_arise_seven_seas)
[18May2026 14:31:13.255] [main/DEBUG] [mixin/]: Processing prepare() for PlatformAgent[MixinPlatformAgentDefault:SecureJarResource(dungeons_arise_seven_seas)]
[18May2026 14:31:13.255] [main/DEBUG] [mixin/]: Adding mixin platform agents for container SecureJarResource(forge)
[18May2026 14:31:13.255] [main/DEBUG] [mixin/]: Instancing new MixinPlatformAgentMinecraftForge for SecureJarResource(forge)
[18May2026 14:31:13.255] [main/DEBUG] [mixin/]: MixinPlatformAgentMinecraftForge rejected container SecureJarResource(forge)
[18May2026 14:31:13.255] [main/DEBUG] [mixin/]: Instancing new MixinPlatformAgentDefault for SecureJarResource(forge)
[18May2026 14:31:13.255] [main/DEBUG] [mixin/]: MixinPlatformAgentDefault accepted container SecureJarResource(forge)
[18May2026 14:31:13.256] [main/DEBUG] [mixin/]: Processing prepare() for PlatformAgent[MixinPlatformAgentDefault:SecureJarResource(forge)]
[18May2026 14:31:13.256] [main/DEBUG] [mixin/]: Adding mixin platform agents for container SecureJarResource(mr_withering_heights)
[18May2026 14:31:13.256] [main/DEBUG] [mixin/]: Instancing new MixinPlatformAgentMinecraftForge for SecureJarResource(mr_withering_heights)
[18May2026 14:31:13.256] [main/DEBUG] [mixin/]: MixinPlatformAgentMinecraftForge rejected container SecureJarResource(mr_withering_heights)
[18May2026 14:31:13.256] [main/DEBUG] [mixin/]: Instancing new MixinPlatformAgentDefault for SecureJarResource(mr_withering_heights)
[18May2026 14:31:13.256] [main/DEBUG] [mixin/]: MixinPlatformAgentDefault accepted container SecureJarResource(mr_withering_heights)
[18May2026 14:31:13.256] [main/DEBUG] [mixin/]: Processing prepare() for PlatformAgent[MixinPlatformAgentDefault:SecureJarResource(mr_withering_heights)]
[18May2026 14:31:13.256] [main/DEBUG] [mixin/]: Adding mixin platform agents for container SecureJarResource(travelerstitles)
[18May2026 14:31:13.256] [main/DEBUG] [mixin/]: Instancing new MixinPlatformAgentMinecraftForge for SecureJarResource(travelerstitles)
[18May2026 14:31:13.257] [main/DEBUG] [mixin/]: MixinPlatformAgentMinecraftForge rejected container SecureJarResource(travelerstitles)
[18May2026 14:31:13.257] [main/DEBUG] [mixin/]: Instancing new MixinPlatformAgentDefault for SecureJarResource(travelerstitles)
[18May2026 14:31:13.257] [main/DEBUG] [mixin/]: MixinPlatformAgentDefault accepted container SecureJarResource(travelerstitles)
[18May2026 14:31:13.257] [main/DEBUG] [mixin/]: Processing prepare() for PlatformAgent[MixinPlatformAgentDefault:SecureJarResource(travelerstitles)]
[18May2026 14:31:13.257] [main/DEBUG] [mixin/]: Registering mixin config: travelerstitles.mixins.json
[18May2026 14:31:13.259] [main/DEBUG] [mixin/]: Registering mixin config: travelerstitles_forge.mixins.json
[18May2026 14:31:13.260] [main/DEBUG] [mixin/]: Adding mixin platform agents for container SecureJarResource(tlskincape)
[18May2026 14:31:13.261] [main/DEBUG] [mixin/]: Instancing new MixinPlatformAgentMinecraftForge for SecureJarResource(tlskincape)
[18May2026 14:31:13.261] [main/DEBUG] [mixin/]: MixinPlatformAgentMinecraftForge rejected container SecureJarResource(tlskincape)
[18May2026 14:31:13.261] [main/DEBUG] [mixin/]: Instancing new MixinPlatformAgentDefault for SecureJarResource(tlskincape)
[18May2026 14:31:13.261] [main/DEBUG] [mixin/]: MixinPlatformAgentDefault accepted container SecureJarResource(tlskincape)
[18May2026 14:31:13.261] [main/DEBUG] [mixin/]: Processing prepare() for PlatformAgent[MixinPlatformAgentDefault:SecureJarResource(tlskincape)]
[18May2026 14:31:13.261] [main/DEBUG] [mixin/]: Adding mixin platform agents for container SecureJarResource(dungeons_arise)
[18May2026 14:31:13.261] [main/DEBUG] [mixin/]: Instancing new MixinPlatformAgentMinecraftForge for SecureJarResource(dungeons_arise)
[18May2026 14:31:13.261] [main/DEBUG] [mixin/]: MixinPlatformAgentMinecraftForge rejected container SecureJarResource(dungeons_arise)
[18May2026 14:31:13.261] [main/DEBUG] [mixin/]: Instancing new MixinPlatformAgentDefault for SecureJarResource(dungeons_arise)
[18May2026 14:31:13.262] [main/DEBUG] [mixin/]: MixinPlatformAgentDefault accepted container SecureJarResource(dungeons_arise)
[18May2026 14:31:13.262] [main/DEBUG] [mixin/]: Processing prepare() for PlatformAgent[MixinPlatformAgentDefault:SecureJarResource(dungeons_arise)]
[18May2026 14:31:13.262] [main/DEBUG] [mixin/]: Adding mixin platform agents for container SecureJarResource(minecraft)
[18May2026 14:31:13.262] [main/DEBUG] [mixin/]: Instancing new MixinPlatformAgentMinecraftForge for SecureJarResource(minecraft)
[18May2026 14:31:13.262] [main/DEBUG] [mixin/]: MixinPlatformAgentMinecraftForge rejected container SecureJarResource(minecraft)
[18May2026 14:31:13.262] [main/DEBUG] [mixin/]: Instancing new MixinPlatformAgentDefault for SecureJarResource(minecraft)
[18May2026 14:31:13.262] [main/DEBUG] [mixin/]: MixinPlatformAgentDefault accepted container SecureJarResource(minecraft)
[18May2026 14:31:13.262] [main/DEBUG] [mixin/]: Processing prepare() for PlatformAgent[MixinPlatformAgentDefault:SecureJarResource(minecraft)]
[18May2026 14:31:13.262] [main/DEBUG] [mixin/]: Adding mixin platform agents for container SecureJarResource(dungeons_and_combat)
[18May2026 14:31:13.262] [main/DEBUG] [mixin/]: Instancing new MixinPlatformAgentMinecraftForge for SecureJarResource(dungeons_and_combat)
[18May2026 14:31:13.263] [main/DEBUG] [mixin/]: MixinPlatformAgentMinecraftForge rejected container SecureJarResource(dungeons_and_combat)
[18May2026 14:31:13.263] [main/DEBUG] [mixin/]: Instancing new MixinPlatformAgentDefault for SecureJarResource(dungeons_and_combat)
[18May2026 14:31:13.263] [main/DEBUG] [mixin/]: MixinPlatformAgentDefault accepted container SecureJarResource(dungeons_and_combat)
[18May2026 14:31:13.263] [main/DEBUG] [mixin/]: Processing prepare() for PlatformAgent[MixinPlatformAgentDefault:SecureJarResource(dungeons_and_combat)]
[18May2026 14:31:13.263] [main/DEBUG] [mixin/]: Adding mixin platform agents for container SecureJarResource(dark_souls_expansion)
[18May2026 14:31:13.263] [main/DEBUG] [mixin/]: Instancing new MixinPlatformAgentMinecraftForge for SecureJarResource(dark_souls_expansion)
[18May2026 14:31:13.263] [main/DEBUG] [mixin/]: MixinPlatformAgentMinecraftForge rejected container SecureJarResource(dark_souls_expansion)
[18May2026 14:31:13.263] [main/DEBUG] [mixin/]: Instancing new MixinPlatformAgentDefault for SecureJarResource(dark_souls_expansion)
[18May2026 14:31:13.263] [main/DEBUG] [mixin/]: MixinPlatformAgentDefault accepted container SecureJarResource(dark_souls_expansion)
[18May2026 14:31:13.263] [main/DEBUG] [mixin/]: Processing prepare() for PlatformAgent[MixinPlatformAgentDefault:SecureJarResource(dark_souls_expansion)]
[18May2026 14:31:13.264] [main/DEBUG] [mixin/]: Adding mixin platform agents for container SecureJarResource(slu)
[18May2026 14:31:13.264] [main/DEBUG] [mixin/]: Instancing new MixinPlatformAgentMinecraftForge for SecureJarResource(slu)
[18May2026 14:31:13.264] [main/DEBUG] [mixin/]: MixinPlatformAgentMinecraftForge rejected container SecureJarResource(slu)
[18May2026 14:31:13.264] [main/DEBUG] [mixin/]: Instancing new MixinPlatformAgentDefault for SecureJarResource(slu)
[18May2026 14:31:13.264] [main/DEBUG] [mixin/]: MixinPlatformAgentDefault accepted container SecureJarResource(slu)
[18May2026 14:31:13.264] [main/DEBUG] [mixin/]: Processing prepare() for PlatformAgent[MixinPlatformAgentDefault:SecureJarResource(slu)]
[18May2026 14:31:13.264] [main/DEBUG] [mixin/]: Adding mixin platform agents for container SecureJarResource(twm)
[18May2026 14:31:13.264] [main/DEBUG] [mixin/]: Instancing new MixinPlatformAgentMinecraftForge for SecureJarResource(twm)
[18May2026 14:31:13.264] [main/DEBUG] [mixin/]: MixinPlatformAgentMinecraftForge rejected container SecureJarResource(twm)
[18May2026 14:31:13.265] [main/DEBUG] [mixin/]: Instancing new MixinPlatformAgentDefault for SecureJarResource(twm)
[18May2026 14:31:13.265] [main/DEBUG] [mixin/]: MixinPlatformAgentDefault accepted container SecureJarResource(twm)
[18May2026 14:31:13.265] [main/DEBUG] [mixin/]: Processing prepare() for PlatformAgent[MixinPlatformAgentDefault:SecureJarResource(twm)]
[18May2026 14:31:13.265] [main/DEBUG] [mixin/]: Adding mixin platform agents for container SecureJarResource(born_in_chaos_v1)
[18May2026 14:31:13.265] [main/DEBUG] [mixin/]: Instancing new MixinPlatformAgentMinecraftForge for SecureJarResource(born_in_chaos_v1)
[18May2026 14:31:13.265] [main/DEBUG] [mixin/]: MixinPlatformAgentMinecraftForge rejected container SecureJarResource(born_in_chaos_v1)
[18May2026 14:31:13.265] [main/DEBUG] [mixin/]: Instancing new MixinPlatformAgentDefault for SecureJarResource(born_in_chaos_v1)
[18May2026 14:31:13.265] [main/DEBUG] [mixin/]: MixinPlatformAgentDefault accepted container SecureJarResource(born_in_chaos_v1)
[18May2026 14:31:13.265] [main/DEBUG] [mixin/]: Processing prepare() for PlatformAgent[MixinPlatformAgentDefault:SecureJarResource(born_in_chaos_v1)]
[18May2026 14:31:13.265] [main/DEBUG] [mixin/]: Adding mixin platform agents for container SecureJarResource(tohiro_ores)
[18May2026 14:31:13.266] [main/DEBUG] [mixin/]: Instancing new MixinPlatformAgentMinecraftForge for SecureJarResource(tohiro_ores)
[18May2026 14:31:13.266] [main/DEBUG] [mixin/]: MixinPlatformAgentMinecraftForge rejected container SecureJarResource(tohiro_ores)
[18May2026 14:31:13.266] [main/DEBUG] [mixin/]: Instancing new MixinPlatformAgentDefault for SecureJarResource(tohiro_ores)
[18May2026 14:31:13.266] [main/DEBUG] [mixin/]: MixinPlatformAgentDefault accepted container SecureJarResource(tohiro_ores)
[18May2026 14:31:13.266] [main/DEBUG] [mixin/]: Processing prepare() for PlatformAgent[MixinPlatformAgentDefault:SecureJarResource(tohiro_ores)]
[18May2026 14:31:13.266] [main/DEBUG] [mixin/]: Adding mixin platform agents for container SecureJarResource(realmrpg_skeletons)
[18May2026 14:31:13.266] [main/DEBUG] [mixin/]: Instancing new MixinPlatformAgentMinecraftForge for SecureJarResource(realmrpg_skeletons)
[18May2026 14:31:13.266] [main/DEBUG] [mixin/]: MixinPlatformAgentMinecraftForge rejected container SecureJarResource(realmrpg_skeletons)
[18May2026 14:31:13.266] [main/DEBUG] [mixin/]: Instancing new MixinPlatformAgentDefault for SecureJarResource(realmrpg_skeletons)
[18May2026 14:31:13.267] [main/DEBUG] [mixin/]: MixinPlatformAgentDefault accepted container SecureJarResource(realmrpg_skeletons)
[18May2026 14:31:13.267] [main/DEBUG] [mixin/]: Processing prepare() for PlatformAgent[MixinPlatformAgentDefault:SecureJarResource(realmrpg_skeletons)]
[18May2026 14:31:13.267] [main/DEBUG] [mixin/]: Adding mixin platform agents for container SecureJarResource(tconstruct)
[18May2026 14:31:13.267] [main/DEBUG] [mixin/]: Instancing new MixinPlatformAgentMinecraftForge for SecureJarResource(tconstruct)
[18May2026 14:31:13.267] [main/DEBUG] [mixin/]: MixinPlatformAgentMinecraftForge rejected container SecureJarResource(tconstruct)
[18May2026 14:31:13.267] [main/DEBUG] [mixin/]: Instancing new MixinPlatformAgentDefault for SecureJarResource(tconstruct)
[18May2026 14:31:13.267] [main/DEBUG] [mixin/]: MixinPlatformAgentDefault accepted container SecureJarResource(tconstruct)
[18May2026 14:31:13.267] [main/DEBUG] [mixin/]: Processing prepare() for PlatformAgent[MixinPlatformAgentDefault:SecureJarResource(tconstruct)]
[18May2026 14:31:13.267] [main/DEBUG] [mixin/]: Adding mixin platform agents for container SecureJarResource(emi)
[18May2026 14:31:13.267] [main/DEBUG] [mixin/]: Instancing new MixinPlatformAgentMinecraftForge for SecureJarResource(emi)
[18May2026 14:31:13.267] [main/DEBUG] [mixin/]: MixinPlatformAgentMinecraftForge rejected container SecureJarResource(emi)
[18May2026 14:31:13.267] [main/DEBUG] [mixin/]: Instancing new MixinPlatformAgentDefault for SecureJarResource(emi)
[18May2026 14:31:13.267] [main/DEBUG] [mixin/]: MixinPlatformAgentDefault accepted container SecureJarResource(emi)
[18May2026 14:31:13.267] [main/DEBUG] [mixin/]: Processing prepare() for PlatformAgent[MixinPlatformAgentDefault:SecureJarResource(emi)]
[18May2026 14:31:13.267] [main/DEBUG] [mixin/]: Registering mixin config: emi.mixins.json
[18May2026 14:31:13.269] [main/DEBUG] [mixin/]: Registering mixin config: emi-forge.mixins.json
[18May2026 14:31:13.271] [main/DEBUG] [mixin/]: Adding mixin platform agents for container SecureJarResource(jei)
[18May2026 14:31:13.271] [main/DEBUG] [mixin/]: Instancing new MixinPlatformAgentMinecraftForge for SecureJarResource(jei)
[18May2026 14:31:13.271] [main/DEBUG] [mixin/]: MixinPlatformAgentMinecraftForge rejected container SecureJarResource(jei)
[18May2026 14:31:13.271] [main/DEBUG] [mixin/]: Instancing new MixinPlatformAgentDefault for SecureJarResource(jei)
[18May2026 14:31:13.271] [main/DEBUG] [mixin/]: MixinPlatformAgentDefault accepted container SecureJarResource(jei)
[18May2026 14:31:13.271] [main/DEBUG] [mixin/]: Processing prepare() for PlatformAgent[MixinPlatformAgentDefault:SecureJarResource(jei)]
[18May2026 14:31:13.271] [main/DEBUG] [mixin/]: Adding mixin platform agents for container SecureJarResource(moonlight)
[18May2026 14:31:13.271] [main/DEBUG] [mixin/]: Instancing new MixinPlatformAgentMinecraftForge for SecureJarResource(moonlight)
[18May2026 14:31:13.271] [main/DEBUG] [mixin/]: MixinPlatformAgentMinecraftForge rejected container SecureJarResource(moonlight)
[18May2026 14:31:13.272] [main/DEBUG] [mixin/]: Instancing new MixinPlatformAgentDefault for SecureJarResource(moonlight)
[18May2026 14:31:13.272] [main/DEBUG] [mixin/]: MixinPlatformAgentDefault accepted container SecureJarResource(moonlight)
[18May2026 14:31:13.272] [main/DEBUG] [mixin/]: Processing prepare() for PlatformAgent[MixinPlatformAgentDefault:SecureJarResource(moonlight)]
[18May2026 14:31:13.272] [main/DEBUG] [mixin/]: Registering mixin config: moonlight-common.mixins.json
[18May2026 14:31:13.274] [main/DEBUG] [mixin/]: Registering mixin config: moonlight.mixins.json
[18May2026 14:31:13.275] [main/DEBUG] [mixin/]: Adding mixin platform agents for container SecureJarResource(toolbelt)
[18May2026 14:31:13.275] [main/DEBUG] [mixin/]: Instancing new MixinPlatformAgentMinecraftForge for SecureJarResource(toolbelt)
[18May2026 14:31:13.276] [main/DEBUG] [mixin/]: MixinPlatformAgentMinecraftForge rejected container SecureJarResource(toolbelt)
[18May2026 14:31:13.276] [main/DEBUG] [mixin/]: Instancing new MixinPlatformAgentDefault for SecureJarResource(toolbelt)
[18May2026 14:31:13.276] [main/DEBUG] [mixin/]: MixinPlatformAgentDefault accepted container SecureJarResource(toolbelt)
[18May2026 14:31:13.276] [main/DEBUG] [mixin/]: Processing prepare() for PlatformAgent[MixinPlatformAgentDefault:SecureJarResource(toolbelt)]
[18May2026 14:31:13.276] [main/DEBUG] [mixin/]: Adding mixin platform agents for container SecureJarResource(mixinsquared)
[18May2026 14:31:13.276] [main/DEBUG] [mixin/]: Instancing new MixinPlatformAgentMinecraftForge for SecureJarResource(mixinsquared)
[18May2026 14:31:13.276] [main/DEBUG] [mixin/]: MixinPlatformAgentMinecraftForge rejected container SecureJarResource(mixinsquared)
[18May2026 14:31:13.276] [main/DEBUG] [mixin/]: Instancing new MixinPlatformAgentDefault for SecureJarResource(mixinsquared)
[18May2026 14:31:13.276] [main/DEBUG] [mixin/]: MixinPlatformAgentDefault accepted container SecureJarResource(mixinsquared)
[18May2026 14:31:13.277] [main/DEBUG] [mixin/]: Processing prepare() for PlatformAgent[MixinPlatformAgentDefault:SecureJarResource(mixinsquared)]
[18May2026 14:31:13.277] [main/DEBUG] [mixin/]: Registering mixin config: mixinsquared.init.mixins.json
[18May2026 14:31:13.279] [main/DEBUG] [mixin/]: Adding mixin platform agents for container SecureJarResource(corgilib)
[18May2026 14:31:13.279] [main/DEBUG] [mixin/]: Instancing new MixinPlatformAgentMinecraftForge for SecureJarResource(corgilib)
[18May2026 14:31:13.279] [main/DEBUG] [mixin/]: MixinPlatformAgentMinecraftForge rejected container SecureJarResource(corgilib)
[18May2026 14:31:13.279] [main/DEBUG] [mixin/]: Instancing new MixinPlatformAgentDefault for SecureJarResource(corgilib)
[18May2026 14:31:13.279] [main/DEBUG] [mixin/]: MixinPlatformAgentDefault accepted container SecureJarResource(corgilib)
[18May2026 14:31:13.279] [main/DEBUG] [mixin/]: Processing prepare() for PlatformAgent[MixinPlatformAgentDefault:SecureJarResource(corgilib)]
[18May2026 14:31:13.279] [main/DEBUG] [mixin/]: Registering mixin config: corgilib-common.mixins.json
[18May2026 14:31:13.281] [main/DEBUG] [mixin/]: Adding mixin platform agents for container SecureJarResource(weaponmaster)
[18May2026 14:31:13.281] [main/DEBUG] [mixin/]: Instancing new MixinPlatformAgentMinecraftForge for SecureJarResource(weaponmaster)
[18May2026 14:31:13.281] [main/DEBUG] [mixin/]: MixinPlatformAgentMinecraftForge rejected container SecureJarResource(weaponmaster)
[18May2026 14:31:13.281] [main/DEBUG] [mixin/]: Instancing new MixinPlatformAgentDefault for SecureJarResource(weaponmaster)
[18May2026 14:31:13.281] [main/DEBUG] [mixin/]: MixinPlatformAgentDefault accepted container SecureJarResource(weaponmaster)
[18May2026 14:31:13.281] [main/DEBUG] [mixin/]: Processing prepare() for PlatformAgent[MixinPlatformAgentDefault:SecureJarResource(weaponmaster)]
[18May2026 14:31:13.282] [main/DEBUG] [mixin/]: Registering mixin config: mixins.weaponmaster.json
[18May2026 14:31:13.283] [main/DEBUG] [mixin/]: Adding mixin platform agents for container SecureJarResource(kotlinforforge)
[18May2026 14:31:13.283] [main/DEBUG] [mixin/]: Instancing new MixinPlatformAgentMinecraftForge for SecureJarResource(kotlinforforge)
[18May2026 14:31:13.284] [main/DEBUG] [mixin/]: MixinPlatformAgentMinecraftForge rejected container SecureJarResource(kotlinforforge)
[18May2026 14:31:13.284] [main/DEBUG] [mixin/]: Instancing new MixinPlatformAgentDefault for SecureJarResource(kotlinforforge)
[18May2026 14:31:13.284] [main/DEBUG] [mixin/]: MixinPlatformAgentDefault accepted container SecureJarResource(kotlinforforge)
[18May2026 14:31:13.284] [main/DEBUG] [mixin/]: Processing prepare() for PlatformAgent[MixinPlatformAgentDefault:SecureJarResource(kotlinforforge)]
[18May2026 14:31:13.284] [main/DEBUG] [mixin/]: Adding mixin platform agents for container SecureJarResource(iceberg)
[18May2026 14:31:13.284] [main/DEBUG] [mixin/]: Instancing new MixinPlatformAgentMinecraftForge for SecureJarResource(iceberg)
[18May2026 14:31:13.284] [main/DEBUG] [mixin/]: MixinPlatformAgentMinecraftForge rejected container SecureJarResource(iceberg)
[18May2026 14:31:13.284] [main/DEBUG] [mixin/]: Instancing new MixinPlatformAgentDefault for SecureJarResource(iceberg)
[18May2026 14:31:13.285] [main/DEBUG] [mixin/]: MixinPlatformAgentDefault accepted container SecureJarResource(iceberg)
[18May2026 14:31:13.285] [main/DEBUG] [mixin/]: Processing prepare() for PlatformAgent[MixinPlatformAgentDefault:SecureJarResource(iceberg)]
[18May2026 14:31:13.285] [main/DEBUG] [mixin/]: Registering mixin config: iceberg.mixins.json
[18May2026 14:31:13.287] [main/DEBUG] [mixin/]: Adding mixin platform agents for container SecureJarResource(mantle)
[18May2026 14:31:13.287] [main/DEBUG] [mixin/]: Instancing new MixinPlatformAgentMinecraftForge for SecureJarResource(mantle)
[18May2026 14:31:13.287] [main/DEBUG] [mixin/]: MixinPlatformAgentMinecraftForge rejected container SecureJarResource(mantle)
[18May2026 14:31:13.287] [main/DEBUG] [mixin/]: Instancing new MixinPlatformAgentDefault for SecureJarResource(mantle)
[18May2026 14:31:13.287] [main/DEBUG] [mixin/]: MixinPlatformAgentDefault accepted container SecureJarResource(mantle)
[18May2026 14:31:13.287] [main/DEBUG] [mixin/]: Processing prepare() for PlatformAgent[MixinPlatformAgentDefault:SecureJarResource(mantle)]
[18May2026 14:31:13.287] [main/DEBUG] [mixin/]: Adding mixin platform agents for container SecureJarResource(xaerominimap)
[18May2026 14:31:13.287] [main/DEBUG] [mixin/]: Instancing new MixinPlatformAgentMinecraftForge for SecureJarResource(xaerominimap)
[18May2026 14:31:13.288] [main/DEBUG] [mixin/]: MixinPlatformAgentMinecraftForge rejected container SecureJarResource(xaerominimap)
[18May2026 14:31:13.288] [main/DEBUG] [mixin/]: Instancing new MixinPlatformAgentDefault for SecureJarResource(xaerominimap)
[18May2026 14:31:13.288] [main/DEBUG] [mixin/]: MixinPlatformAgentDefault accepted container SecureJarResource(xaerominimap)
[18May2026 14:31:13.288] [main/DEBUG] [mixin/]: Processing prepare() for PlatformAgent[MixinPlatformAgentDefault:SecureJarResource(xaerominimap)]
[18May2026 14:31:13.288] [main/DEBUG] [mixin/]: Registering mixin config: xaerohud.mixins.json
[18May2026 14:31:13.290] [main/DEBUG] [mixin/]: Registering mixin config: xaerohud.forge.mixins.json
[18May2026 14:31:13.291] [main/DEBUG] [mixin/]: Registering mixin config: xaerominimap.mixins.json
[18May2026 14:31:13.293] [main/DEBUG] [mixin/]: Registering mixin config: xaerominimap.forge.mixins.json
[18May2026 14:31:13.295] [main/DEBUG] [mixin/]: Adding mixin platform agents for container SecureJarResource(gravestone)
[18May2026 14:31:13.295] [main/DEBUG] [mixin/]: Instancing new MixinPlatformAgentMinecraftForge for SecureJarResource(gravestone)
[18May2026 14:31:13.295] [main/DEBUG] [mixin/]: MixinPlatformAgentMinecraftForge rejected container SecureJarResource(gravestone)
[18May2026 14:31:13.295] [main/DEBUG] [mixin/]: Instancing new MixinPlatformAgentDefault for SecureJarResource(gravestone)
[18May2026 14:31:13.295] [main/DEBUG] [mixin/]: MixinPlatformAgentDefault accepted container SecureJarResource(gravestone)
[18May2026 14:31:13.295] [main/DEBUG] [mixin/]: Processing prepare() for PlatformAgent[MixinPlatformAgentDefault:SecureJarResource(gravestone)]
[18May2026 14:31:13.296] [main/DEBUG] [mixin/]: Adding mixin platform agents for container SecureJarResource(fastbench)
[18May2026 14:31:13.296] [main/DEBUG] [mixin/]: Instancing new MixinPlatformAgentMinecraftForge for SecureJarResource(fastbench)
[18May2026 14:31:13.296] [main/DEBUG] [mixin/]: MixinPlatformAgentMinecraftForge rejected container SecureJarResource(fastbench)
[18May2026 14:31:13.296] [main/DEBUG] [mixin/]: Instancing new MixinPlatformAgentDefault for SecureJarResource(fastbench)
[18May2026 14:31:13.296] [main/DEBUG] [mixin/]: MixinPlatformAgentDefault accepted container SecureJarResource(fastbench)
[18May2026 14:31:13.296] [main/DEBUG] [mixin/]: Processing prepare() for PlatformAgent[MixinPlatformAgentDefault:SecureJarResource(fastbench)]
[18May2026 14:31:13.296] [main/DEBUG] [mixin/]: Registering mixin config: fastbench.mixins.json
[18May2026 14:31:13.298] [main/DEBUG] [mixin/]: Adding mixin platform agents for container SecureJarResource(irons_spellbooks)
[18May2026 14:31:13.298] [main/DEBUG] [mixin/]: Instancing new MixinPlatformAgentMinecraftForge for SecureJarResource(irons_spellbooks)
[18May2026 14:31:13.298] [main/DEBUG] [mixin/]: MixinPlatformAgentMinecraftForge rejected container SecureJarResource(irons_spellbooks)
[18May2026 14:31:13.298] [main/DEBUG] [mixin/]: Instancing new MixinPlatformAgentDefault for SecureJarResource(irons_spellbooks)
[18May2026 14:31:13.298] [main/DEBUG] [mixin/]: MixinPlatformAgentDefault accepted container SecureJarResource(irons_spellbooks)
[18May2026 14:31:13.298] [main/DEBUG] [mixin/]: Processing prepare() for PlatformAgent[MixinPlatformAgentDefault:SecureJarResource(irons_spellbooks)]
[18May2026 14:31:13.299] [main/DEBUG] [mixin/]: Registering mixin config: mixins.irons_spellbooks.json
[18May2026 14:31:13.300] [main/DEBUG] [mixin/]: Adding mixin platform agents for container SecureJarResource(dacxirons)
[18May2026 14:31:13.300] [main/DEBUG] [mixin/]: Instancing new MixinPlatformAgentMinecraftForge for SecureJarResource(dacxirons)
[18May2026 14:31:13.300] [main/DEBUG] [mixin/]: MixinPlatformAgentMinecraftForge rejected container SecureJarResource(dacxirons)
[18May2026 14:31:13.301] [main/DEBUG] [mixin/]: Instancing new MixinPlatformAgentDefault for SecureJarResource(dacxirons)
[18May2026 14:31:13.301] [main/DEBUG] [mixin/]: MixinPlatformAgentDefault accepted container SecureJarResource(dacxirons)
[18May2026 14:31:13.301] [main/DEBUG] [mixin/]: Processing prepare() for PlatformAgent[MixinPlatformAgentDefault:SecureJarResource(dacxirons)]
[18May2026 14:31:13.301] [main/DEBUG] [mixin/]: Adding mixin platform agents for container SecureJarResource(hardcorerevival)
[18May2026 14:31:13.301] [main/DEBUG] [mixin/]: Instancing new MixinPlatformAgentMinecraftForge for SecureJarResource(hardcorerevival)
[18May2026 14:31:13.301] [main/DEBUG] [mixin/]: MixinPlatformAgentMinecraftForge rejected container SecureJarResource(hardcorerevival)
[18May2026 14:31:13.301] [main/DEBUG] [mixin/]: Instancing new MixinPlatformAgentDefault for SecureJarResource(hardcorerevival)
[18May2026 14:31:13.301] [main/DEBUG] [mixin/]: MixinPlatformAgentDefault accepted container SecureJarResource(hardcorerevival)
[18May2026 14:31:13.301] [main/DEBUG] [mixin/]: Processing prepare() for PlatformAgent[MixinPlatformAgentDefault:SecureJarResource(hardcorerevival)]
[18May2026 14:31:13.302] [main/DEBUG] [mixin/]: Registering mixin config: hardcorerevival.mixins.json
[18May2026 14:31:13.304] [main/DEBUG] [mixin/]: Adding mixin platform agents for container SecureJarResource(coroutil)
[18May2026 14:31:13.304] [main/DEBUG] [mixin/]: Instancing new MixinPlatformAgentMinecraftForge for SecureJarResource(coroutil)
[18May2026 14:31:13.304] [main/DEBUG] [mixin/]: MixinPlatformAgentMinecraftForge rejected container SecureJarResource(coroutil)
[18May2026 14:31:13.304] [main/DEBUG] [mixin/]: Instancing new MixinPlatformAgentDefault for SecureJarResource(coroutil)
[18May2026 14:31:13.304] [main/DEBUG] [mixin/]: MixinPlatformAgentDefault accepted container SecureJarResource(coroutil)
[18May2026 14:31:13.304] [main/DEBUG] [mixin/]: Processing prepare() for PlatformAgent[MixinPlatformAgentDefault:SecureJarResource(coroutil)]
[18May2026 14:31:13.304] [main/DEBUG] [mixin/]: Registering mixin config: coroutil.mixins.json
[18May2026 14:31:13.307] [main/DEBUG] [mixin/]: Adding mixin platform agents for container SecureJarResource(fastfurnace)
[18May2026 14:31:13.307] [main/DEBUG] [mixin/]: Instancing new MixinPlatformAgentMinecraftForge for SecureJarResource(fastfurnace)
[18May2026 14:31:13.307] [main/DEBUG] [mixin/]: MixinPlatformAgentMinecraftForge rejected container SecureJarResource(fastfurnace)
[18May2026 14:31:13.307] [main/DEBUG] [mixin/]: Instancing new MixinPlatformAgentDefault for SecureJarResource(fastfurnace)
[18May2026 14:31:13.307] [main/DEBUG] [mixin/]: MixinPlatformAgentDefault accepted container SecureJarResource(fastfurnace)
[18May2026 14:31:13.307] [main/DEBUG] [mixin/]: Processing prepare() for PlatformAgent[MixinPlatformAgentDefault:SecureJarResource(fastfurnace)]
[18May2026 14:31:13.307] [main/DEBUG] [mixin/]: Registering mixin config: fastfurnace.mixins.json
[18May2026 14:31:13.309] [main/DEBUG] [mixin/]: Adding mixin platform agents for container SecureJarResource(ferritecore)
[18May2026 14:31:13.309] [main/DEBUG] [mixin/]: Instancing new MixinPlatformAgentMinecraftForge for SecureJarResource(ferritecore)
[18May2026 14:31:13.309] [main/DEBUG] [mixin/]: MixinPlatformAgentMinecraftForge rejected container SecureJarResource(ferritecore)
[18May2026 14:31:13.309] [main/DEBUG] [mixin/]: Instancing new MixinPlatformAgentDefault for SecureJarResource(ferritecore)
[18May2026 14:31:13.309] [main/DEBUG] [mixin/]: MixinPlatformAgentDefault accepted container SecureJarResource(ferritecore)
[18May2026 14:31:13.309] [main/DEBUG] [mixin/]: Processing prepare() for PlatformAgent[MixinPlatformAgentDefault:SecureJarResource(ferritecore)]
[18May2026 14:31:13.310] [main/DEBUG] [mixin/]: Registering mixin config: ferritecore.predicates.mixin.json
[18May2026 14:31:13.311] [main/DEBUG] [mixin/]: Registering mixin config: ferritecore.fastmap.mixin.json
[18May2026 14:31:13.313] [main/DEBUG] [mixin/]: Registering mixin config: ferritecore.mrl.mixin.json
[18May2026 14:31:13.315] [main/DEBUG] [mixin/]: Registering mixin config: ferritecore.dedupmultipart.mixin.json
[18May2026 14:31:13.317] [main/DEBUG] [mixin/]: Registering mixin config: ferritecore.blockstatecache.mixin.json
[18May2026 14:31:13.320] [main/DEBUG] [mixin/]: Registering mixin config: ferritecore.dedupbakedquad.mixin.json
[18May2026 14:31:13.324] [main/DEBUG] [mixin/]: Registering mixin config: ferritecore.threaddetec.mixin.json
[18May2026 14:31:13.326] [main/DEBUG] [mixin/]: Registering mixin config: ferritecore.modelsides.mixin.json
[18May2026 14:31:13.328] [main/DEBUG] [mixin/]: Adding mixin platform agents for container SecureJarResource(mythsandlegends)
[18May2026 14:31:13.328] [main/DEBUG] [mixin/]: Instancing new MixinPlatformAgentMinecraftForge for SecureJarResource(mythsandlegends)
[18May2026 14:31:13.328] [main/DEBUG] [mixin/]: MixinPlatformAgentMinecraftForge rejected container SecureJarResource(mythsandlegends)
[18May2026 14:31:13.328] [main/DEBUG] [mixin/]: Instancing new MixinPlatformAgentDefault for SecureJarResource(mythsandlegends)
[18May2026 14:31:13.329] [main/DEBUG] [mixin/]: MixinPlatformAgentDefault accepted container SecureJarResource(mythsandlegends)
[18May2026 14:31:13.329] [main/DEBUG] [mixin/]: Processing prepare() for PlatformAgent[MixinPlatformAgentDefault:SecureJarResource(mythsandlegends)]
[18May2026 14:31:13.329] [main/DEBUG] [mixin/]: Registering mixin config: mythsandlegends-common.mixins.json
[18May2026 14:31:13.331] [main/DEBUG] [mixin/]: Registering mixin config: mythsandlegends-common.cobblemon.mixins.json
[18May2026 14:31:13.333] [main/DEBUG] [mixin/]: Registering mixin config: mythsandlegends.mixins.json
[18May2026 14:31:13.336] [main/DEBUG] [mixin/]: Adding mixin platform agents for container SecureJarResource(aquaculture)
[18May2026 14:31:13.336] [main/DEBUG] [mixin/]: Instancing new MixinPlatformAgentMinecraftForge for SecureJarResource(aquaculture)
[18May2026 14:31:13.336] [main/DEBUG] [mixin/]: MixinPlatformAgentMinecraftForge rejected container SecureJarResource(aquaculture)
[18May2026 14:31:13.336] [main/DEBUG] [mixin/]: Instancing new MixinPlatformAgentDefault for SecureJarResource(aquaculture)
[18May2026 14:31:13.336] [main/DEBUG] [mixin/]: MixinPlatformAgentDefault accepted container SecureJarResource(aquaculture)
[18May2026 14:31:13.336] [main/DEBUG] [mixin/]: Processing prepare() for PlatformAgent[MixinPlatformAgentDefault:SecureJarResource(aquaculture)]
[18May2026 14:31:13.336] [main/DEBUG] [mixin/]: Adding mixin platform agents for container SecureJarResource(aquamirae)
[18May2026 14:31:13.336] [main/DEBUG] [mixin/]: Instancing new MixinPlatformAgentMinecraftForge for SecureJarResource(aquamirae)
[18May2026 14:31:13.336] [main/DEBUG] [mixin/]: MixinPlatformAgentMinecraftForge rejected container SecureJarResource(aquamirae)
[18May2026 14:31:13.337] [main/DEBUG] [mixin/]: Instancing new MixinPlatformAgentDefault for SecureJarResource(aquamirae)
[18May2026 14:31:13.337] [main/DEBUG] [mixin/]: MixinPlatformAgentDefault accepted container SecureJarResource(aquamirae)
[18May2026 14:31:13.337] [main/DEBUG] [mixin/]: Processing prepare() for PlatformAgent[MixinPlatformAgentDefault:SecureJarResource(aquamirae)]
[18May2026 14:31:13.337] [main/DEBUG] [mixin/]: Registering mixin config: aquamirae.mixins.json
[18May2026 14:31:13.339] [main/DEBUG] [mixin/]: Adding mixin platform agents for container SecureJarResource(cristellib)
[18May2026 14:31:13.339] [main/DEBUG] [mixin/]: Instancing new MixinPlatformAgentMinecraftForge for SecureJarResource(cristellib)
[18May2026 14:31:13.339] [main/DEBUG] [mixin/]: MixinPlatformAgentMinecraftForge rejected container SecureJarResource(cristellib)
[18May2026 14:31:13.339] [main/DEBUG] [mixin/]: Instancing new MixinPlatformAgentDefault for SecureJarResource(cristellib)
[18May2026 14:31:13.339] [main/DEBUG] [mixin/]: MixinPlatformAgentDefault accepted container SecureJarResource(cristellib)
[18May2026 14:31:13.339] [main/DEBUG] [mixin/]: Processing prepare() for PlatformAgent[MixinPlatformAgentDefault:SecureJarResource(cristellib)]
[18May2026 14:31:13.339] [main/DEBUG] [mixin/]: Registering mixin config: cristellib-common.mixins.json
[18May2026 14:31:13.341] [main/DEBUG] [mixin/]: Registering mixin config: cristellib.mixins.json
[18May2026 14:31:13.343] [main/DEBUG] [mixin/]: Adding mixin platform agents for container SecureJarResource(mclib)
[18May2026 14:31:13.343] [main/DEBUG] [mixin/]: Instancing new MixinPlatformAgentMinecraftForge for SecureJarResource(mclib)
[18May2026 14:31:13.344] [main/DEBUG] [mixin/]: MixinPlatformAgentMinecraftForge rejected container SecureJarResource(mclib)
[18May2026 14:31:13.344] [main/DEBUG] [mixin/]: Instancing new MixinPlatformAgentDefault for SecureJarResource(mclib)
[18May2026 14:31:13.344] [main/DEBUG] [mixin/]: MixinPlatformAgentDefault accepted container SecureJarResource(mclib)
[18May2026 14:31:13.344] [main/DEBUG] [mixin/]: Processing prepare() for PlatformAgent[MixinPlatformAgentDefault:SecureJarResource(mclib)]
[18May2026 14:31:13.344] [main/DEBUG] [mixin/]: Adding mixin platform agents for container SecureJarResource(mixinextras)
[18May2026 14:31:13.344] [main/DEBUG] [mixin/]: Instancing new MixinPlatformAgentMinecraftForge for SecureJarResource(mixinextras)
[18May2026 14:31:13.344] [main/DEBUG] [mixin/]: MixinPlatformAgentMinecraftForge rejected container SecureJarResource(mixinextras)
[18May2026 14:31:13.344] [main/DEBUG] [mixin/]: Instancing new MixinPlatformAgentDefault for SecureJarResource(mixinextras)
[18May2026 14:31:13.344] [main/DEBUG] [mixin/]: MixinPlatformAgentDefault accepted container SecureJarResource(mixinextras)
[18May2026 14:31:13.345] [main/DEBUG] [mixin/]: Processing prepare() for PlatformAgent[MixinPlatformAgentDefault:SecureJarResource(mixinextras)]
[18May2026 14:31:13.345] [main/DEBUG] [mixin/]: Registering mixin config: mixinextras.init.mixins.json
[18May2026 14:31:13.347] [main/DEBUG] [mixin/]: Adding mixin platform agents for container SecureJarResource(NanoLiveConfig)
[18May2026 14:31:13.347] [main/DEBUG] [mixin/]: Instancing new MixinPlatformAgentMinecraftForge for SecureJarResource(NanoLiveConfig)
[18May2026 14:31:13.347] [main/DEBUG] [mixin/]: MixinPlatformAgentMinecraftForge rejected container SecureJarResource(NanoLiveConfig)
[18May2026 14:31:13.347] [main/DEBUG] [mixin/]: Instancing new MixinPlatformAgentDefault for SecureJarResource(NanoLiveConfig)
[18May2026 14:31:13.347] [main/DEBUG] [mixin/]: MixinPlatformAgentDefault accepted container SecureJarResource(NanoLiveConfig)
[18May2026 14:31:13.347] [main/DEBUG] [mixin/]: Processing prepare() for PlatformAgent[MixinPlatformAgentDefault:SecureJarResource(NanoLiveConfig)]
[18May2026 14:31:13.347] [main/DEBUG] [mixin/]: Adding mixin platform agents for container SecureJarResource(jankson)
[18May2026 14:31:13.347] [main/DEBUG] [mixin/]: Instancing new MixinPlatformAgentMinecraftForge for SecureJarResource(jankson)
[18May2026 14:31:13.348] [main/DEBUG] [mixin/]: MixinPlatformAgentMinecraftForge rejected container SecureJarResource(jankson)
[18May2026 14:31:13.348] [main/DEBUG] [mixin/]: Instancing new MixinPlatformAgentDefault for SecureJarResource(jankson)
[18May2026 14:31:13.348] [main/DEBUG] [mixin/]: MixinPlatformAgentDefault accepted container SecureJarResource(jankson)
[18May2026 14:31:13.348] [main/DEBUG] [mixin/]: Processing prepare() for PlatformAgent[MixinPlatformAgentDefault:SecureJarResource(jankson)]
[18May2026 14:31:13.348] [main/DEBUG] [mixin/]: Adding mixin platform agents for container SecureJarResource(toml4j)
[18May2026 14:31:13.348] [main/DEBUG] [mixin/]: Instancing new MixinPlatformAgentMinecraftForge for SecureJarResource(toml4j)
[18May2026 14:31:13.348] [main/DEBUG] [mixin/]: MixinPlatformAgentMinecraftForge rejected container SecureJarResource(toml4j)
[18May2026 14:31:13.348] [main/DEBUG] [mixin/]: Instancing new MixinPlatformAgentDefault for SecureJarResource(toml4j)
[18May2026 14:31:13.348] [main/DEBUG] [mixin/]: MixinPlatformAgentDefault accepted container SecureJarResource(toml4j)
[18May2026 14:31:13.348] [main/DEBUG] [mixin/]: Processing prepare() for PlatformAgent[MixinPlatformAgentDefault:SecureJarResource(toml4j)]
[18May2026 14:31:13.349] [main/DEBUG] [mixin/]: Adding mixin platform agents for container SecureJarResource(MixinSquared)
[18May2026 14:31:13.349] [main/DEBUG] [mixin/]: Instancing new MixinPlatformAgentMinecraftForge for SecureJarResource(MixinSquared)
[18May2026 14:31:13.349] [main/DEBUG] [mixin/]: MixinPlatformAgentMinecraftForge rejected container SecureJarResource(MixinSquared)
[18May2026 14:31:13.349] [main/DEBUG] [mixin/]: Instancing new MixinPlatformAgentDefault for SecureJarResource(MixinSquared)
[18May2026 14:31:13.349] [main/DEBUG] [mixin/]: MixinPlatformAgentDefault accepted container SecureJarResource(MixinSquared)
[18May2026 14:31:13.349] [main/DEBUG] [mixin/]: Processing prepare() for PlatformAgent[MixinPlatformAgentDefault:SecureJarResource(MixinSquared)]
[18May2026 14:31:13.349] [main/DEBUG] [mixin/]: Adding mixin platform agents for container SecureJarResource(thedarkcolour.kotlinforforge.kfflib)
[18May2026 14:31:13.349] [main/DEBUG] [mixin/]: Instancing new MixinPlatformAgentMinecraftForge for SecureJarResource(thedarkcolour.kotlinforforge.kfflib)
[18May2026 14:31:13.349] [main/DEBUG] [mixin/]: MixinPlatformAgentMinecraftForge rejected container SecureJarResource(thedarkcolour.kotlinforforge.kfflib)
[18May2026 14:31:13.349] [main/DEBUG] [mixin/]: Instancing new MixinPlatformAgentDefault for SecureJarResource(thedarkcolour.kotlinforforge.kfflib)
[18May2026 14:31:13.350] [main/DEBUG] [mixin/]: MixinPlatformAgentDefault accepted container SecureJarResource(thedarkcolour.kotlinforforge.kfflib)
[18May2026 14:31:13.350] [main/DEBUG] [mixin/]: Processing prepare() for PlatformAgent[MixinPlatformAgentDefault:SecureJarResource(thedarkcolour.kotlinforforge.kfflib)]
[18May2026 14:31:13.350] [main/DEBUG] [mixin/]: Adding mixin platform agents for container SecureJarResource(MixinExtras)
[18May2026 14:31:13.350] [main/DEBUG] [mixin/]: Instancing new MixinPlatformAgentMinecraftForge for SecureJarResource(MixinExtras)
[18May2026 14:31:13.350] [main/DEBUG] [mixin/]: MixinPlatformAgentMinecraftForge rejected container SecureJarResource(MixinExtras)
[18May2026 14:31:13.350] [main/DEBUG] [mixin/]: Instancing new MixinPlatformAgentDefault for SecureJarResource(MixinExtras)
[18May2026 14:31:13.350] [main/DEBUG] [mixin/]: MixinPlatformAgentDefault accepted container SecureJarResource(MixinExtras)
[18May2026 14:31:13.350] [main/DEBUG] [mixin/]: Processing prepare() for PlatformAgent[MixinPlatformAgentDefault:SecureJarResource(MixinExtras)]
[18May2026 14:31:13.350] [main/DEBUG] [mixin/]: inject() running with 122 agents
[18May2026 14:31:13.351] [main/DEBUG] [mixin/]: Processing inject() for PlatformAgent[MixinPlatformAgentDefault:ModLauncher Root Container(ModLauncher:4f56a0a2)]
[18May2026 14:31:13.351] [main/DEBUG] [mixin/]: Processing inject() for PlatformAgent[MixinPlatformAgentDefault:SecureJarResource(weaponmaster_ydm)]
[18May2026 14:31:13.351] [main/DEBUG] [mixin/]: Processing inject() for PlatformAgent[MixinPlatformAgentDefault:SecureJarResource(uniquedungeons)]
[18May2026 14:31:13.351] [main/DEBUG] [mixin/]: Processing inject() for PlatformAgent[MixinPlatformAgentDefault:SecureJarResource(kuma_api)]
[18May2026 14:31:13.351] [main/DEBUG] [mixin/]: Processing inject() for PlatformAgent[MixinPlatformAgentDefault:SecureJarResource(geckolib)]
[18May2026 14:31:13.351] [main/DEBUG] [mixin/]: Processing inject() for PlatformAgent[MixinPlatformAgentDefault:SecureJarResource(playeranimator)]
[18May2026 14:31:13.351] [main/DEBUG] [mixin/]: Processing inject() for PlatformAgent[MixinPlatformAgentDefault:SecureJarResource(aether)]
[18May2026 14:31:13.351] [main/DEBUG] [mixin/]: Processing inject() for PlatformAgent[MixinPlatformAgentDefault:SecureJarResource(stalwart_dungeons)]
[18May2026 14:31:13.351] [main/DEBUG] [mixin/]: Processing inject() for PlatformAgent[MixinPlatformAgentDefault:SecureJarResource(incendium)]
[18May2026 14:31:13.351] [main/DEBUG] [mixin/]: Processing inject() for PlatformAgent[MixinPlatformAgentDefault:SecureJarResource(nyfsquiver)]
[18May2026 14:31:13.351] [main/DEBUG] [mixin/]: Processing inject() for PlatformAgent[MixinPlatformAgentDefault:SecureJarResource(xaeroworldmap)]
[18May2026 14:31:13.351] [main/DEBUG] [mixin/]: Processing inject() for PlatformAgent[MixinPlatformAgentDefault:SecureJarResource(goety)]
[18May2026 14:31:13.352] [main/DEBUG] [mixin/]: Processing inject() for PlatformAgent[MixinPlatformAgentDefault:SecureJarResource(prism)]
[18May2026 14:31:13.352] [main/DEBUG] [mixin/]: Processing inject() for PlatformAgent[MixinPlatformAgentDefault:SecureJarResource(placebo)]
[18May2026 14:31:13.352] [main/DEBUG] [mixin/]: Processing inject() for PlatformAgent[MixinPlatformAgentDefault:SecureJarResource(modernfix)]
[18May2026 14:31:13.352] [main/DEBUG] [mixin/]: Processing inject() for PlatformAgent[MixinPlatformAgentDefault:SecureJarResource(citadel)]
[18May2026 14:31:13.352] [main/DEBUG] [mixin/]: Processing inject() for PlatformAgent[MixinPlatformAgentDefault:SecureJarResource(yungsapi)]
[18May2026 14:31:13.352] [main/DEBUG] [mixin/]: Processing inject() for PlatformAgent[MixinPlatformAgentDefault:SecureJarResource(kambrik)]
[18May2026 14:31:13.352] [main/DEBUG] [mixin/]: Processing inject() for PlatformAgent[MixinPlatformAgentDefault:SecureJarResource(guardvillagers)]
[18May2026 14:31:13.352] [main/DEBUG] [mixin/]: Processing inject() for PlatformAgent[MixinPlatformAgentDefault:SecureJarResource(sololeveling)]
[18May2026 14:31:13.352] [main/DEBUG] [mixin/]: Processing inject() for PlatformAgent[MixinPlatformAgentDefault:SecureJarResource(balm)]
[18May2026 14:31:13.352] [main/DEBUG] [mixin/]: Processing inject() for PlatformAgent[MixinPlatformAgentDefault:SecureJarResource(projectile_damage)]
[18May2026 14:31:13.353] [main/DEBUG] [mixin/]: Processing inject() for PlatformAgent[MixinPlatformAgentDefault:SecureJarResource(cloth_config)]
[18May2026 14:31:13.353] [main/DEBUG] [mixin/]: Processing inject() for PlatformAgent[MixinPlatformAgentDefault:SecureJarResource(twilightforest)]
[18May2026 14:31:13.353] [main/DEBUG] [mixin/]: Processing inject() for PlatformAgent[MixinPlatformAgentDefault:SecureJarResource(embeddium)]
[18May2026 14:31:13.353] [main/DEBUG] [mixin/]: Processing inject() for PlatformAgent[MixinPlatformAgentDefault:SecureJarResource(advancementplaques)]
[18May2026 14:31:13.353] [main/DEBUG] [mixin/]: Processing inject() for PlatformAgent[MixinPlatformAgentDefault:SecureJarResource(morevillagers)]
[18May2026 14:31:13.353] [main/DEBUG] [mixin/]: Processing inject() for PlatformAgent[MixinPlatformAgentDefault:SecureJarResource(block_factorys_bosses)]
[18May2026 14:31:13.353] [main/DEBUG] [mixin/]: Processing inject() for PlatformAgent[MixinPlatformAgentDefault:SecureJarResource(morebows)]
[18May2026 14:31:13.353] [main/DEBUG] [mixin/]: Processing inject() for PlatformAgent[MixinPlatformAgentDefault:SecureJarResource(endrem)]
[18May2026 14:31:13.353] [main/DEBUG] [mixin/]: Processing inject() for PlatformAgent[MixinPlatformAgentDefault:SecureJarResource(tbsfbsp)]
[18May2026 14:31:13.353] [main/DEBUG] [mixin/]: Processing inject() for PlatformAgent[MixinPlatformAgentDefault:SecureJarResource(lionfishapi)]
[18May2026 14:31:13.354] [main/DEBUG] [mixin/]: Processing inject() for PlatformAgent[MixinPlatformAgentDefault:SecureJarResource(spark)]
[18May2026 14:31:13.354] [main/DEBUG] [mixin/]: Processing inject() for PlatformAgent[MixinPlatformAgentDefault:SecureJarResource(bountiful)]
[18May2026 14:31:13.354] [main/DEBUG] [mixin/]: Processing inject() for PlatformAgent[MixinPlatformAgentDefault:SecureJarResource(cataclysm)]
[18May2026 14:31:13.354] [main/DEBUG] [mixin/]: Processing inject() for PlatformAgent[MixinPlatformAgentDefault:SecureJarResource(curios)]
[18May2026 14:31:13.354] [main/DEBUG] [mixin/]: Processing inject() for PlatformAgent[MixinPlatformAgentDefault:SecureJarResource(patchouli)]
[18May2026 14:31:13.354] [main/DEBUG] [mixin/]: Processing inject() for PlatformAgent[MixinPlatformAgentDefault:SecureJarResource(more_bows_and_arrows)]
[18May2026 14:31:13.354] [main/DEBUG] [mixin/]: Processing inject() for PlatformAgent[MixinPlatformAgentDefault:SecureJarResource(cobblemon)]
[18May2026 14:31:13.354] [main/DEBUG] [mixin/]: Processing inject() for PlatformAgent[MixinPlatformAgentDefault:SecureJarResource(cumulus_menus)]
[18May2026 14:31:13.354] [main/DEBUG] [mixin/]: Processing inject() for PlatformAgent[MixinPlatformAgentDefault:SecureJarResource(architectury)]
[18May2026 14:31:13.354] [main/DEBUG] [mixin/]: Processing inject() for PlatformAgent[MixinPlatformAgentDefault:SecureJarResource(aiimprovements)]
[18May2026 14:31:13.354] [main/DEBUG] [mixin/]: Processing inject() for PlatformAgent[MixinPlatformAgentDefault:SecureJarResource(adorn)]
[18May2026 14:31:13.355] [main/DEBUG] [mixin/]: Processing inject() for PlatformAgent[MixinPlatformAgentDefault:SecureJarResource(betterendisland)]
[18May2026 14:31:13.355] [main/DEBUG] [mixin/]: Processing inject() for PlatformAgent[MixinPlatformAgentDefault:SecureJarResource(monolib)]
[18May2026 14:31:13.355] [main/DEBUG] [mixin/]: Processing inject() for PlatformAgent[MixinPlatformAgentDefault:SecureJarResource(nitrogen_internals)]
[18May2026 14:31:13.355] [main/DEBUG] [mixin/]: Processing inject() for PlatformAgent[MixinPlatformAgentDefault:SecureJarResource(hugestructureblocks)]
[18May2026 14:31:13.355] [main/DEBUG] [mixin/]: Processing inject() for PlatformAgent[MixinPlatformAgentDefault:SecureJarResource(runecraft)]
[18May2026 14:31:13.355] [main/DEBUG] [mixin/]: Processing inject() for PlatformAgent[MixinPlatformAgentDefault:SecureJarResource(t_and_t)]
[18May2026 14:31:13.355] [main/DEBUG] [mixin/]: Processing inject() for PlatformAgent[MixinPlatformAgentDefault:SecureJarResource(epicpaladins)]
[18May2026 14:31:13.355] [main/DEBUG] [mixin/]: Processing inject() for PlatformAgent[MixinPlatformAgentDefault:SecureJarResource(soulsweapons)]
[18May2026 14:31:13.355] [main/DEBUG] [mixin/]: Processing inject() for PlatformAgent[MixinPlatformAgentDefault:SecureJarResource(radium)]
[18May2026 14:31:13.355] [main/DEBUG] [mixin/]: Processing inject() for PlatformAgent[MixinPlatformAgentDefault:SecureJarResource(humancompanions)]
[18May2026 14:31:13.356] [main/DEBUG] [mixin/]: Processing inject() for PlatformAgent[MixinPlatformAgentDefault:SecureJarResource(too_many_bows)]
[18May2026 14:31:13.356] [main/DEBUG] [mixin/]: Processing inject() for PlatformAgent[MixinPlatformAgentDefault:SecureJarResource(lithostitched)]
[18May2026 14:31:13.356] [main/DEBUG] [mixin/]: Processing inject() for PlatformAgent[MixinPlatformAgentDefault:SecureJarResource(irons_lib)]
[18May2026 14:31:13.356] [main/DEBUG] [mixin/]: Processing inject() for PlatformAgent[MixinPlatformAgentDefault:SecureJarResource(attributefix)]
[18May2026 14:31:13.356] [main/DEBUG] [mixin/]: Processing inject() for PlatformAgent[MixinPlatformAgentDefault:SecureJarResource(xaerolib)]
[18May2026 14:31:13.356] [main/DEBUG] [mixin/]: Processing inject() for PlatformAgent[MixinPlatformAgentDefault:SecureJarResource(gnumus)]
[18May2026 14:31:13.356] [main/DEBUG] [mixin/]: Processing inject() for PlatformAgent[MixinPlatformAgentDefault:SecureJarResource(caelus)]
[18May2026 14:31:13.356] [main/DEBUG] [mixin/]: Processing inject() for PlatformAgent[MixinPlatformAgentDefault:SecureJarResource(obscure_api)]
[18May2026 14:31:13.356] [main/DEBUG] [mixin/]: Processing inject() for PlatformAgent[MixinPlatformAgentDefault:SecureJarResource(epicfight)]
[18May2026 14:31:13.356] [main/DEBUG] [mixin/]: Processing inject() for PlatformAgent[MixinPlatformAgentDefault:SecureJarResource(wom)]
[18May2026 14:31:13.356] [main/DEBUG] [mixin/]: Processing inject() for PlatformAgent[MixinPlatformAgentDefault:SecureJarResource(fastsuite)]
[18May2026 14:31:13.356] [main/DEBUG] [mixin/]: Processing inject() for PlatformAgent[MixinPlatformAgentDefault:SecureJarResource(clumps)]
[18May2026 14:31:13.356] [main/DEBUG] [mixin/]: Processing inject() for PlatformAgent[MixinPlatformAgentDefault:SecureJarResource(mobhealthbar)]
[18May2026 14:31:13.356] [main/DEBUG] [mixin/]: Processing inject() for PlatformAgent[MixinPlatformAgentDefault:SecureJarResource(travelersbackpack)]
[18May2026 14:31:13.356] [main/DEBUG] [mixin/]: Processing inject() for PlatformAgent[MixinPlatformAgentDefault:SecureJarResource(smarterfarmers)]
[18May2026 14:31:13.356] [main/DEBUG] [mixin/]: Processing inject() for PlatformAgent[MixinPlatformAgentDefault:SecureJarResource(explorerscompass)]
[18May2026 14:31:13.356] [main/DEBUG] [mixin/]: Processing inject() for PlatformAgent[MixinPlatformAgentDefault:SecureJarResource(iceandfire)]
[18May2026 14:31:13.356] [main/DEBUG] [mixin/]: Processing inject() for PlatformAgent[MixinPlatformAgentDefault:SecureJarResource(terralith)]
[18May2026 14:31:13.356] [main/DEBUG] [mixin/]: Processing inject() for PlatformAgent[MixinPlatformAgentDefault:SecureJarResource(memoryleakfix)]
[18May2026 14:31:13.356] [main/DEBUG] [mixin/]: Processing inject() for PlatformAgent[MixinPlatformAgentDefault:SecureJarResource(interaction_boxes)]
[18May2026 14:31:13.356] [main/DEBUG] [mixin/]: Processing inject() for PlatformAgent[MixinPlatformAgentDefault:SecureJarResource(ars_nouveau)]
[18May2026 14:31:13.356] [main/DEBUG] [mixin/]: Processing inject() for PlatformAgent[MixinPlatformAgentDefault:SecureJarResource(watut)]
[18May2026 14:31:13.356] [main/DEBUG] [mixin/]: Processing inject() for PlatformAgent[MixinPlatformAgentDefault:SecureJarResource(luckperms)]
[18May2026 14:31:13.356] [main/DEBUG] [mixin/]: Processing inject() for PlatformAgent[MixinPlatformAgentDefault:SecureJarResource(dungeons_arise_seven_seas)]
[18May2026 14:31:13.356] [main/DEBUG] [mixin/]: Processing inject() for PlatformAgent[MixinPlatformAgentDefault:SecureJarResource(forge)]
[18May2026 14:31:13.356] [main/DEBUG] [mixin/]: Processing inject() for PlatformAgent[MixinPlatformAgentDefault:SecureJarResource(mr_withering_heights)]
[18May2026 14:31:13.356] [main/DEBUG] [mixin/]: Processing inject() for PlatformAgent[MixinPlatformAgentDefault:SecureJarResource(travelerstitles)]
[18May2026 14:31:13.357] [main/DEBUG] [mixin/]: Processing inject() for PlatformAgent[MixinPlatformAgentDefault:SecureJarResource(tlskincape)]
[18May2026 14:31:13.357] [main/DEBUG] [mixin/]: Processing inject() for PlatformAgent[MixinPlatformAgentDefault:SecureJarResource(dungeons_arise)]
[18May2026 14:31:13.357] [main/DEBUG] [mixin/]: Processing inject() for PlatformAgent[MixinPlatformAgentDefault:SecureJarResource(minecraft)]
[18May2026 14:31:13.357] [main/DEBUG] [mixin/]: Processing inject() for PlatformAgent[MixinPlatformAgentDefault:SecureJarResource(dungeons_and_combat)]
[18May2026 14:31:13.357] [main/DEBUG] [mixin/]: Processing inject() for PlatformAgent[MixinPlatformAgentDefault:SecureJarResource(dark_souls_expansion)]
[18May2026 14:31:13.357] [main/DEBUG] [mixin/]: Processing inject() for PlatformAgent[MixinPlatformAgentDefault:SecureJarResource(slu)]
[18May2026 14:31:13.357] [main/DEBUG] [mixin/]: Processing inject() for PlatformAgent[MixinPlatformAgentDefault:SecureJarResource(twm)]
[18May2026 14:31:13.357] [main/DEBUG] [mixin/]: Processing inject() for PlatformAgent[MixinPlatformAgentDefault:SecureJarResource(born_in_chaos_v1)]
[18May2026 14:31:13.357] [main/DEBUG] [mixin/]: Processing inject() for PlatformAgent[MixinPlatformAgentDefault:SecureJarResource(tohiro_ores)]
[18May2026 14:31:13.357] [main/DEBUG] [mixin/]: Processing inject() for PlatformAgent[MixinPlatformAgentDefault:SecureJarResource(realmrpg_skeletons)]
[18May2026 14:31:13.357] [main/DEBUG] [mixin/]: Processing inject() for PlatformAgent[MixinPlatformAgentDefault:SecureJarResource(tconstruct)]
[18May2026 14:31:13.357] [main/DEBUG] [mixin/]: Processing inject() for PlatformAgent[MixinPlatformAgentDefault:SecureJarResource(emi)]
[18May2026 14:31:13.357] [main/DEBUG] [mixin/]: Processing inject() for PlatformAgent[MixinPlatformAgentDefault:SecureJarResource(jei)]
[18May2026 14:31:13.357] [main/DEBUG] [mixin/]: Processing inject() for PlatformAgent[MixinPlatformAgentDefault:SecureJarResource(moonlight)]
[18May2026 14:31:13.357] [main/DEBUG] [mixin/]: Processing inject() for PlatformAgent[MixinPlatformAgentDefault:SecureJarResource(toolbelt)]
[18May2026 14:31:13.357] [main/DEBUG] [mixin/]: Processing inject() for PlatformAgent[MixinPlatformAgentDefault:SecureJarResource(mixinsquared)]
[18May2026 14:31:13.357] [main/DEBUG] [mixin/]: Processing inject() for PlatformAgent[MixinPlatformAgentDefault:SecureJarResource(corgilib)]
[18May2026 14:31:13.357] [main/DEBUG] [mixin/]: Processing inject() for PlatformAgent[MixinPlatformAgentDefault:SecureJarResource(weaponmaster)]
[18May2026 14:31:13.357] [main/DEBUG] [mixin/]: Processing inject() for PlatformAgent[MixinPlatformAgentDefault:SecureJarResource(kotlinforforge)]
[18May2026 14:31:13.357] [main/DEBUG] [mixin/]: Processing inject() for PlatformAgent[MixinPlatformAgentDefault:SecureJarResource(iceberg)]
[18May2026 14:31:13.357] [main/DEBUG] [mixin/]: Processing inject() for PlatformAgent[MixinPlatformAgentDefault:SecureJarResource(mantle)]
[18May2026 14:31:13.357] [main/DEBUG] [mixin/]: Processing inject() for PlatformAgent[MixinPlatformAgentDefault:SecureJarResource(xaerominimap)]
[18May2026 14:31:13.357] [main/DEBUG] [mixin/]: Processing inject() for PlatformAgent[MixinPlatformAgentDefault:SecureJarResource(gravestone)]
[18May2026 14:31:13.357] [main/DEBUG] [mixin/]: Processing inject() for PlatformAgent[MixinPlatformAgentDefault:SecureJarResource(fastbench)]
[18May2026 14:31:13.357] [main/DEBUG] [mixin/]: Processing inject() for PlatformAgent[MixinPlatformAgentDefault:SecureJarResource(irons_spellbooks)]
[18May2026 14:31:13.357] [main/DEBUG] [mixin/]: Processing inject() for PlatformAgent[MixinPlatformAgentDefault:SecureJarResource(dacxirons)]
[18May2026 14:31:13.357] [main/DEBUG] [mixin/]: Processing inject() for PlatformAgent[MixinPlatformAgentDefault:SecureJarResource(hardcorerevival)]
[18May2026 14:31:13.357] [main/DEBUG] [mixin/]: Processing inject() for PlatformAgent[MixinPlatformAgentDefault:SecureJarResource(coroutil)]
[18May2026 14:31:13.357] [main/DEBUG] [mixin/]: Processing inject() for PlatformAgent[MixinPlatformAgentDefault:SecureJarResource(fastfurnace)]
[18May2026 14:31:13.357] [main/DEBUG] [mixin/]: Processing inject() for PlatformAgent[MixinPlatformAgentDefault:SecureJarResource(ferritecore)]
[18May2026 14:31:13.357] [main/DEBUG] [mixin/]: Processing inject() for PlatformAgent[MixinPlatformAgentDefault:SecureJarResource(mythsandlegends)]
[18May2026 14:31:13.357] [main/DEBUG] [mixin/]: Processing inject() for PlatformAgent[MixinPlatformAgentDefault:SecureJarResource(aquaculture)]
[18May2026 14:31:13.358] [main/DEBUG] [mixin/]: Processing inject() for PlatformAgent[MixinPlatformAgentDefault:SecureJarResource(aquamirae)]
[18May2026 14:31:13.358] [main/DEBUG] [mixin/]: Processing inject() for PlatformAgent[MixinPlatformAgentDefault:SecureJarResource(cristellib)]
[18May2026 14:31:13.358] [main/DEBUG] [mixin/]: Processing inject() for PlatformAgent[MixinPlatformAgentDefault:SecureJarResource(mclib)]
[18May2026 14:31:13.358] [main/DEBUG] [mixin/]: Processing inject() for PlatformAgent[MixinPlatformAgentDefault:SecureJarResource(mixinextras)]
[18May2026 14:31:13.358] [main/DEBUG] [mixin/]: Processing inject() for PlatformAgent[MixinPlatformAgentDefault:SecureJarResource(NanoLiveConfig)]
[18May2026 14:31:13.358] [main/DEBUG] [mixin/]: Processing inject() for PlatformAgent[MixinPlatformAgentDefault:SecureJarResource(jankson)]
[18May2026 14:31:13.358] [main/DEBUG] [mixin/]: Processing inject() for PlatformAgent[MixinPlatformAgentDefault:SecureJarResource(toml4j)]
[18May2026 14:31:13.358] [main/DEBUG] [mixin/]: Processing inject() for PlatformAgent[MixinPlatformAgentDefault:SecureJarResource(MixinSquared)]
[18May2026 14:31:13.358] [main/DEBUG] [mixin/]: Processing inject() for PlatformAgent[MixinPlatformAgentDefault:SecureJarResource(thedarkcolour.kotlinforforge.kfflib)]
[18May2026 14:31:13.358] [main/DEBUG] [mixin/]: Processing inject() for PlatformAgent[MixinPlatformAgentDefault:SecureJarResource(MixinExtras)]
[18May2026 14:31:13.386] [main/DEBUG] [mixin/]: Error cleaning class output directory: .mixin.out
[18May2026 14:31:13.394] [main/DEBUG] [mixin/]: Preparing mixins for MixinEnvironment[PREINIT]
[18May2026 14:31:13.400] [main/INFO] [mixin/]: Successfully loaded Mixin Connector [org.tlauncher.MixinConnector]
[18May2026 14:31:13.402] [main/DEBUG] [mixin/]: Compatibility level JAVA_16 specified by tlskincape-mixins.json is higher than the maximum level supported by this version of mixin (JAVA_13).
[18May2026 14:31:13.403] [main/INFO] [cpw.mods.modlauncher.LaunchServiceHandler/MODLAUNCHER]: Launching target 'forgeserver' with arguments []
[18May2026 14:31:13.405] [main/DEBUG] [mixin/]: Preparing mixins for MixinEnvironment[DEFAULT]
[18May2026 14:31:13.405] [main/DEBUG] [mixin/]: Selecting config weaponmaster_ydm.mixins.json
[18May2026 14:31:13.409] [main/DEBUG] [mixin/]: Selecting config uniquedungeons.mixin.json
[18May2026 14:31:13.411] [main/DEBUG] [mixin/]: Selecting config kuma_api.mixins.json
[18May2026 14:31:13.413] [main/DEBUG] [mixin/]: Selecting config kuma_api.forge.mixins.json
[18May2026 14:31:13.415] [main/DEBUG] [mixin/]: Selecting config geckolib.mixins.json
[18May2026 14:31:13.416] [main/DEBUG] [mixin/]: Selecting config playerAnimator-common.mixins.json
[18May2026 14:31:13.422] [main/DEBUG] [mixin/]: Selecting config aether.mixins.json
[18May2026 14:31:13.428] [main/DEBUG] [mixin/]: Selecting config nyfsquiver.mixins.json
[18May2026 14:31:13.430] [main/DEBUG] [mixin/]: Selecting config xaeroworldmap.mixins.json
[18May2026 14:31:13.434] [main/DEBUG] [mixin/]: Selecting config xaeroworldmap.forge.mixins.json
[18May2026 14:31:13.436] [main/DEBUG] [mixin/]: Selecting config goety.mixins.json
[18May2026 14:31:13.439] [main/DEBUG] [mixin/]: Selecting config prism.mixins.json
[18May2026 14:31:13.440] [main/DEBUG] [mixin/]: Selecting config placebo.mixins.json
[18May2026 14:31:13.442] [main/DEBUG] [mixin/]: Selecting config modernfix-modernfix.mixins.json
[18May2026 14:31:13.526] [main/INFO] [ModernFix/]: Loaded configuration file for ModernFix 5.27.24+mc1.20.1: 108 options available, 0 override(s) found
[18May2026 14:31:13.527] [main/INFO] [ModernFix/]: Applying Nashorn fix
[18May2026 14:31:13.548] [main/INFO] [ModernFix/]: Applied Forge config corruption patch
[18May2026 14:31:13.567] [main/DEBUG] [mixin/]: Selecting config citadel.mixins.json
[18May2026 14:31:13.571] [main/DEBUG] [mixin/]: Selecting config yungsapi.mixins.json
[18May2026 14:31:13.575] [main/DEBUG] [mixin/]: Selecting config yungsapi_forge.mixins.json
[18May2026 14:31:13.577] [main/DEBUG] [mixin/]: Selecting config kambrik.mixins.json
[18May2026 14:31:13.579] [main/DEBUG] [mixin/]: Selecting config guardvillagers.mixins.json
[18May2026 14:31:13.581] [main/DEBUG] [mixin/]: Selecting config mixins.sololeveling.json
[18May2026 14:31:13.582] [main/DEBUG] [mixin/]: Selecting config balm.mixins.json
[18May2026 14:31:13.584] [main/DEBUG] [mixin/]: Selecting config projectile_damage.mixins.json
[18May2026 14:31:13.586] [main/DEBUG] [mixin/]: Selecting config embeddium.mixins.json
[18May2026 14:31:13.594] [main/INFO] [Embeddium/]: Loaded configuration file for Embeddium: 158 options available, 0 override(s) found
[18May2026 14:31:13.607] [main/DEBUG] [mixin/]: Selecting config morevillagers-common.mixins.json
[18May2026 14:31:13.613] [main/DEBUG] [mixin/]: Selecting config morevillagers.mixins.json
[18May2026 14:31:13.617] [main/WARN] [mixin/]: Reference map 'morevillagers-forge-forge-refmap.json' for morevillagers.mixins.json could not be read. If this is a development environment you can ignore this message
[18May2026 14:31:13.617] [main/DEBUG] [mixin/]: Selecting config block_factorys_bosses.mixins.json
[18May2026 14:31:13.619] [main/DEBUG] [mixin/]: Selecting config endrem.mixins.json
[18May2026 14:31:13.621] [main/DEBUG] [mixin/]: Selecting config tbsfbsp.mixin.json
[18May2026 14:31:13.624] [main/WARN] [mixin/]: Reference map 'tbsfbsp.refmap.json' for tbsfbsp.mixin.json could not be read. If this is a development environment you can ignore this message
[18May2026 14:31:13.624] [main/DEBUG] [mixin/]: Selecting config lionfishapi.mixins.json
[18May2026 14:31:13.626] [main/DEBUG] [mixin/]: Selecting config cataclysm.mixins.json
[18May2026 14:31:13.628] [main/DEBUG] [mixin/]: Selecting config curios.mixins.json
[18May2026 14:31:13.630] [main/DEBUG] [mixin/]: Selecting config patchouli_xplat.mixins.json
[18May2026 14:31:13.632] [main/DEBUG] [mixin/]: Selecting config forge-more_bows_and_arrows.forge.mixins.json
[18May2026 14:31:13.634] [main/DEBUG] [mixin/]: Selecting config mixins.cobblemon-forge.json
[18May2026 14:31:13.636] [main/DEBUG] [mixin/]: Selecting config mixins.cobblemon-common.json
[18May2026 14:31:13.638] [main/DEBUG] [mixin/]: Selecting config cumulus_menus.mixins.json
[18May2026 14:31:13.639] [main/DEBUG] [mixin/]: Selecting config architectury.mixins.json
[18May2026 14:31:13.642] [main/DEBUG] [mixin/]: Selecting config architectury-common.mixins.json
[18May2026 14:31:13.643] [main/DEBUG] [mixin/]: Selecting config mixins.adorn.common.json
[18May2026 14:31:13.645] [main/DEBUG] [mixin/]: Selecting config mixins.adorn.forge.json
[18May2026 14:31:13.647] [main/DEBUG] [mixin/]: Selecting config betterendisland.mixins.json
[18May2026 14:31:13.648] [main/DEBUG] [mixin/]: Selecting config betterendisland_forge.mixins.json
[18May2026 14:31:13.650] [main/DEBUG] [mixin/]: Selecting config monolib.mixins.json
[18May2026 14:31:13.652] [main/DEBUG] [mixin/]: Selecting config monolib.forge.mixins.json
[18May2026 14:31:13.653] [main/DEBUG] [mixin/]: Selecting config nitrogen_internals.mixins.json
[18May2026 14:31:13.655] [main/WARN] [mixin/]: Reference map 'nitrogen_internals.refmap.json' for nitrogen_internals.mixins.json could not be read. If this is a development environment you can ignore this message
[18May2026 14:31:13.656] [main/DEBUG] [mixin/]: Selecting config hugestructureblocks.mixins.json
[18May2026 14:31:13.657] [main/DEBUG] [mixin/]: Selecting config mixins.runecraft.json
[18May2026 14:31:13.659] [main/DEBUG] [mixin/]: Selecting config arclight.mixins.json
[18May2026 14:31:13.661] [main/WARN] [mixin/]: Reference map 'arclight.mixins.refmap.json' for arclight.mixins.json could not be read. If this is a development environment you can ignore this message
[18May2026 14:31:13.661] [main/DEBUG] [mixin/]: Selecting config soulsweapons.mixins.json
[18May2026 14:31:13.663] [main/DEBUG] [mixin/]: Selecting config lithium.mixins.json
[18May2026 14:31:13.705] [main/INFO] [Radium Config/]: Loaded configuration file for Radium: 125 options available, 1 override(s) found
[18May2026 14:31:13.717] [main/DEBUG] [mixin/]: Selecting config too_many_bows.mixins.json
[18May2026 14:31:13.719] [main/DEBUG] [mixin/]: Selecting config lithostitched.mixins.json
[18May2026 14:31:13.723] [main/DEBUG] [mixin/]: Selecting config lithostitched.forge.mixins.json
[18May2026 14:31:13.725] [main/DEBUG] [mixin/]: Selecting config irons_lib.mixins.json
[18May2026 14:31:13.728] [main/DEBUG] [mixin/]: Selecting config attributefix.mixins.json
[18May2026 14:31:13.730] [main/DEBUG] [mixin/]: Selecting config xaerolib.mixins.json
[18May2026 14:31:13.733] [main/DEBUG] [mixin/]: Selecting config xaerolib.forge.mixins.json
[18May2026 14:31:13.739] [main/DEBUG] [mixin/]: Selecting config caelus.mixins.json
[18May2026 14:31:13.741] [main/DEBUG] [mixin/]: Selecting config obscure_api.mixins.json
[18May2026 14:31:13.743] [main/DEBUG] [mixin/]: Selecting config mixins.epicfight.json
[18May2026 14:31:13.746] [main/DEBUG] [mixin/]: Selecting config mixins.wom.json
[18May2026 14:31:13.748] [main/DEBUG] [mixin/]: Selecting config fastsuite.mixins.json
[18May2026 14:31:13.750] [main/DEBUG] [mixin/]: Selecting config clumps.mixins.json
[18May2026 14:31:13.752] [main/DEBUG] [mixin/]: Selecting config mixins.travelersbackpack.json
[18May2026 14:31:13.754] [main/DEBUG] [mixin/]: Selecting config smarterfarmers-common.mixins.json
[18May2026 14:31:13.755] [main/DEBUG] [mixin/]: Selecting config smarterfarmers.mixins.json
[18May2026 14:31:13.757] [main/DEBUG] [mixin/]: Selecting config iceandfire.mixins.json
[18May2026 14:31:13.759] [main/DEBUG] [mixin/]: Selecting config memoryleakfix.mixins.json
[18May2026 14:31:13.807] [main/DEBUG] [MixinExtras|Service/]: ca.fxco.memoryleakfix.mixinextras.service.MixinExtrasServiceImpl(version=0.3.2) is taking over from null
[18May2026 14:31:13.820] [main/DEBUG] [mixin/]: Registering new injector for @Inject with org.spongepowered.asm.mixin.injection.struct.CallbackInjectionInfo
[18May2026 14:31:13.821] [main/DEBUG] [mixin/]: Registering new injector for @ModifyArg with org.spongepowered.asm.mixin.injection.struct.ModifyArgInjectionInfo
[18May2026 14:31:13.822] [main/DEBUG] [mixin/]: Registering new injector for @ModifyArgs with org.spongepowered.asm.mixin.injection.struct.ModifyArgsInjectionInfo
[18May2026 14:31:13.824] [main/DEBUG] [mixin/]: Registering new injector for @Redirect with org.spongepowered.asm.mixin.injection.struct.RedirectInjectionInfo
[18May2026 14:31:13.825] [main/DEBUG] [mixin/]: Registering new injector for @ModifyVariable with org.spongepowered.asm.mixin.injection.struct.ModifyVariableInjectionInfo
[18May2026 14:31:13.828] [main/DEBUG] [mixin/]: Registering new injector for @ModifyConstant with org.spongepowered.asm.mixin.injection.struct.ModifyConstantInjectionInfo
[18May2026 14:31:13.844] [main/DEBUG] [mixin/]: Selecting config interaction_boxes.mixin.json
[18May2026 14:31:13.845] [main/DEBUG] [mixin/]: Selecting config ars_nouveau.mixins.json
[18May2026 14:31:13.888] [main/DEBUG] [MixinExtras|Service/]: ca.fxco.memoryleakfix.mixinextras.service.MixinExtrasServiceImpl(version=0.3.2) is conceding to com.llamalad7.mixinextras.service.MixinExtrasServiceImpl(version=0.5.3)
[18May2026 14:31:13.901] [main/DEBUG] [MixinExtras|Service/]: com.llamalad7.mixinextras.service.MixinExtrasServiceImpl(version=0.5.3) is taking over from ca.fxco.memoryleakfix.mixinextras.service.MixinExtrasServiceImpl(version=0.3.2)
[18May2026 14:31:13.906] [main/DEBUG] [mixin/]: Selecting config watut.mixins.json
[18May2026 14:31:13.907] [main/DEBUG] [mixin/]: Selecting config travelerstitles.mixins.json
[18May2026 14:31:13.909] [main/DEBUG] [mixin/]: Selecting config travelerstitles_forge.mixins.json
[18May2026 14:31:13.911] [main/DEBUG] [mixin/]: Selecting config emi.mixins.json
[18May2026 14:31:13.942] [main/DEBUG] [mixin/]: Selecting config emi-forge.mixins.json
[18May2026 14:31:13.949] [main/DEBUG] [mixin/]: Selecting config moonlight-common.mixins.json
[18May2026 14:31:13.959] [main/DEBUG] [mixin/]: Selecting config moonlight.mixins.json
[18May2026 14:31:13.961] [main/DEBUG] [mixin/]: Selecting config mixinsquared.init.mixins.json
[18May2026 14:31:13.974] [main/DEBUG] [mixin/]: Registering new target selector for @mixinsquared:handler with com.bawnorton.mixinsquared.selector.DynamicSelectorHandler
[18May2026 14:31:13.982] [main/DEBUG] [mixin/]: Selecting config corgilib-common.mixins.json
[18May2026 14:31:13.984] [main/DEBUG] [mixin/]: Selecting config mixins.weaponmaster.json
[18May2026 14:31:13.986] [main/DEBUG] [mixin/]: Selecting config iceberg.mixins.json
[18May2026 14:31:13.988] [main/DEBUG] [mixin/]: Selecting config xaerohud.mixins.json
[18May2026 14:31:13.990] [main/DEBUG] [mixin/]: Selecting config xaerohud.forge.mixins.json
[18May2026 14:31:13.992] [main/DEBUG] [mixin/]: Selecting config xaerominimap.mixins.json
[18May2026 14:31:13.994] [main/DEBUG] [mixin/]: Selecting config xaerominimap.forge.mixins.json
[18May2026 14:31:13.996] [main/DEBUG] [mixin/]: Selecting config fastbench.mixins.json
[18May2026 14:31:13.997] [main/DEBUG] [mixin/]: Selecting config mixins.irons_spellbooks.json
[18May2026 14:31:13.999] [main/DEBUG] [mixin/]: Selecting config hardcorerevival.mixins.json
[18May2026 14:31:14.001] [main/DEBUG] [mixin/]: Selecting config coroutil.mixins.json
[18May2026 14:31:14.003] [main/WARN] [mixin/]: Reference map 'coroutil.refmap.json' for coroutil.mixins.json could not be read. If this is a development environment you can ignore this message
[18May2026 14:31:14.004] [main/DEBUG] [mixin/]: Selecting config fastfurnace.mixins.json
[18May2026 14:31:14.005] [main/DEBUG] [mixin/]: Selecting config ferritecore.predicates.mixin.json
[18May2026 14:31:14.027] [main/DEBUG] [mixin/]: Selecting config ferritecore.fastmap.mixin.json
[18May2026 14:31:14.030] [main/DEBUG] [mixin/]: Selecting config ferritecore.mrl.mixin.json
[18May2026 14:31:14.032] [main/DEBUG] [mixin/]: Selecting config ferritecore.dedupmultipart.mixin.json
[18May2026 14:31:14.038] [main/DEBUG] [mixin/]: Selecting config ferritecore.blockstatecache.mixin.json
[18May2026 14:31:14.041] [main/DEBUG] [mixin/]: Selecting config ferritecore.dedupbakedquad.mixin.json
[18May2026 14:31:14.047] [main/DEBUG] [mixin/]: Selecting config ferritecore.threaddetec.mixin.json
[18May2026 14:31:14.052] [main/DEBUG] [mixin/]: Selecting config ferritecore.modelsides.mixin.json
[18May2026 14:31:14.054] [main/DEBUG] [mixin/]: Selecting config mythsandlegends-common.mixins.json
[18May2026 14:31:14.059] [main/DEBUG] [mixin/]: Selecting config mythsandlegends-common.cobblemon.mixins.json
[18May2026 14:31:14.060] [main/DEBUG] [mixin/]: Selecting config mythsandlegends.mixins.json
[18May2026 14:31:14.062] [main/DEBUG] [mixin/]: Selecting config aquamirae.mixins.json
[18May2026 14:31:14.064] [main/DEBUG] [mixin/]: Selecting config cristellib-common.mixins.json
[18May2026 14:31:14.066] [main/DEBUG] [mixin/]: Selecting config cristellib.mixins.json
[18May2026 14:31:14.068] [main/WARN] [mixin/]: Reference map 'cristellib-forge-refmap.json' for cristellib.mixins.json could not be read. If this is a development environment you can ignore this message
[18May2026 14:31:14.068] [main/DEBUG] [mixin/]: Selecting config mixinextras.init.mixins.json
[18May2026 14:31:14.070] [main/DEBUG] [mixin/]: Selecting config tlskincape-mixins.json
[18May2026 14:31:14.072] [main/DEBUG] [mixin/]: Preparing weaponmaster_ydm.mixins.json (3)
[18May2026 14:31:14.120] [main/DEBUG] [mixin/]: Preparing uniquedungeons.mixin.json (7)
[18May2026 14:31:14.153] [main/DEBUG] [net.minecraftforge.coremod.transformer.CoreModBaseTransformer/COREMOD]: Transforming net/minecraft/world/item/ItemStack
[18May2026 14:31:14.204] [main/DEBUG] [net.minecraftforge.coremod.transformer.CoreModBaseTransformer/COREMOD]: Transforming getEnchantmentLevel with desc (Lnet/minecraft/world/item/enchantment/Enchantment;)I
[18May2026 14:31:14.261] [main/INFO] [net.minecraftforge.coremod.CoreMod.placebo/COREMODLOG]: Patching IForgeItemStack#getEnchantmentLevel
[18May2026 14:31:14.289] [main/DEBUG] [net.minecraftforge.coremod.transformer.CoreModBaseTransformer/COREMOD]: Transforming getAllEnchantments with desc ()Ljava/util/Map;
[18May2026 14:31:14.294] [main/INFO] [net.minecraftforge.coremod.CoreMod.placebo/COREMODLOG]: Patching IForgeItemStack#getEnchantmentLevel
[18May2026 14:31:14.345] [main/DEBUG] [mixin/]: Preparing kuma_api.mixins.json (1)
[18May2026 14:31:14.345] [main/DEBUG] [mixin/]: Preparing kuma_api.forge.mixins.json (0)
[18May2026 14:31:14.345] [main/DEBUG] [mixin/]: Preparing geckolib.mixins.json (1)
[18May2026 14:31:14.345] [main/DEBUG] [mixin/]: Preparing playerAnimator-common.mixins.json (14)
[18May2026 14:31:14.345] [main/DEBUG] [mixin/]: Preparing aether.mixins.json (65)
[18May2026 14:31:14.407] [main/DEBUG] [net.minecraftforge.coremod.transformer.CoreModBaseTransformer/COREMOD]: Transforming m_41435_ with desc (Lnet/minecraft/world/level/Level;Lnet/minecraft/world/entity/player/Player;Lnet/minecraft/world/level/ClipContext$Fluid;)Lnet/minecraft/world/phys/BlockHitResult;
[18May2026 14:31:14.492] [main/DEBUG] [net.minecraftforge.coremod.transformer.CoreModBaseTransformer/COREMOD]: Transforming m_46758_ with desc (Lnet/minecraft/core/BlockPos;)Z
[18May2026 14:31:14.569] [main/DEBUG] [mixin/]: Preparing nyfsquiver.mixins.json (6)
[18May2026 14:31:14.573] [main/DEBUG] [mixin/]: Preparing xaeroworldmap.mixins.json (11)
[18May2026 14:31:14.586] [main/DEBUG] [mixin/]: Preparing xaeroworldmap.forge.mixins.json (2)
[18May2026 14:31:14.587] [main/DEBUG] [mixin/]: Preparing goety.mixins.json (36)
[18May2026 14:31:14.630] [main/DEBUG] [net.minecraftforge.coremod.transformer.CoreModBaseTransformer/COREMOD]: Transforming net/minecraft/world/level/levelgen/PatrolSpawner
[18May2026 14:31:14.704] [main/DEBUG] [net.minecraftforge.coremod.transformer.CoreModBaseTransformer/COREMOD]: Transforming net/minecraft/world/entity/raid/Raid
[18May2026 14:31:14.946] [main/DEBUG] [net.minecraftforge.coremod.transformer.CoreModBaseTransformer/COREMOD]: Transforming net/minecraft/world/level/levelgen/structure/templatesystem/StructureTemplate
[18May2026 14:31:15.087] [main/DEBUG] [net.minecraftforge.coremod.transformer.CoreModBaseTransformer/COREMOD]: Transforming net/minecraft/world/entity/npc/Villager
[18May2026 14:31:15.175] [main/WARN] [mixin/]: Error loading class: io/github/strikerrocker/vt/enchantments/SiphonEnchantment (java.lang.ClassNotFoundException: io.github.strikerrocker.vt.enchantments.SiphonEnchantment)
[18May2026 14:31:15.176] [main/DEBUG] [mixin/]: Skipping virtual target io/github/strikerrocker/vt/enchantments/SiphonEnchantment for goety.mixins.json:compat.SiphonEnchantmentMixin
[18May2026 14:31:15.176] [main/DEBUG] [mixin/]: Preparing prism.mixins.json (1)
[18May2026 14:31:15.176] [main/DEBUG] [mixin/]: Preparing placebo.mixins.json (6)
[18May2026 14:31:15.183] [main/DEBUG] [mixin/]: Preparing modernfix-modernfix.mixins.json (183)
[18May2026 14:31:15.228] [main/DEBUG] [net.minecraftforge.coremod.transformer.CoreModBaseTransformer/COREMOD]: Transforming net/minecraft/world/level/biome/Biome
[18May2026 14:31:15.232] [main/ERROR] [net.minecraftforge.coremod.transformer.CoreModBaseTransformer/COREMOD]: Error occurred applying transform of coremod coremods/field_to_method.js function biome
java.lang.IllegalStateException: Field f_47437_ is not private and an instance field
	at net.minecraftforge.coremod.api.ASMAPI.redirectFieldToMethod(ASMAPI.java:1069) ~[coremods-5.2.4.jar%2354!/:?]
	at org.openjdk.nashorn.internal.scripts.Script$Recompilation$54$292A$\^eval\_.initializeCoreMod#transformer(<eval>:11) ~[?:?]
	at org.openjdk.nashorn.internal.runtime.ScriptFunctionData.invoke(ScriptFunctionData.java:648) ~[nashorn-core-15.4.jar%2366!/:?]
	at org.openjdk.nashorn.internal.runtime.ScriptFunction.invoke(ScriptFunction.java:513) ~[nashorn-core-15.4.jar%2366!/:?]
	at org.openjdk.nashorn.internal.runtime.ScriptRuntime.apply(ScriptRuntime.java:520) ~[nashorn-core-15.4.jar%2366!/:?]
	at org.openjdk.nashorn.api.scripting.ScriptObjectMirror.call(ScriptObjectMirror.java:111) ~[nashorn-core-15.4.jar%2366!/:?]
	at net.minecraftforge.coremod.NashornFactory.lambda$getFunction$0(NashornFactory.java:37) ~[coremods-5.2.4.jar%2354!/:5.2.4]
	at net.minecraftforge.coremod.transformer.CoreModClassTransformer.runCoremod(CoreModClassTransformer.java:22) ~[coremods-5.2.4.jar%2354!/:?]
	at net.minecraftforge.coremod.transformer.CoreModClassTransformer.runCoremod(CoreModClassTransformer.java:14) ~[coremods-5.2.4.jar%2354!/:?]
	at net.minecraftforge.coremod.transformer.CoreModBaseTransformer.transform(CoreModBaseTransformer.java:60) ~[coremods-5.2.4.jar%2354!/:?]
	at cpw.mods.modlauncher.TransformerHolder.transform(TransformerHolder.java:41) ~[modlauncher-10.0.9.jar%2355!/:?]
	at cpw.mods.modlauncher.ClassTransformer.performVote(ClassTransformer.java:179) ~[modlauncher-10.0.9.jar%2355!/:?]
	at cpw.mods.modlauncher.ClassTransformer.transform(ClassTransformer.java:117) ~[modlauncher-10.0.9.jar%2355!/:?]
	at cpw.mods.modlauncher.TransformingClassLoader.maybeTransformClassBytes(TransformingClassLoader.java:50) ~[modlauncher-10.0.9.jar%2355!/:?]
	at cpw.mods.cl.ModuleClassLoader.getMaybeTransformedClassBytes(ModuleClassLoader.java:250) ~[securejarhandler-2.1.10.jar:?]
	at cpw.mods.modlauncher.TransformingClassLoader.buildTransformedClassNodeFor(TransformingClassLoader.java:58) ~[modlauncher-10.0.9.jar%2355!/:?]
	at cpw.mods.modlauncher.LaunchPluginHandler.lambda$announceLaunch$10(LaunchPluginHandler.java:100) ~[modlauncher-10.0.9.jar%2355!/:?]
	at org.spongepowered.asm.launch.MixinLaunchPluginLegacy.getClassNode(MixinLaunchPluginLegacy.java:222) ~[mixin-0.8.5.jar%2365!/:0.8.5+Jenkins-b310.git-155314e6e91465dad727e621a569906a410cd6f4]
	at org.spongepowered.asm.launch.MixinLaunchPluginLegacy.getClassNode(MixinLaunchPluginLegacy.java:207) ~[mixin-0.8.5.jar%2365!/:0.8.5+Jenkins-b310.git-155314e6e91465dad727e621a569906a410cd6f4]
	at org.spongepowered.asm.mixin.transformer.ClassInfo.forName(ClassInfo.java:2005) ~[mixin-0.8.5.jar%2365!/:0.8.5+Jenkins-b310.git-155314e6e91465dad727e621a569906a410cd6f4]
	at org.spongepowered.asm.mixin.transformer.MixinInfo.getTargetClass(MixinInfo.java:1017) ~[mixin-0.8.5.jar%2365!/:0.8.5+Jenkins-b310.git-155314e6e91465dad727e621a569906a410cd6f4]
	at org.spongepowered.asm.mixin.transformer.MixinInfo.readTargetClasses(MixinInfo.java:1007) ~[mixin-0.8.5.jar%2365!/:0.8.5+Jenkins-b310.git-155314e6e91465dad727e621a569906a410cd6f4]
	at org.spongepowered.asm.mixin.transformer.MixinInfo.parseTargets(MixinInfo.java:895) ~[mixin-0.8.5.jar%2365!/:0.8.5+Jenkins-b310.git-155314e6e91465dad727e621a569906a410cd6f4]
	at org.spongepowered.asm.mixin.transformer.MixinConfig.prepareMixins(MixinConfig.java:867) ~[mixin-0.8.5.jar%2365!/:0.8.5+Jenkins-b310.git-155314e6e91465dad727e621a569906a410cd6f4]
	at org.spongepowered.asm.mixin.transformer.MixinConfig.prepare(MixinConfig.java:775) ~[mixin-0.8.5.jar%2365!/:0.8.5+Jenkins-b310.git-155314e6e91465dad727e621a569906a410cd6f4]
	at org.spongepowered.asm.mixin.transformer.MixinProcessor.prepareConfigs(MixinProcessor.java:539) ~[mixin-0.8.5.jar%2365!/:0.8.5+Jenkins-b310.git-155314e6e91465dad727e621a569906a410cd6f4]
	at org.spongepowered.asm.mixin.transformer.MixinProcessor.select(MixinProcessor.java:462) ~[mixin-0.8.5.jar%2365!/:0.8.5+Jenkins-b310.git-155314e6e91465dad727e621a569906a410cd6f4]
	at org.spongepowered.asm.mixin.transformer.MixinProcessor.checkSelect(MixinProcessor.java:438) ~[mixin-0.8.5.jar%2365!/:0.8.5+Jenkins-b310.git-155314e6e91465dad727e621a569906a410cd6f4]
	at org.spongepowered.asm.mixin.transformer.MixinProcessor.applyMixins(MixinProcessor.java:290) ~[mixin-0.8.5.jar%2365!/:0.8.5+Jenkins-b310.git-155314e6e91465dad727e621a569906a410cd6f4]
	at org.spongepowered.asm.mixin.transformer.MixinTransformer.transformClass(MixinTransformer.java:250) ~[mixin-0.8.5.jar%2365!/:0.8.5+Jenkins-b310.git-155314e6e91465dad727e621a569906a410cd6f4]
	at org.spongepowered.asm.service.modlauncher.MixinTransformationHandler.processClass(MixinTransformationHandler.java:131) ~[mixin-0.8.5.jar%2365!/:0.8.5+Jenkins-b310.git-155314e6e91465dad727e621a569906a410cd6f4]
	at org.spongepowered.asm.launch.MixinLaunchPluginLegacy.processClass(MixinLaunchPluginLegacy.java:131) ~[mixin-0.8.5.jar%2365!/:0.8.5+Jenkins-b310.git-155314e6e91465dad727e621a569906a410cd6f4]
	at cpw.mods.modlauncher.serviceapi.ILaunchPluginService.processClassWithFlags(ILaunchPluginService.java:156) ~[modlauncher-10.0.9.jar%2355!/:10.0.9+10.0.9+main.dcd20f30]
	at cpw.mods.modlauncher.LaunchPluginHandler.offerClassNodeToPlugins(LaunchPluginHandler.java:88) ~[modlauncher-10.0.9.jar%2355!/:?]
	at cpw.mods.modlauncher.ClassTransformer.transform(ClassTransformer.java:120) ~[modlauncher-10.0.9.jar%2355!/:?]
	at cpw.mods.modlauncher.TransformingClassLoader.maybeTransformClassBytes(TransformingClassLoader.java:50) ~[modlauncher-10.0.9.jar%2355!/:?]
	at cpw.mods.cl.ModuleClassLoader.readerToClass(ModuleClassLoader.java:113) ~[securejarhandler-2.1.10.jar:?]
	at cpw.mods.cl.ModuleClassLoader.lambda$findClass$15(ModuleClassLoader.java:219) ~[securejarhandler-2.1.10.jar:?]
	at cpw.mods.cl.ModuleClassLoader.loadFromModule(ModuleClassLoader.java:229) ~[securejarhandler-2.1.10.jar:?]
	at cpw.mods.cl.ModuleClassLoader.findClass(ModuleClassLoader.java:219) ~[securejarhandler-2.1.10.jar:?]
	at java.lang.ClassLoader.loadClass(ClassLoader.java:637) ~[?:?]
	at java.lang.Class.forName(Class.java:547) ~[?:?]
	at net.minecraftforge.fml.loading.ImmediateWindowHandler$DummyProvider.lambda$updateModuleReads$1(ImmediateWindowHandler.java:145) ~[fmlloader-1.20.1-47.4.0.jar%2369!/:1.0]
	at java.util.Optional.map(Optional.java:260) ~[?:?]
	at net.minecraftforge.fml.loading.ImmediateWindowHandler$DummyProvider.updateModuleReads(ImmediateWindowHandler.java:145) ~[fmlloader-1.20.1-47.4.0.jar%2369!/:1.0]
	at net.minecraftforge.fml.loading.ImmediateWindowHandler.acceptGameLayer(ImmediateWindowHandler.java:71) ~[fmlloader-1.20.1-47.4.0.jar%2369!/:1.0]
	at net.minecraftforge.fml.loading.FMLLoader.beforeStart(FMLLoader.java:216) ~[fmlloader-1.20.1-47.4.0.jar%2369!/:1.0]
	at net.minecraftforge.fml.loading.targets.CommonLaunchHandler.launchService(CommonLaunchHandler.java:92) ~[fmlloader-1.20.1-47.4.0.jar%2369!/:?]
	at cpw.mods.modlauncher.LaunchServiceHandlerDecorator.launch(LaunchServiceHandlerDecorator.java:30) ~[modlauncher-10.0.9.jar%2355!/:?]
	at cpw.mods.modlauncher.LaunchServiceHandler.launch(LaunchServiceHandler.java:53) ~[modlauncher-10.0.9.jar%2355!/:?]
	at cpw.mods.modlauncher.LaunchServiceHandler.launch(LaunchServiceHandler.java:71) ~[modlauncher-10.0.9.jar%2355!/:?]
	at cpw.mods.modlauncher.Launcher.run(Launcher.java:108) ~[modlauncher-10.0.9.jar%2355!/:?]
	at cpw.mods.modlauncher.Launcher.main(Launcher.java:78) ~[modlauncher-10.0.9.jar%2355!/:?]
	at cpw.mods.modlauncher.BootstrapLaunchConsumer.accept(BootstrapLaunchConsumer.java:26) ~[modlauncher-10.0.9.jar%2355!/:?]
	at cpw.mods.modlauncher.BootstrapLaunchConsumer.accept(BootstrapLaunchConsumer.java:23) ~[modlauncher-10.0.9.jar%2355!/:?]
	at cpw.mods.bootstraplauncher.BootstrapLauncher.main(BootstrapLauncher.java:141) ~[bootstraplauncher-1.1.2.jar:?]
[18May2026 14:31:15.319] [main/DEBUG] [mixin/]: @Mixin target net/minecraft/world/level/levelgen/SurfaceRules$SequenceRuleSource is public in modernfix-modernfix.mixins.json:perf.optimize_surface_rules.SequenceRuleSourceMixin and should be specified in value
[18May2026 14:31:15.411] [main/DEBUG] [mixin/]: @Mixin target net/minecraft/world/level/levelgen/SurfaceRules$Context is public in modernfix-modernfix.mixins.json:perf.worldgen_allocation.SurfaceRulesContextMixin and should be specified in value
[18May2026 14:31:15.424] [main/DEBUG] [mixin/]: Preparing citadel.mixins.json (16)
[18May2026 14:31:15.435] [main/DEBUG] [mixin/]: Preparing yungsapi.mixins.json (11)
[18May2026 14:31:15.437] [main/DEBUG] [yungsapi/]: Loaded com.yungnickyoung.minecraft.yungsapi.services.ForgePlatformHelper@1b465fa9 for service interface com.yungnickyoung.minecraft.yungsapi.services.IPlatformHelper
[18May2026 14:31:15.438] [main/DEBUG] [yungsapi/]: Loaded com.yungnickyoung.minecraft.yungsapi.services.ForgeAutoRegisterHelper@7d95166a for service interface com.yungnickyoung.minecraft.yungsapi.services.IAutoRegisterHelper
[18May2026 14:31:15.439] [main/DEBUG] [yungsapi/]: Loaded com.yungnickyoung.minecraft.yungsapi.services.ForgeBlockEntityTypeHelper@5cd701e4 for service interface com.yungnickyoung.minecraft.yungsapi.services.IBlockEntityTypeHelper
[18May2026 14:31:15.440] [main/DEBUG] [yungsapi/]: Loaded com.yungnickyoung.minecraft.yungsapi.services.ForgeParticleTypeHelper@3dad535f for service interface com.yungnickyoung.minecraft.yungsapi.services.IParticleTypeHelper
[18May2026 14:31:15.456] [main/DEBUG] [mixin/]: Preparing yungsapi_forge.mixins.json (1)
[18May2026 14:31:15.457] [main/DEBUG] [mixin/]: Preparing kambrik.mixins.json (2)
[18May2026 14:31:15.458] [main/DEBUG] [mixin/]: Preparing guardvillagers.mixins.json (6)
[18May2026 14:31:15.461] [main/DEBUG] [mixin/]: Preparing mixins.sololeveling.json (2)
[18May2026 14:31:15.462] [main/ERROR] [net.minecraftforge.fml.loading.RuntimeDistCleaner/DISTXFORM]: Attempted to load class net/minecraft/client/KeyMapping for invalid dist DEDICATED_SERVER
[18May2026 14:31:15.466] [main/WARN] [mixin/]: Error loading class: net/minecraft/client/KeyMapping (java.lang.RuntimeException: Attempted to load class net/minecraft/client/KeyMapping for invalid dist DEDICATED_SERVER)
[18May2026 14:31:15.466] [main/WARN] [mixin/]: @Mixin target net.minecraft.client.KeyMapping was not found mixins.sololeveling.json:DisableHotbarKeymappingMixin
[18May2026 14:31:15.466] [main/DEBUG] [mixin/]: Preparing balm.mixins.json (16)
[18May2026 14:31:15.479] [main/DEBUG] [mixin/]: Preparing projectile_damage.mixins.json (5)
[18May2026 14:31:15.490] [main/DEBUG] [mixin/]: Preparing embeddium.mixins.json (0)
[18May2026 14:31:15.490] [main/DEBUG] [mixin/]: Preparing morevillagers-common.mixins.json (2)
[18May2026 14:31:15.493] [main/DEBUG] [mixin/]: Preparing morevillagers.mixins.json (0)
[18May2026 14:31:15.493] [main/DEBUG] [mixin/]: Preparing block_factorys_bosses.mixins.json (27)
[18May2026 14:31:15.511] [main/DEBUG] [mixin/]: Preparing endrem.mixins.json (4)
[18May2026 14:31:15.515] [main/DEBUG] [mixin/]: Preparing tbsfbsp.mixin.json (0)
[18May2026 14:31:15.515] [main/DEBUG] [mixin/]: Preparing lionfishapi.mixins.json (2)
[18May2026 14:31:15.516] [main/DEBUG] [mixin/]: Preparing cataclysm.mixins.json (25)
[18May2026 14:31:15.539] [main/DEBUG] [mixin/]: Preparing curios.mixins.json (13)
[18May2026 14:31:15.558] [main/DEBUG] [mixin/]: Preparing patchouli_xplat.mixins.json (10)
[18May2026 14:31:15.564] [main/DEBUG] [mixin/]: Preparing forge-more_bows_and_arrows.forge.mixins.json (9)
[18May2026 14:31:15.569] [main/DEBUG] [mixin/]: Preparing mixins.cobblemon-forge.json (1)
[18May2026 14:31:15.570] [main/DEBUG] [mixin/]: Preparing mixins.cobblemon-common.json (40)
[18May2026 14:31:15.590] [main/DEBUG] [net.minecraftforge.coremod.transformer.CoreModBaseTransformer/COREMOD]: Transforming net/minecraft/world/effect/MobEffectInstance
[18May2026 14:31:15.608] [main/DEBUG] [net.minecraftforge.coremod.transformer.CoreModBaseTransformer/COREMOD]: Transforming net/minecraft/world/level/block/StairBlock
[18May2026 14:31:15.674] [main/DEBUG] [mixin/]: Preparing cumulus_menus.mixins.json (7)
[18May2026 14:31:15.674] [main/DEBUG] [mixin/]: Preparing architectury.mixins.json (9)
[18May2026 14:31:15.680] [main/DEBUG] [mixin/]: Preparing architectury-common.mixins.json (10)
[18May2026 14:31:15.683] [main/DEBUG] [net.minecraftforge.coremod.transformer.CoreModBaseTransformer/COREMOD]: Transforming net/minecraft/world/item/BucketItem
[18May2026 14:31:15.689] [main/DEBUG] [net.minecraftforge.coremod.transformer.CoreModBaseTransformer/COREMOD]: Transforming net/minecraft/world/entity/EntityType
[18May2026 14:31:15.746] [main/DEBUG] [net.minecraftforge.coremod.transformer.CoreModBaseTransformer/COREMOD]: Transforming net/minecraft/world/level/block/LiquidBlock
[18May2026 14:31:15.753] [main/DEBUG] [mixin/]: Preparing mixins.adorn.common.json (3)
[18May2026 14:31:15.756] [main/DEBUG] [mixin/]: Preparing mixins.adorn.forge.json (2)
[18May2026 14:31:15.757] [main/DEBUG] [mixin/]: Preparing betterendisland.mixins.json (9)
[18May2026 14:31:15.765] [main/DEBUG] [mixin/]: Preparing betterendisland_forge.mixins.json (0)
[18May2026 14:31:15.765] [main/DEBUG] [mixin/]: Preparing monolib.mixins.json (2)
[18May2026 14:31:15.766] [main/DEBUG] [mixin/]: Preparing monolib.forge.mixins.json (3)
[18May2026 14:31:15.766] [main/DEBUG] [mixin/]: Preparing nitrogen_internals.mixins.json (0)
[18May2026 14:31:15.766] [main/DEBUG] [mixin/]: Preparing hugestructureblocks.mixins.json (6)
[18May2026 14:31:15.777] [main/DEBUG] [mixin/]: Preparing mixins.runecraft.json (1)
[18May2026 14:31:15.777] [main/DEBUG] [mixin/]: Preparing arclight.mixins.json (0)
[18May2026 14:31:15.777] [main/DEBUG] [mixin/]: Preparing soulsweapons.mixins.json (25)
[18May2026 14:31:15.793] [main/DEBUG] [mixin/]: Preparing lithium.mixins.json (220)
[18May2026 14:31:15.805] [main/WARN] [Radium Config/]: Force-disabling mixin 'alloc.blockstate.StateMixin' as option 'mixin.alloc.blockstate' (added by mods [ferritecore]) disables it and children
[18May2026 14:31:15.967] [main/DEBUG] [net.minecraftforge.coremod.transformer.CoreModBaseTransformer/COREMOD]: Transforming m_218868_ with desc ()Ljava/util/OptionalInt;
[18May2026 14:31:16.009] [main/DEBUG] [mixin/]: Preparing too_many_bows.mixins.json (2)
[18May2026 14:31:16.010] [main/DEBUG] [mixin/]: Preparing lithostitched.mixins.json (18)
[18May2026 14:31:16.037] [main/DEBUG] [mixin/]: Preparing lithostitched.forge.mixins.json (2)
[18May2026 14:31:16.041] [main/DEBUG] [mixin/]: Preparing irons_lib.mixins.json (9)
[18May2026 14:31:16.041] [main/DEBUG] [mixin/]: Preparing attributefix.mixins.json (1)
[18May2026 14:31:16.042] [main/DEBUG] [mixin/]: Preparing xaerolib.mixins.json (5)
[18May2026 14:31:16.042] [main/DEBUG] [mixin/]: Preparing xaerolib.forge.mixins.json (0)
[18May2026 14:31:16.042] [main/DEBUG] [mixin/]: Preparing caelus.mixins.json (4)
[18May2026 14:31:16.044] [main/DEBUG] [mixin/]: Preparing obscure_api.mixins.json (6)
[18May2026 14:31:16.045] [main/DEBUG] [mixin/]: Preparing mixins.epicfight.json (39)
[18May2026 14:31:16.057] [main/DEBUG] [mixin/]: Preparing mixins.wom.json (1)
[18May2026 14:31:16.060] [main/DEBUG] [mixin/]: Preparing fastsuite.mixins.json (4)
[18May2026 14:31:16.063] [main/DEBUG] [mixin/]: Preparing clumps.mixins.json (2)
[18May2026 14:31:16.066] [main/DEBUG] [mixin/]: Preparing mixins.travelersbackpack.json (2)
[18May2026 14:31:16.070] [main/DEBUG] [mixin/]: Preparing smarterfarmers-common.mixins.json (6)
[18May2026 14:31:16.072] [main/DEBUG] [mixin/]: Preparing smarterfarmers.mixins.json (1)
[18May2026 14:31:16.072] [main/DEBUG] [mixin/]: Preparing iceandfire.mixins.json (2)
[18May2026 14:31:16.073] [main/DEBUG] [mixin/]: Preparing memoryleakfix.mixins.json (7)
[18May2026 14:31:16.082] [main/DEBUG] [mixin/]: Preparing interaction_boxes.mixin.json (1)
[18May2026 14:31:16.083] [main/DEBUG] [mixin/]: Preparing ars_nouveau.mixins.json (31)
[18May2026 14:31:16.098] [main/DEBUG] [mixin/]: Preparing watut.mixins.json (9)
[18May2026 14:31:16.098] [main/DEBUG] [mixin/]: Preparing travelerstitles.mixins.json (3)
[18May2026 14:31:16.098] [main/DEBUG] [mixin/]: Preparing travelerstitles_forge.mixins.json (1)
[18May2026 14:31:16.099] [main/DEBUG] [mixin/]: Preparing emi.mixins.json (25)
[18May2026 14:31:16.099] [main/DEBUG] [mixin/]: Preparing emi-forge.mixins.json (0)
[18May2026 14:31:16.099] [main/DEBUG] [mixin/]: Preparing moonlight-common.mixins.json (40)
[18May2026 14:31:16.137] [main/DEBUG] [net.minecraftforge.coremod.transformer.CoreModBaseTransformer/COREMOD]: Transforming m_7373_ with desc (Lnet/minecraft/world/item/ItemStack;Lnet/minecraft/world/level/Level;Ljava/util/List;Lnet/minecraft/world/item/TooltipFlag;)V
[18May2026 14:31:16.160] [main/DEBUG] [mixin/]: Preparing moonlight.mixins.json (13)
[18May2026 14:31:16.174] [main/DEBUG] [mixin/]: Preparing mixinsquared.init.mixins.json (0)
[18May2026 14:31:16.174] [main/DEBUG] [mixin/]: Preparing corgilib-common.mixins.json (8)
[18May2026 14:31:16.182] [main/DEBUG] [mixin/]: Preparing iceberg.mixins.json (7)
[18May2026 14:31:16.206] [main/DEBUG] [mixin/]: Preparing xaerohud.mixins.json (21)
[18May2026 14:31:16.207] [main/DEBUG] [mixin/]: Preparing xaerohud.forge.mixins.json (0)
[18May2026 14:31:16.208] [main/DEBUG] [mixin/]: Preparing xaerominimap.mixins.json (0)
[18May2026 14:31:16.208] [main/DEBUG] [mixin/]: Preparing xaerominimap.forge.mixins.json (0)
[18May2026 14:31:16.208] [main/DEBUG] [mixin/]: Preparing fastbench.mixins.json (4)
[18May2026 14:31:16.271] [main/WARN] [mixin/]: Error loading class: vazkii/quark/addons/oddities/inventory/BackpackMenu (java.lang.ClassNotFoundException: vazkii.quark.addons.oddities.inventory.BackpackMenu)
[18May2026 14:31:16.271] [main/DEBUG] [mixin/]: Skipping virtual target vazkii.quark.addons.oddities.inventory.BackpackMenu for fastbench.mixins.json:MixinBackpackMenu
[18May2026 14:31:16.274] [main/WARN] [mixin/]: Error loading class: net/minecraft/client/gui/screens/inventory/CraftingScreen (java.lang.ClassNotFoundException: net.minecraft.client.gui.screens.inventory.CraftingScreen)
[18May2026 14:31:16.275] [main/WARN] [mixin/]: @Mixin target net.minecraft.client.gui.screens.inventory.CraftingScreen was not found fastbench.mixins.json:MixinCraftingScreen
[18May2026 14:31:16.276] [main/DEBUG] [mixin/]: Preparing mixins.irons_spellbooks.json (30)
[18May2026 14:31:16.339] [main/DEBUG] [net.minecraftforge.coremod.transformer.CoreModBaseTransformer/COREMOD]: Transforming getEnchantmentLevel with desc (Lnet/minecraft/world/item/enchantment/Enchantment;)I
[18May2026 14:31:16.347] [main/INFO] [net.minecraftforge.coremod.CoreMod.placebo/COREMODLOG]: Patching IForgeItemStack#getEnchantmentLevel
[18May2026 14:31:16.352] [main/DEBUG] [net.minecraftforge.coremod.transformer.CoreModBaseTransformer/COREMOD]: Transforming getAllEnchantments with desc ()Ljava/util/Map;
[18May2026 14:31:16.357] [main/INFO] [net.minecraftforge.coremod.CoreMod.placebo/COREMODLOG]: Patching IForgeItemStack#getEnchantmentLevel
[18May2026 14:31:16.383] [main/DEBUG] [mixin/]: Preparing hardcorerevival.mixins.json (7)
[18May2026 14:31:16.399] [main/DEBUG] [mixin/]: Preparing coroutil.mixins.json (0)
[18May2026 14:31:16.401] [main/DEBUG] [mixin/]: Preparing fastfurnace.mixins.json (1)
[18May2026 14:31:16.402] [main/DEBUG] [mixin/]: Preparing ferritecore.predicates.mixin.json (3)
[18May2026 14:31:16.404] [main/DEBUG] [mixin/]: Preparing ferritecore.fastmap.mixin.json (1)
[18May2026 14:31:16.408] [main/DEBUG] [mixin/]: Preparing ferritecore.mrl.mixin.json (2)
[18May2026 14:31:16.410] [main/DEBUG] [mixin/]: Preparing ferritecore.dedupmultipart.mixin.json (2)
[18May2026 14:31:16.410] [main/DEBUG] [mixin/]: Preparing ferritecore.blockstatecache.mixin.json (8)
[18May2026 14:31:16.424] [main/DEBUG] [mixin/]: @Mixin target net/minecraft/world/level/block/state/BlockBehaviour$BlockStateBase$Cache is public in ferritecore.blockstatecache.mixin.json:BlockStateCacheMixin and should be specified in value
[18May2026 14:31:16.426] [main/DEBUG] [mixin/]: Preparing ferritecore.dedupbakedquad.mixin.json (2)
[18May2026 14:31:16.429] [main/DEBUG] [mixin/]: Preparing ferritecore.threaddetec.mixin.json (1)
[18May2026 14:31:16.430] [main/DEBUG] [mixin/]: Preparing ferritecore.modelsides.mixin.json (1)
[18May2026 14:31:16.432] [main/DEBUG] [mixin/]: Preparing mythsandlegends-common.mixins.json (0)
[18May2026 14:31:16.432] [main/DEBUG] [mixin/]: Preparing mythsandlegends-common.cobblemon.mixins.json (4)
[18May2026 14:31:16.464] [main/DEBUG] [mixin/]: Preparing mythsandlegends.mixins.json (0)
[18May2026 14:31:16.468] [main/DEBUG] [mixin/]: Preparing aquamirae.mixins.json (3)
[18May2026 14:31:16.473] [main/DEBUG] [net.minecraftforge.coremod.transformer.CoreModBaseTransformer/COREMOD]: Transforming m_7626_ with desc (Lnet/minecraft/world/item/ItemStack;)Lnet/minecraft/network/chat/Component;
[18May2026 14:31:16.481] [main/DEBUG] [mixin/]: Preparing cristellib-common.mixins.json (1)
[18May2026 14:31:16.486] [main/DEBUG] [mixin/]: Preparing cristellib.mixins.json (0)
[18May2026 14:31:16.486] [main/DEBUG] [mixin/]: Preparing mixinextras.init.mixins.json (0)
[18May2026 14:31:16.486] [main/DEBUG] [mixin/]: Preparing tlskincape-mixins.json (4)
[18May2026 14:31:16.487] [main/ERROR] [net.minecraftforge.fml.loading.RuntimeDistCleaner/DISTXFORM]: Attempted to load class net/minecraft/client/player/AbstractClientPlayer for invalid dist DEDICATED_SERVER
[18May2026 14:31:16.488] [main/WARN] [mixin/]: Error loading class: net/minecraft/client/player/AbstractClientPlayer (java.lang.RuntimeException: Attempted to load class net/minecraft/client/player/AbstractClientPlayer for invalid dist DEDICATED_SERVER)
[18May2026 14:31:16.488] [main/WARN] [mixin/]: @Mixin target net.minecraft.client.player.AbstractClientPlayer was not found tlskincape-mixins.json:MixinAbstractPlayer
[18May2026 14:31:16.489] [main/ERROR] [net.minecraftforge.fml.loading.RuntimeDistCleaner/DISTXFORM]: Attempted to load class net/minecraft/client/gui/screens/TitleScreen for invalid dist DEDICATED_SERVER
[18May2026 14:31:16.490] [main/WARN] [mixin/]: Error loading class: net/minecraft/client/gui/screens/TitleScreen (java.lang.RuntimeException: Attempted to load class net/minecraft/client/gui/screens/TitleScreen for invalid dist DEDICATED_SERVER)
[18May2026 14:31:16.490] [main/WARN] [mixin/]: @Mixin target net.minecraft.client.gui.screens.TitleScreen was not found tlskincape-mixins.json:MixinMainMenu
[18May2026 14:31:16.492] [main/WARN] [mixin/]: Error loading class: net/minecraft/client/model/PlayerModel (java.lang.ClassNotFoundException: net.minecraft.client.model.PlayerModel)
[18May2026 14:31:16.494] [main/WARN] [mixin/]: @Mixin target net.minecraft.client.model.PlayerModel was not found tlskincape-mixins.json:MixinPlayerModel
[18May2026 14:31:16.494] [main/DEBUG] [mixin/]: Preparing mixins.weaponmaster.json (5)
[18May2026 14:31:16.497] [main/INFO] [memoryleakfix/]: [MemoryLeakFix] Will be applying 1 memory leak fixes!
[18May2026 14:31:16.498] [main/INFO] [memoryleakfix/]: [MemoryLeakFix] Currently enabled memory leak fixes: [biomeTemperatureLeak]
[18May2026 14:31:16.551] [main/DEBUG] [mixin/]: Inner class org/embeddedt/modernfix/common/mixin/perf/forge_registry_alloc/DebugLevelSourceMixin$1 in org/embeddedt/modernfix/common/mixin/perf/forge_registry_alloc/DebugLevelSourceMixin on net/minecraft/world/level/levelgen/DebugLevelSource gets unique name net/minecraft/world/level/levelgen/DebugLevelSource$Anonymous$7a9abb464f6840b189118173523f67e9
[18May2026 14:31:16.602] [main/DEBUG] [mixin/]: Inner class forge/com/cursee/more_bows_and_arrows/mixin/DispenserBlockMixin$1 in forge/com/cursee/more_bows_and_arrows/mixin/DispenserBlockMixin on net/minecraft/world/level/block/DispenserBlock gets unique name net/minecraft/world/level/block/DispenserBlock$Anonymous$065f1e8cfed64c69a4f65ccfc5d2a70f
[18May2026 14:31:16.632] [main/DEBUG] [mixin/]: Inner class me/jellysquid/mods/lithium/mixin/ai/poi/SerializingRegionBasedStorageMixin$1 in me/jellysquid/mods/lithium/mixin/ai/poi/SerializingRegionBasedStorageMixin on net/minecraft/world/level/chunk/storage/SectionStorage gets unique name net/minecraft/world/level/chunk/storage/SectionStorage$Anonymous$f8869f423ff24e0193932d6b238c5301
[18May2026 14:31:16.642] [main/DEBUG] [mixin/]: Inner class me/jellysquid/mods/lithium/mixin/chunk/palette/PalettedContainerMixin$2 in me/jellysquid/mods/lithium/mixin/chunk/palette/PalettedContainerMixin on net/minecraft/world/level/chunk/PalettedContainer$Strategy gets unique name net/minecraft/world/level/chunk/PalettedContainer$Strategy$Anonymous$750a4f2a1d4b43269c291182ac60d43a
[18May2026 14:31:16.643] [main/DEBUG] [mixin/]: Inner class me/jellysquid/mods/lithium/mixin/chunk/palette/PalettedContainerMixin$1 in me/jellysquid/mods/lithium/mixin/chunk/palette/PalettedContainerMixin on net/minecraft/world/level/chunk/PalettedContainer$Strategy gets unique name net/minecraft/world/level/chunk/PalettedContainer$Strategy$Anonymous$02125d2b7ff345a9b6782678ad76a414
[18May2026 14:31:16.698] [main/DEBUG] [mixin/]: Inner class io/redspace/ironsspellbooks/mixin/DispenserBlockMixin$1 in io/redspace/ironsspellbooks/mixin/DispenserBlockMixin on net/minecraft/world/level/block/DispenserBlock gets unique name net/minecraft/world/level/block/DispenserBlock$Anonymous$bc31878901814b89bef2deb5fa5a63c6
[18May2026 14:31:16.707] [main/DEBUG] [mixin/]: Prepared 687 mixins in 3.301 sec (4.8ms avg) (0ms load, 0ms transform, 0ms plugin)
[18May2026 14:31:16.708] [Thread-0/INFO] [STDERR/]: [java.lang.ThreadGroup:uncaughtException:1077]: java.util.ConcurrentModificationException
[18May2026 14:31:16.709] [Thread-0/INFO] [STDERR/]: [java.lang.ThreadGroup:uncaughtException:1077]: 	at java.base/java.util.HashMap$HashIterator.nextNode(HashMap.java:1597)
[18May2026 14:31:16.709] [Thread-0/INFO] [STDERR/]: [java.lang.ThreadGroup:uncaughtException:1077]: 	at java.base/java.util.HashMap$ValueIterator.next(HashMap.java:1625)
[18May2026 14:31:16.709] [Thread-0/INFO] [STDERR/]: [java.lang.ThreadGroup:uncaughtException:1077]: 	at MC-BOOTSTRAP/cpw.mods.modlauncher@10.0.9/cpw.mods.modlauncher.LaunchPluginHandler.computeLaunchPluginTransformerSet(LaunchPluginHandler.java:68)
[18May2026 14:31:16.712] [Thread-0/INFO] [STDERR/]: [java.lang.ThreadGroup:uncaughtException:1077]: 	at MC-BOOTSTRAP/cpw.mods.modlauncher@10.0.9/cpw.mods.modlauncher.ClassTransformer.transform(ClassTransformer.java:64)
[18May2026 14:31:16.712] [Thread-0/INFO] [STDERR/]: [java.lang.ThreadGroup:uncaughtException:1077]: 	at MC-BOOTSTRAP/cpw.mods.modlauncher@10.0.9/cpw.mods.modlauncher.TransformingClassLoader.maybeTransformClassBytes(TransformingClassLoader.java:50)
[18May2026 14:31:16.712] [Thread-0/INFO] [STDERR/]: [java.lang.ThreadGroup:uncaughtException:1077]: 	at cpw.mods.securejarhandler/cpw.mods.cl.ModuleClassLoader.readerToClass(ModuleClassLoader.java:113)
[18May2026 14:31:16.713] [Thread-0/INFO] [STDERR/]: [java.lang.ThreadGroup:uncaughtException:1077]: 	at cpw.mods.securejarhandler/cpw.mods.cl.ModuleClassLoader.lambda$findClass$15(ModuleClassLoader.java:219)
[18May2026 14:31:16.713] [Thread-0/INFO] [STDERR/]: [java.lang.ThreadGroup:uncaughtException:1077]: 	at cpw.mods.securejarhandler/cpw.mods.cl.ModuleClassLoader.loadFromModule(ModuleClassLoader.java:229)
[18May2026 14:31:16.714] [Thread-0/INFO] [STDERR/]: [java.lang.ThreadGroup:uncaughtException:1077]: 	at cpw.mods.securejarhandler/cpw.mods.cl.ModuleClassLoader.findClass(ModuleClassLoader.java:219)
[18May2026 14:31:16.715] [Thread-0/INFO] [STDERR/]: [java.lang.ThreadGroup:uncaughtException:1077]: 	at cpw.mods.securejarhandler/cpw.mods.cl.ModuleClassLoader.loadClass(ModuleClassLoader.java:135)
[18May2026 14:31:16.715] [Thread-0/INFO] [STDERR/]: [java.lang.ThreadGroup:uncaughtException:1077]: 	at java.base/java.lang.ClassLoader.loadClass(ClassLoader.java:525)
[18May2026 14:31:16.715] [Thread-0/INFO] [STDERR/]: [java.lang.ThreadGroup:uncaughtException:1077]: 	at TRANSFORMER/modernfix@5.27.24+mc1.20.1/org.embeddedt.modernfix.forge.config.NightConfigWatchThrottler$1.values(NightConfigWatchThrottler.java:37)
[18May2026 14:31:16.715] [Thread-0/INFO] [STDERR/]: [java.lang.ThreadGroup:uncaughtException:1077]: 	at MC-BOOTSTRAP/com.electronwill.nightconfig.core@3.6.4/com.electronwill.nightconfig.core.file.FileWatcher$WatcherThread.run(FileWatcher.java:162)
[18May2026 14:31:16.721] [main/INFO] [MixinExtras|Service/]: Initializing MixinExtras via com.llamalad7.mixinextras.service.MixinExtrasServiceImpl(version=0.5.3).
[18May2026 14:31:16.723] [main/DEBUG] [mixin/]: Registering new injector for @SugarWrapper with com.llamalad7.mixinextras.sugar.impl.SugarWrapperInjectionInfo
[18May2026 14:31:16.723] [main/DEBUG] [mixin/]: Registering new injector for @FactoryRedirectWrapper with com.llamalad7.mixinextras.wrapper.factory.FactoryRedirectWrapperInjectionInfo
[18May2026 14:31:16.724] [main/DEBUG] [mixin/]: Registering new injector for @ExpressionInjectorWrapper with com.llamalad7.mixinextras.expression.impl.wrapper.ExpressionInjectorWrapperInjectionInfo
[18May2026 14:31:16.736] [main/DEBUG] [mixin/]: Mixing MainMixin from iceberg.mixins.json into net.minecraft.server.Main
[18May2026 14:31:16.867] [main/DEBUG] [mixin/]: Mixing perf.fix_loop_spin_waiting.MinecraftServerMixin from modernfix-modernfix.mixins.json into net.minecraft.server.MinecraftServer
[18May2026 14:31:16.875] [main/DEBUG] [mixin/]: Mixing MixinMinecraftServer from xaeroworldmap.mixins.json into net.minecraft.server.MinecraftServer
[18May2026 14:31:16.876] [main/DEBUG] [mixin/]: Mixing perf.dedicated_reload_executor.MinecraftServerMixin from modernfix-modernfix.mixins.json into net.minecraft.server.MinecraftServer
[18May2026 14:31:16.878] [main/DEBUG] [mixin/]: Mixing core.MinecraftServerMixin from modernfix-modernfix.mixins.json into net.minecraft.server.MinecraftServer
[18May2026 14:31:16.878] [main/DEBUG] [mixin/]: Renaming synthetic method lambda$mfix$endReloadTrack$0(Ljava/lang/Void;)V to md740d9a$lambda$mfix$endReloadTrack$0$0 in modernfix-modernfix.mixins.json:core.MinecraftServerMixin
[18May2026 14:31:16.888] [main/DEBUG] [mixin/]: Mixing MinecraftServerMixin from citadel.mixins.json into net.minecraft.server.MinecraftServer
[18May2026 14:31:16.893] [main/DEBUG] [mixin/]: Mixing MinecraftServerMixin from balm.mixins.json into net.minecraft.server.MinecraftServer
[18May2026 14:31:16.894] [main/DEBUG] [mixin/]: Renaming synthetic method lambda$reloadResources$0(Ljava/lang/Void;)V to md740d9a$lambda$reloadResources$0$1 in balm.mixins.json:MinecraftServerMixin
[18May2026 14:31:16.898] [main/DEBUG] [mixin/]: Mixing MinecraftServerMixin from moonlight.mixins.json into net.minecraft.server.MinecraftServer
[18May2026 14:31:16.941] [main/DEBUG] [mixin/]: Mixing MixinMinecraftServer from xaerohud.mixins.json into net.minecraft.server.MinecraftServer
[18May2026 14:31:17.103] [main/DEBUG] [mixin/]: Mixing common.GameTestServerMixin from lithostitched.mixins.json into net.minecraft.gametest.framework.GameTestServer
[18May2026 14:31:17.113] [main/DEBUG] [mixin/]: Mixing server.DedicatedServerMixin from lithostitched.mixins.json into net.minecraft.server.dedicated.DedicatedServer
[18May2026 14:31:17.131] [main/DEBUG] [io.netty.util.internal.logging.InternalLoggerFactory/]: Using SLF4J as the default logging framework
[18May2026 14:31:17.134] [main/DEBUG] [io.netty.util.ResourceLeakDetector/]: -Dio.netty.leakDetection.level: simple
[18May2026 14:31:17.134] [main/DEBUG] [io.netty.util.ResourceLeakDetector/]: -Dio.netty.leakDetection.targetRecords: 4
[18May2026 14:31:17.232] [main/DEBUG] [mixin/]: Mixing perf.tag_id_caching.TagOrElementLocationMixin from modernfix-modernfix.mixins.json into net.minecraft.util.ExtraCodecs$TagOrElementLocation
[18May2026 14:31:17.306] [main/DEBUG] [mixin/]: Mixing CrashReportMixin from mixins.cobblemon-common.json into net.minecraft.CrashReport
[18May2026 14:31:17.345] [main/DEBUG] [oshi.util.FileUtil/]: No oshi.properties file found from ClassLoader cpw.mods.modlauncher.TransformingClassLoader@661e279d
[18May2026 14:31:17.345] [main/DEBUG] [oshi.util.FileUtil/]: No oshi.properties file found from ClassLoader jdk.internal.loader.ClassLoaders$AppClassLoader@76ed5528
[18May2026 14:31:17.409] [main/DEBUG] [oshi.util.FileUtil/]: Reading file /proc/self/auxv
[18May2026 14:31:17.409] [main/DEBUG] [oshi.util.FileUtil/]: Reading file /proc/self/auxv
[18May2026 14:31:17.428] [main/DEBUG] [oshi.util.FileUtil/]: Reading file /proc/stat
[18May2026 14:31:17.438] [main/DEBUG] [oshi.util.FileUtil/]: Reading file /sys/devices/system/cpu/cpu0/topology/core_id
[18May2026 14:31:17.438] [main/DEBUG] [oshi.util.FileUtil/]: Reading file /sys/devices/system/cpu/cpu0/topology/core_id
[18May2026 14:31:17.438] [main/DEBUG] [oshi.util.FileUtil/]: Reading file /sys/devices/system/cpu/cpu0/topology/physical_package_id
[18May2026 14:31:17.438] [main/DEBUG] [oshi.util.FileUtil/]: Reading file /sys/devices/system/cpu/cpu0/topology/physical_package_id
[18May2026 14:31:17.439] [main/DEBUG] [oshi.util.FileUtil/]: Reading file /sys/devices/system/cpu/cpu0/cpu_capacity
[18May2026 14:31:17.440] [main/DEBUG] [oshi.util.FileUtil/]: Reading file /sys/devices/system/cpu/cpu1/topology/core_id
[18May2026 14:31:17.440] [main/DEBUG] [oshi.util.FileUtil/]: Reading file /sys/devices/system/cpu/cpu1/topology/core_id
[18May2026 14:31:17.440] [main/DEBUG] [oshi.util.FileUtil/]: Reading file /sys/devices/system/cpu/cpu1/topology/physical_package_id
[18May2026 14:31:17.440] [main/DEBUG] [oshi.util.FileUtil/]: Reading file /sys/devices/system/cpu/cpu1/topology/physical_package_id
[18May2026 14:31:17.441] [main/DEBUG] [oshi.util.FileUtil/]: Reading file /sys/devices/system/cpu/cpu1/cpu_capacity
[18May2026 14:31:17.441] [main/DEBUG] [oshi.util.FileUtil/]: Reading file /sys/devices/system/cpu/cpu2/topology/core_id
[18May2026 14:31:17.441] [main/DEBUG] [oshi.util.FileUtil/]: Reading file /sys/devices/system/cpu/cpu2/topology/core_id
[18May2026 14:31:17.441] [main/DEBUG] [oshi.util.FileUtil/]: Reading file /sys/devices/system/cpu/cpu2/topology/physical_package_id
[18May2026 14:31:17.441] [main/DEBUG] [oshi.util.FileUtil/]: Reading file /sys/devices/system/cpu/cpu2/topology/physical_package_id
[18May2026 14:31:17.441] [main/DEBUG] [oshi.util.FileUtil/]: Reading file /sys/devices/system/cpu/cpu2/cpu_capacity
[18May2026 14:31:17.443] [main/DEBUG] [oshi.util.FileUtil/]: Reading file /sys/devices/system/cpu/cpu3/topology/core_id
[18May2026 14:31:17.443] [main/DEBUG] [oshi.util.FileUtil/]: Reading file /sys/devices/system/cpu/cpu3/topology/core_id
[18May2026 14:31:17.443] [main/DEBUG] [oshi.util.FileUtil/]: Reading file /sys/devices/system/cpu/cpu3/topology/physical_package_id
[18May2026 14:31:17.443] [main/DEBUG] [oshi.util.FileUtil/]: Reading file /sys/devices/system/cpu/cpu3/topology/physical_package_id
[18May2026 14:31:17.443] [main/DEBUG] [oshi.util.FileUtil/]: Reading file /sys/devices/system/cpu/cpu3/cpu_capacity
[18May2026 14:31:17.446] [main/DEBUG] [oshi.util.FileUtil/]: Reading file /proc/cpuinfo
[18May2026 14:31:17.483] [main/DEBUG] [oshi.util.FileUtil/]: Reading file /proc/self/auxv
[18May2026 14:31:17.492] [main/DEBUG] [oshi.util.FileUtil/]: No oshi.architecture.properties file found from ClassLoader cpw.mods.modlauncher.TransformingClassLoader@661e279d
[18May2026 14:31:17.495] [main/DEBUG] [oshi.util.FileUtil/]: No oshi.architecture.properties file found from ClassLoader jdk.internal.loader.ClassLoaders$AppClassLoader@76ed5528
[18May2026 14:31:17.541] [main/DEBUG] [oshi.util.FileUtil/]: Reading file /proc/meminfo
[18May2026 14:31:17.545] [main/DEBUG] [oshi.util.FileUtil/]: Reading file /proc/meminfo
[18May2026 14:31:17.553] [main/DEBUG] [mixin/]: Mixing perf.thread_priorities.UtilMixin from modernfix-modernfix.mixins.json into net.minecraft.Util
[18May2026 14:31:17.557] [main/DEBUG] [mixin/]: Renaming synthetic method lambda$adjustPriorityOfThreadFactory$0(Ljava/util/concurrent/ForkJoinPool$ForkJoinWorkerThreadFactory;Ljava/util/concurrent/ForkJoinPool;)Ljava/util/concurrent/ForkJoinWorkerThread; to md740d9a$lambda$adjustPriorityOfThreadFactory$0$0 in modernfix-modernfix.mixins.json:perf.thread_priorities.UtilMixin
[18May2026 14:31:17.559] [main/DEBUG] [mixin/]: Mixing UtilMixin from forge-more_bows_and_arrows.forge.mixins.json into net.minecraft.Util
[18May2026 14:31:17.618] [main/DEBUG] [mixin/]: Mixing math.sine_lut.MixinMathHelper from lithium.mixins.json into net.minecraft.util.Mth
[18May2026 14:31:17.620] [main/DEBUG] [mixin/]: lithium.mixins.json:math.sine_lut.MixinMathHelper: Class version 61 required is higher than the class version supported by the current version of Mixin (JAVA_16 supports class version 60)
[18May2026 14:31:17.680] [main/DEBUG] [mixin/]: Mixing core.BootstrapMixin from modernfix-modernfix.mixins.json into net.minecraft.server.Bootstrap
[18May2026 14:31:17.701] [main/DEBUG] [mixin/]: Mixing feature.measure_time.BootstrapMixin from modernfix-modernfix.mixins.json into net.minecraft.server.Bootstrap
[18May2026 14:31:17.735] [main/INFO] [net.minecraft.server.Bootstrap/]: ModernFix reached bootstrap stage (15.92 s after launch)
[18May2026 14:31:17.783] [main/DEBUG] [mixin/]: Mixing RegistriesMixin from projectile_damage.mixins.json into net.minecraft.core.registries.BuiltInRegistries
[18May2026 14:31:17.806] [main/DEBUG] [mixin/]: Mixing bugfix.concurrency.MappedRegistryMixin from modernfix-modernfix.mixins.json into net.minecraft.core.MappedRegistry
[18May2026 14:31:17.826] [main/DEBUG] [mixin/]: Mixing perf.mojang_registry_size.MappedRegistryMixin from modernfix-modernfix.mixins.json into net.minecraft.core.MappedRegistry
[18May2026 14:31:17.848] [main/DEBUG] [mixin/]: Mixing perf.compact_mojang_registries.MappedRegistryMixin from modernfix-modernfix.mixins.json into net.minecraft.core.MappedRegistry
[18May2026 14:31:17.869] [main/DEBUG] [mixin/]: Mixing common.MappedRegistryAccessor from lithostitched.mixins.json into net.minecraft.core.MappedRegistry
[18May2026 14:31:17.972] [main/DEBUG] [mixin/]: Mixing inject.MixinGameEvent from architectury-common.mixins.json into net.minecraft.world.level.gameevent.GameEvent
[18May2026 14:31:17.978] [main/DEBUG] [mixin/]: Mixing common.HolderReferenceAccessor from lithostitched.mixins.json into net.minecraft.core.Holder$Reference
[18May2026 14:31:17.984] [main/DEBUG] [mixin/]: Mixing perf.object_holder_cleanup.GameDataMixin from modernfix-modernfix.mixins.json into net.minecraftforge.registries.GameData
[18May2026 14:31:17.985] [main/DEBUG] [mixin/]: Mixing core.GameDataMixin from modernfix-modernfix.mixins.json into net.minecraftforge.registries.GameData
[18May2026 14:31:17.996] [main/DEBUG] [mixin/]: Mixing perf.fast_registry_validation.ForgeRegistryMixin from modernfix-modernfix.mixins.json into net.minecraftforge.registries.ForgeRegistry
[18May2026 14:31:18.004] [main/DEBUG] [mixin/]: Mixing perf.forge_registry_alloc.ForgeRegistryMixin from modernfix-modernfix.mixins.json into net.minecraftforge.registries.ForgeRegistry
[18May2026 14:31:18.026] [main/WARN] [mixin/]: @Final field delegatesByName:Ljava/util/Map; in modernfix-modernfix.mixins.json:perf.forge_registry_alloc.ForgeRegistryMixin should be final
[18May2026 14:31:18.027] [main/WARN] [mixin/]: @Final field delegatesByValue:Ljava/util/Map; in modernfix-modernfix.mixins.json:perf.forge_registry_alloc.ForgeRegistryMixin should be final
[18May2026 14:31:18.050] [main/DEBUG] [mixin/]: Mixing perf.reduce_blockstate_cache_rebuilds.BlockCallbacksMixin from modernfix-modernfix.mixins.json into net.minecraftforge.registries.GameData$BlockCallbacks
[18May2026 14:31:18.062] [main/DEBUG] [mixin/]: Mixing perf.forge_registry_alloc.DelegateHolderMixin from modernfix-modernfix.mixins.json into net.minecraft.world.level.block.Block
[18May2026 14:31:18.066] [main/DEBUG] [mixin/]: Mixing inject.MixinBlock from architectury-common.mixins.json into net.minecraft.world.level.block.Block
[18May2026 14:31:18.067] [main/DEBUG] [mixin/]: Mixing BlockMixin from mixins.adorn.common.json into net.minecraft.world.level.block.Block
[18May2026 14:31:18.067] [main/DEBUG] [mixin/]: mixins.adorn.common.json:BlockMixin: Class version 61 required is higher than the class version supported by the current version of Mixin (JAVA_16 supports class version 60)
[18May2026 14:31:18.070] [main/DEBUG] [mixin/]: Mixing ai.pathing.MixinBlock from lithium.mixins.json into net.minecraft.world.level.block.Block
[18May2026 14:31:18.071] [main/DEBUG] [mixin/]: lithium.mixins.json:ai.pathing.MixinBlock: Class version 61 required is higher than the class version supported by the current version of Mixin (JAVA_16 supports class version 60)
[18May2026 14:31:18.077] [main/DEBUG] [mixin/]: Mixing shapes.blockstate_cache.BlockMixin from lithium.mixins.json into net.minecraft.world.level.block.Block
[18May2026 14:31:18.078] [main/DEBUG] [mixin/]: lithium.mixins.json:shapes.blockstate_cache.BlockMixin: Class version 61 required is higher than the class version supported by the current version of Mixin (JAVA_16 supports class version 60)
[18May2026 14:31:18.078] [main/DEBUG] [mixin/]: Renaming synthetic method lambda$static$0(Lnet/minecraft/world/phys/shapes/VoxelShape;)Z to md740d9a$lambda$static$0$0 in lithium.mixins.json:shapes.blockstate_cache.BlockMixin
[18May2026 14:31:18.120] [main/DEBUG] [mixin/]: Mixing math.fast_blockpos.BlockPosMixin from lithium.mixins.json into net.minecraft.core.BlockPos
[18May2026 14:31:18.123] [main/DEBUG] [mixin/]: lithium.mixins.json:math.fast_blockpos.BlockPosMixin: Class version 61 required is higher than the class version supported by the current version of Mixin (JAVA_16 supports class version 60)
[18May2026 14:31:18.181] [main/DEBUG] [mixin/]: Mixing perf.reduce_blockstate_cache_rebuilds.BlockStateBaseMixin from modernfix-modernfix.mixins.json into net.minecraft.world.level.block.state.BlockBehaviour$BlockStateBase
[18May2026 14:31:18.201] [main/DEBUG] [mixin/]: Mixing ai.pathing.AbstractBlockStateMixin from lithium.mixins.json into net.minecraft.world.level.block.state.BlockBehaviour$BlockStateBase
[18May2026 14:31:18.208] [main/DEBUG] [mixin/]: lithium.mixins.json:ai.pathing.AbstractBlockStateMixin: Class version 61 required is higher than the class version supported by the current version of Mixin (JAVA_16 supports class version 60)
[18May2026 14:31:18.231] [main/DEBUG] [mixin/]: Mixing util.block_tracking.AbstractBlockStateMixin from lithium.mixins.json into net.minecraft.world.level.block.state.BlockBehaviour$BlockStateBase
[18May2026 14:31:18.231] [main/DEBUG] [mixin/]: lithium.mixins.json:util.block_tracking.AbstractBlockStateMixin: Class version 61 required is higher than the class version supported by the current version of Mixin (JAVA_16 supports class version 60)
[18May2026 14:31:18.239] [main/DEBUG] [mixin/]: Mixing redstone.RedstoneLevelMixin from ars_nouveau.mixins.json into net.minecraft.world.level.block.state.BlockBehaviour$BlockStateBase
[18May2026 14:31:18.243] [main/DEBUG] [mixin/]: Mixing BlockBehaviorUse from watut.mixins.json into net.minecraft.world.level.block.state.BlockBehaviour$BlockStateBase
[18May2026 14:31:18.249] [main/DEBUG] [mixin/]: Mixing BlockStateBaseMixin from ferritecore.blockstatecache.mixin.json into net.minecraft.world.level.block.state.BlockBehaviour$BlockStateBase
[18May2026 14:31:18.321] [main/INFO] [ModernFix/]: Injecting BlockStateBase cache population hook into getNeighborPathNodeType from me.jellysquid.mods.lithium.mixin.ai.pathing.AbstractBlockStateMixin
[18May2026 14:31:18.322] [main/INFO] [ModernFix/]: Injecting BlockStateBase cache population hook into getPathNodeType from me.jellysquid.mods.lithium.mixin.ai.pathing.AbstractBlockStateMixin
[18May2026 14:31:18.322] [main/INFO] [ModernFix/]: Injecting BlockStateBase cache population hook into getAllFlags from me.jellysquid.mods.lithium.mixin.util.block_tracking.AbstractBlockStateMixin
[18May2026 14:31:18.339] [main/DEBUG] [mixin/]: Mixing FastMapStateHolderMixin from ferritecore.fastmap.mixin.json into net.minecraft.world.level.block.state.StateHolder
[18May2026 14:31:18.393] [main/DEBUG] [mixin/]: Mixing entity.collisions.fluid.EntityMixin from lithium.mixins.json into net.minecraft.world.entity.Entity
[18May2026 14:31:18.397] [main/DEBUG] [mixin/]: lithium.mixins.json:entity.collisions.fluid.EntityMixin: Class version 61 required is higher than the class version supported by the current version of Mixin (JAVA_16 supports class version 60)
[18May2026 14:31:18.448] [main/DEBUG] [mixin/]: Mixing common.EntityMixin from aether.mixins.json into net.minecraft.world.entity.Entity
[18May2026 14:31:18.487] [main/DEBUG] [mixin/]: Mixing common.accessor.EntityAccessor from aether.mixins.json into net.minecraft.world.entity.Entity
[18May2026 14:31:18.488] [main/DEBUG] [mixin/]: Mixing EntityMixin from goety.mixins.json into net.minecraft.world.entity.Entity
[18May2026 14:31:18.530] [main/DEBUG] [mixin/]: Mixing bugfix.chunk_deadlock.EntityMixin from modernfix-modernfix.mixins.json into net.minecraft.world.entity.Entity
[18May2026 14:31:18.532] [main/DEBUG] [mixin/]: Mixing SMixin from mixins.sololeveling.json into net.minecraft.world.entity.Entity
[18May2026 14:31:18.532] [main/DEBUG] [mixin/]: Mixing EntityMixin from balm.mixins.json into net.minecraft.world.entity.Entity
[18May2026 14:31:18.535] [main/DEBUG] [mixin/]: Mixing RollMixin from block_factorys_bosses.mixins.json into net.minecraft.world.entity.Entity
[18May2026 14:31:18.537] [main/DEBUG] [mixin/]: Mixing EntityMixin from lionfishapi.mixins.json into net.minecraft.world.entity.Entity
[18May2026 14:31:18.564] [main/DEBUG] [mixin/]: Mixing AccessorEntity from curios.mixins.json into net.minecraft.world.entity.Entity
[18May2026 14:31:18.565] [main/DEBUG] [mixin/]: Mixing accessor.AccessorEntity from mixins.cobblemon-common.json into net.minecraft.world.entity.Entity
[18May2026 14:31:18.565] [main/DEBUG] [mixin/]: Mixing EntityMixin from soulsweapons.mixins.json into net.minecraft.world.entity.Entity
[18May2026 14:31:18.634] [main/DEBUG] [mixin/]: Mixing alloc.deep_passengers.EntityMixin from lithium.mixins.json into net.minecraft.world.entity.Entity
[18May2026 14:31:18.634] [main/DEBUG] [mixin/]: lithium.mixins.json:alloc.deep_passengers.EntityMixin: Class version 61 required is higher than the class version supported by the current version of Mixin (JAVA_16 supports class version 60)
[18May2026 14:31:18.648] [main/DEBUG] [mixin/]: Mixing collections.fluid_submersion.EntityMixin from lithium.mixins.json into net.minecraft.world.entity.Entity
[18May2026 14:31:18.649] [main/DEBUG] [mixin/]: lithium.mixins.json:collections.fluid_submersion.EntityMixin: Class version 61 required is higher than the class version supported by the current version of Mixin (JAVA_16 supports class version 60)
[18May2026 14:31:18.652] [main/DEBUG] [mixin/]: Mixing entity.collisions.movement.EntityMixin from lithium.mixins.json into net.minecraft.world.entity.Entity
[18May2026 14:31:18.652] [main/DEBUG] [mixin/]: lithium.mixins.json:entity.collisions.movement.EntityMixin: Class version 61 required is higher than the class version supported by the current version of Mixin (JAVA_16 supports class version 60)
[18May2026 14:31:18.661] [main/DEBUG] [mixin/]: Mixing entity.collisions.unpushable_cramming.EntityMixin from lithium.mixins.json into net.minecraft.world.entity.Entity
[18May2026 14:31:18.662] [main/DEBUG] [mixin/]: lithium.mixins.json:entity.collisions.unpushable_cramming.EntityMixin: Class version 61 required is higher than the class version supported by the current version of Mixin (JAVA_16 supports class version 60)
[18May2026 14:31:18.663] [main/DEBUG] [mixin/]: Mixing EntityWaterExtinguishMixin from too_many_bows.mixins.json into net.minecraft.world.entity.Entity
[18May2026 14:31:18.665] [main/DEBUG] [mixin/]: Mixing common.MixinEntity from mixins.epicfight.json into net.minecraft.world.entity.Entity
[18May2026 14:31:18.666] [main/DEBUG] [mixin/]: Renaming synthetic method lambda$epicfight$setOnGroundWithKnownMovement$1(Lyesman/epicfight/world/capabilities/entitypatch/LivingEntityPatch;)V to md740d9a$lambda$epicfight$setOnGroundWithKnownMovement$1$0 in mixins.epicfight.json:common.MixinEntity
[18May2026 14:31:18.666] [main/DEBUG] [mixin/]: Renaming synthetic method lambda$lerpMotion$0(Lorg/spongepowered/asm/mixin/injection/callback/CallbackInfo;Lyesman/epicfight/world/capabilities/entitypatch/LivingEntityPatch;)V to md740d9a$lambda$lerpMotion$0$1 in mixins.epicfight.json:common.MixinEntity
[18May2026 14:31:18.679] [main/DEBUG] [mixin/]: Mixing EntityMixin from ars_nouveau.mixins.json into net.minecraft.world.entity.Entity
[18May2026 14:31:18.681] [main/DEBUG] [mixin/]: Mixing rewind.RewindEntityMixin from ars_nouveau.mixins.json into net.minecraft.world.entity.Entity
[18May2026 14:31:18.687] [main/DEBUG] [mixin/]: Mixing MixinEntity from corgilib-common.mixins.json into net.minecraft.world.entity.Entity
[18May2026 14:31:18.688] [main/DEBUG] [mixin/]: Mixing EntityAccessor from mixins.irons_spellbooks.json into net.minecraft.world.entity.Entity
[18May2026 14:31:18.689] [main/DEBUG] [mixin/]: Mixing EntityMixin from mixins.irons_spellbooks.json into net.minecraft.world.entity.Entity
[18May2026 14:31:18.694] [main/DEBUG] [mixin/]: Mixing EntityMixin from hardcorerevival.mixins.json into net.minecraft.world.entity.Entity
[18May2026 14:31:18.809] [main/DEBUG] [net.minecraftforge.coremod.transformer.CoreModBaseTransformer/COREMOD]: Transforming m_46758_ with desc (Lnet/minecraft/core/BlockPos;)Z
[18May2026 14:31:18.853] [main/DEBUG] [mixin/]: Mixing LivingEntityMixin from uniquedungeons.mixin.json into net.minecraft.world.entity.LivingEntity
[18May2026 14:31:18.855] [main/DEBUG] [mixin/]: Mixing common.LivingEntityMixin from aether.mixins.json into net.minecraft.world.entity.LivingEntity
[18May2026 14:31:18.856] [main/DEBUG] [mixin/]: Mixing common.accessor.LivingEntityAccessor from aether.mixins.json into net.minecraft.world.entity.LivingEntity
[18May2026 14:31:18.856] [main/DEBUG] [mixin/]: Mixing LivingEntityMixin from goety.mixins.json into net.minecraft.world.entity.LivingEntity
[18May2026 14:31:18.865] [main/DEBUG] [mixin/]: Mixing perf.forge_cap_retrieval.LivingEntityMixin from modernfix-modernfix.mixins.json into net.minecraft.world.entity.LivingEntity
[18May2026 14:31:18.866] [main/DEBUG] [mixin/]: Mixing LivingEntityMixin from citadel.mixins.json into net.minecraft.world.entity.LivingEntity
[18May2026 14:31:18.868] [main/DEBUG] [mixin/]: Mixing LivingEntityMixin from projectile_damage.mixins.json into net.minecraft.world.entity.LivingEntity
[18May2026 14:31:18.869] [main/DEBUG] [mixin/]: Mixing LivingEntityMixin from cataclysm.mixins.json into net.minecraft.world.entity.LivingEntity
[18May2026 14:31:18.875] [main/DEBUG] [mixin/]: Mixing MixinLivingEntity from curios.mixins.json into net.minecraft.world.entity.LivingEntity
[18May2026 14:31:18.876] [main/DEBUG] [mixin/]: Mixing LivingEntityMixin from mixins.cobblemon-common.json into net.minecraft.world.entity.LivingEntity
[18May2026 14:31:18.879] [main/DEBUG] [mixin/]: Mixing LivingEntityInvoker from soulsweapons.mixins.json into net.minecraft.world.entity.LivingEntity
[18May2026 14:31:18.880] [main/DEBUG] [mixin/]: Mixing LivingEntityMixin from soulsweapons.mixins.json into net.minecraft.world.entity.LivingEntity
[18May2026 14:31:18.889] [main/DEBUG] [mixin/]: Mixing alloc.enum_values.living_entity.LivingEntityMixin from lithium.mixins.json into net.minecraft.world.entity.LivingEntity
[18May2026 14:31:18.890] [main/DEBUG] [mixin/]: lithium.mixins.json:alloc.enum_values.living_entity.LivingEntityMixin: Class version 61 required is higher than the class version supported by the current version of Mixin (JAVA_16 supports class version 60)
[18May2026 14:31:18.890] [main/DEBUG] [mixin/]: Mixing entity.collisions.unpushable_cramming.LivingEntityMixin from lithium.mixins.json into net.minecraft.world.entity.LivingEntity
[18May2026 14:31:18.890] [main/DEBUG] [mixin/]: lithium.mixins.json:entity.collisions.unpushable_cramming.LivingEntityMixin: Class version 61 required is higher than the class version supported by the current version of Mixin (JAVA_16 supports class version 60)
[18May2026 14:31:18.901] [main/DEBUG] [mixin/]: Mixing entity.fast_elytra_check.LivingEntityMixin from lithium.mixins.json into net.minecraft.world.entity.LivingEntity
[18May2026 14:31:18.902] [main/DEBUG] [mixin/]: lithium.mixins.json:entity.fast_elytra_check.LivingEntityMixin: Class version 61 required is higher than the class version supported by the current version of Mixin (JAVA_16 supports class version 60)
[18May2026 14:31:18.902] [main/DEBUG] [mixin/]: Mixing entity.fast_hand_swing.LivingEntityMixin from lithium.mixins.json into net.minecraft.world.entity.LivingEntity
[18May2026 14:31:18.902] [main/DEBUG] [mixin/]: lithium.mixins.json:entity.fast_hand_swing.LivingEntityMixin: Class version 61 required is higher than the class version supported by the current version of Mixin (JAVA_16 supports class version 60)
[18May2026 14:31:18.903] [main/DEBUG] [mixin/]: Mixing entity.fast_powder_snow_check.LivingEntityMixin from lithium.mixins.json into net.minecraft.world.entity.LivingEntity
[18May2026 14:31:18.903] [main/DEBUG] [mixin/]: lithium.mixins.json:entity.fast_powder_snow_check.LivingEntityMixin: Class version 61 required is higher than the class version supported by the current version of Mixin (JAVA_16 supports class version 60)
[18May2026 14:31:18.903] [main/DEBUG] [mixin/]: Mixing entity.skip_equipment_change_check.LivingEntityMixin from lithium.mixins.json into net.minecraft.world.entity.LivingEntity
[18May2026 14:31:18.904] [main/DEBUG] [mixin/]: lithium.mixins.json:entity.skip_equipment_change_check.LivingEntityMixin: Class version 61 required is higher than the class version supported by the current version of Mixin (JAVA_16 supports class version 60)
[18May2026 14:31:18.904] [main/DEBUG] [mixin/]: Renaming synthetic method lambda$static$0(Lnet/minecraft/world/item/ItemStack;)Z to md740d9a$lambda$static$0$0 in lithium.mixins.json:entity.skip_equipment_change_check.LivingEntityMixin
[18May2026 14:31:18.913] [main/DEBUG] [mixin/]: Mixing LivingEntityMixin from too_many_bows.mixins.json into net.minecraft.world.entity.LivingEntity
[18May2026 14:31:18.914] [main/DEBUG] [mixin/]: Mixing MixinLivingEntity from caelus.mixins.json into net.minecraft.world.entity.LivingEntity
[18May2026 14:31:18.915] [main/DEBUG] [mixin/]: Mixing MixinLivingEntity from obscure_api.mixins.json into net.minecraft.world.entity.LivingEntity
[18May2026 14:31:18.917] [main/DEBUG] [mixin/]: Mixing common.MixinLivingEntity from mixins.epicfight.json into net.minecraft.world.entity.LivingEntity
[18May2026 14:31:18.917] [main/DEBUG] [mixin/]: Renaming synthetic method lambda$epicfight$constructor$0(Lnet/minecraft/world/entity/LivingEntity;Lyesman/epicfight/world/capabilities/entitypatch/HurtableEntityPatch;)V to md740d9a$lambda$epicfight$constructor$0$1 in mixins.epicfight.json:common.MixinLivingEntity
[18May2026 14:31:18.924] [main/DEBUG] [mixin/]: Mixing LivingAccessor from ars_nouveau.mixins.json into net.minecraft.world.entity.LivingEntity
[18May2026 14:31:18.925] [main/DEBUG] [mixin/]: Mixing elytra.MixinLivingEntity from ars_nouveau.mixins.json into net.minecraft.world.entity.LivingEntity
[18May2026 14:31:18.926] [main/DEBUG] [mixin/]: Mixing perks.PerkLivingEntity from ars_nouveau.mixins.json into net.minecraft.world.entity.LivingEntity
[18May2026 14:31:18.927] [main/DEBUG] [mixin/]: Mixing LivingEntityAccessor from mixins.irons_spellbooks.json into net.minecraft.world.entity.LivingEntity
[18May2026 14:31:18.928] [main/DEBUG] [mixin/]: Mixing LivingEntityMixin from mixins.irons_spellbooks.json into net.minecraft.world.entity.LivingEntity
[18May2026 14:31:18.929] [main/DEBUG] [mixin/]: Renaming synthetic method lambda$static$1(Lnet/minecraft/world/entity/ai/attributes/Attribute;)Z to md740d9a$lambda$static$1$2 in mixins.irons_spellbooks.json:LivingEntityMixin
[18May2026 14:31:18.929] [main/DEBUG] [mixin/]: Renaming synthetic method lambda$static$0(Lnet/minecraft/world/entity/ai/attributes/Attribute;)Z to md740d9a$lambda$static$0$3 in mixins.irons_spellbooks.json:LivingEntityMixin
[18May2026 14:31:18.940] [main/DEBUG] [mixin/]: Mixing LivingEntityMixin from hardcorerevival.mixins.json into net.minecraft.world.entity.LivingEntity
[18May2026 14:31:18.944] [main/DEBUG] [mixin/]: Mixing LivingEntityAccessor from hardcorerevival.mixins.json into net.minecraft.world.entity.LivingEntity
[18May2026 14:31:19.083] [main/DEBUG] [mixin/]: Mixing perf.model_optimizations.PropertyMixin from modernfix-modernfix.mixins.json into net.minecraft.world.level.block.state.properties.Property
[18May2026 14:31:19.088] [main/DEBUG] [mixin/]: Mixing perf.model_optimizations.BooleanPropertyMixin from modernfix-modernfix.mixins.json into net.minecraft.world.level.block.state.properties.BooleanProperty
[18May2026 14:31:19.100] [main/DEBUG] [net.minecraftforge.coremod.transformer.CoreModBaseTransformer/COREMOD]: Transforming m_46758_ with desc (Lnet/minecraft/core/BlockPos;)Z
[18May2026 14:31:19.103] [main/DEBUG] [mixin/]: Mixing common.accessor.LevelAccessor from aether.mixins.json into net.minecraft.world.level.Level
[18May2026 14:31:19.103] [main/DEBUG] [mixin/]: Mixing LevelMixin from citadel.mixins.json into net.minecraft.world.level.Level
[18May2026 14:31:19.106] [main/DEBUG] [mixin/]: Mixing ProjectileSandwormPartMixin from block_factorys_bosses.mixins.json into net.minecraft.world.level.Level
[18May2026 14:31:19.107] [main/DEBUG] [mixin/]: Mixing alloc.chunk_random.WorldMixin from lithium.mixins.json into net.minecraft.world.level.Level
[18May2026 14:31:19.107] [main/DEBUG] [mixin/]: lithium.mixins.json:alloc.chunk_random.WorldMixin: Class version 61 required is higher than the class version supported by the current version of Mixin (JAVA_16 supports class version 60)
[18May2026 14:31:19.107] [main/DEBUG] [mixin/]: Mixing entity.collisions.intersection.WorldMixin from lithium.mixins.json into net.minecraft.world.level.Level
[18May2026 14:31:19.107] [main/DEBUG] [mixin/]: lithium.mixins.json:entity.collisions.intersection.WorldMixin: Class version 61 required is higher than the class version supported by the current version of Mixin (JAVA_16 supports class version 60)
[18May2026 14:31:19.109] [main/DEBUG] [mixin/]: Mixing util.block_entity_retrieval.WorldMixin from lithium.mixins.json into net.minecraft.world.level.Level
[18May2026 14:31:19.109] [main/DEBUG] [mixin/]: lithium.mixins.json:util.block_entity_retrieval.WorldMixin: Class version 61 required is higher than the class version supported by the current version of Mixin (JAVA_16 supports class version 60)
[18May2026 14:31:19.112] [main/DEBUG] [mixin/]: Mixing util.block_tracking.block_listening.WorldMixin from lithium.mixins.json into net.minecraft.world.level.Level
[18May2026 14:31:19.112] [main/DEBUG] [mixin/]: lithium.mixins.json:util.block_tracking.block_listening.WorldMixin: Class version 61 required is higher than the class version supported by the current version of Mixin (JAVA_16 supports class version 60)
[18May2026 14:31:19.113] [main/DEBUG] [mixin/]: Mixing world.chunk_access.WorldMixin from lithium.mixins.json into net.minecraft.world.level.Level
[18May2026 14:31:19.114] [main/DEBUG] [mixin/]: lithium.mixins.json:world.chunk_access.WorldMixin: Class version 61 required is higher than the class version supported by the current version of Mixin (JAVA_16 supports class version 60)
[18May2026 14:31:19.114] [main/DEBUG] [mixin/]: Mixing world.inline_block_access.WorldMixin from lithium.mixins.json into net.minecraft.world.level.Level
[18May2026 14:31:19.115] [main/DEBUG] [mixin/]: lithium.mixins.json:world.inline_block_access.WorldMixin: Class version 61 required is higher than the class version supported by the current version of Mixin (JAVA_16 supports class version 60)
[18May2026 14:31:19.116] [main/DEBUG] [mixin/]: Mixing world.inline_height.WorldMixin from lithium.mixins.json into net.minecraft.world.level.Level
[18May2026 14:31:19.116] [main/DEBUG] [mixin/]: lithium.mixins.json:world.inline_height.WorldMixin: Class version 61 required is higher than the class version supported by the current version of Mixin (JAVA_16 supports class version 60)
[18May2026 14:31:19.120] [main/DEBUG] [mixin/]: Mixing LevelMixin from mixins.irons_spellbooks.json into net.minecraft.world.level.Level
[18May2026 14:31:19.153] [main/DEBUG] [mixin/]: Mixing util.chunk_access.WorldViewMixin from lithium.mixins.json into net.minecraft.world.level.LevelReader
[18May2026 14:31:19.154] [main/DEBUG] [mixin/]: lithium.mixins.json:util.chunk_access.WorldViewMixin: Class version 61 required is higher than the class version supported by the current version of Mixin (JAVA_16 supports class version 60)
[18May2026 14:31:19.165] [main/DEBUG] [mixin/]: Mixing ServerLevelMixin from betterendisland.mixins.json into net.minecraft.server.level.ServerLevel
[18May2026 14:31:19.167] [main/DEBUG] [net.minecraftforge.coremod.transformer.CoreModBaseTransformer/COREMOD]: Transforming <init> with desc (JZZLjava/util/Optional;)V
[18May2026 14:31:19.182] [main/DEBUG] [mixin/]: Mixing common.accessor.ServerLevelAccessor from aether.mixins.json into net.minecraft.server.level.ServerLevel
[18May2026 14:31:19.183] [main/DEBUG] [mixin/]: Mixing perf.cache_strongholds.ServerLevelMixin from modernfix-modernfix.mixins.json into net.minecraft.server.level.ServerLevel
[18May2026 14:31:19.183] [main/DEBUG] [mixin/]: Mixing perf.faster_structure_location.ServerLevelMixin from modernfix-modernfix.mixins.json into net.minecraft.server.level.ServerLevel
[18May2026 14:31:19.184] [main/DEBUG] [mixin/]: Mixing ServerLevelMixin from citadel.mixins.json into net.minecraft.server.level.ServerLevel
[18May2026 14:31:19.185] [main/DEBUG] [mixin/]: Mixing ServerWorldMixin from projectile_damage.mixins.json into net.minecraft.server.level.ServerLevel
[18May2026 14:31:19.186] [main/DEBUG] [mixin/]: Mixing MinecraftDedicatedServerMixin from mixins.cobblemon-common.json into net.minecraft.server.level.ServerLevel
[18May2026 14:31:19.187] [main/DEBUG] [mixin/]: Mixing alloc.chunk_random.ServerWorldMixin from lithium.mixins.json into net.minecraft.server.level.ServerLevel
[18May2026 14:31:19.187] [main/DEBUG] [mixin/]: lithium.mixins.json:alloc.chunk_random.ServerWorldMixin: Class version 61 required is higher than the class version supported by the current version of Mixin (JAVA_16 supports class version 60)
[18May2026 14:31:19.188] [main/DEBUG] [mixin/]: Mixing chunk.entity_class_groups.ServerWorldAccessor from lithium.mixins.json into net.minecraft.server.level.ServerLevel
[18May2026 14:31:19.188] [main/DEBUG] [mixin/]: lithium.mixins.json:chunk.entity_class_groups.ServerWorldAccessor: Class version 61 required is higher than the class version supported by the current version of Mixin (JAVA_16 supports class version 60)
[18May2026 14:31:19.188] [main/DEBUG] [mixin/]: Mixing entity.inactive_navigations.ServerWorldMixin from lithium.mixins.json into net.minecraft.server.level.ServerLevel
[18May2026 14:31:19.188] [main/DEBUG] [mixin/]: lithium.mixins.json:entity.inactive_navigations.ServerWorldMixin: Class version 61 required is higher than the class version supported by the current version of Mixin (JAVA_16 supports class version 60)
[18May2026 14:31:19.191] [main/DEBUG] [mixin/]: Mixing profiler.ServerWorldMixin from lithium.mixins.json into net.minecraft.server.level.ServerLevel
[18May2026 14:31:19.191] [main/DEBUG] [mixin/]: lithium.mixins.json:profiler.ServerWorldMixin: Class version 61 required is higher than the class version supported by the current version of Mixin (JAVA_16 supports class version 60)
[18May2026 14:31:19.191] [main/DEBUG] [mixin/]: Mixing util.entity_movement_tracking.ServerWorldAccessor from lithium.mixins.json into net.minecraft.server.level.ServerLevel
[18May2026 14:31:19.191] [main/DEBUG] [mixin/]: lithium.mixins.json:util.entity_movement_tracking.ServerWorldAccessor: Class version 61 required is higher than the class version supported by the current version of Mixin (JAVA_16 supports class version 60)
[18May2026 14:31:19.191] [main/DEBUG] [mixin/]: Mixing ServerLevelMixin from moonlight-common.mixins.json into net.minecraft.server.level.ServerLevel
[18May2026 14:31:19.193] [main/DEBUG] [mixin/]: Mixing MixinServerLevel from corgilib-common.mixins.json into net.minecraft.server.level.ServerLevel
[18May2026 14:31:19.196] [main/DEBUG] [mixin/]: Discarding sythetic bridge method synthetic in m_6325_ because existing method in corgilib-common.mixins.json:MixinServerLevel is compatible
[18May2026 14:31:19.196] [main/DEBUG] [mixin/]: Renaming synthetic method lambda$tickScheduledRandomTicks$0(Lnet/minecraft/world/level/chunk/LevelChunk;Lnet/minecraft/core/BlockPos;)V to md740d9a$lambda$tickScheduledRandomTicks$0$0 in corgilib-common.mixins.json:MixinServerLevel
[18May2026 14:31:19.197] [main/DEBUG] [mixin/]: Mixing EndergeticExpansionMixins from betterendisland.mixins.json into net.minecraft.server.level.ServerLevel
[18May2026 14:31:19.265] [main/DEBUG] [mixin/]: Unexpected: Registered method getEntityManager()Lnet/minecraft/world/level/entity/PersistentEntitySectionManager; in net.minecraft.server.level.ServerLevel was not merged
[18May2026 14:31:19.291] [main/DEBUG] [mixin/]: Mixing ItemEntityMixin from goety.mixins.json into net.minecraft.world.entity.item.ItemEntity
[18May2026 14:31:19.293] [main/DEBUG] [mixin/]: Mixing ItemMixin from cataclysm.mixins.json into net.minecraft.world.entity.item.ItemEntity
[18May2026 14:31:19.302] [main/DEBUG] [mixin/]: Mixing WMPlayerMixin from weaponmaster_ydm.mixins.json into net.minecraft.world.entity.player.Player
[18May2026 14:31:19.302] [main/DEBUG] [mixin/]: weaponmaster_ydm.mixins.json:WMPlayerMixin: Class version 61 required is higher than the class version supported by the current version of Mixin (JAVA_8 supports class version 52)
[18May2026 14:31:19.303] [main/DEBUG] [mixin/]: Mixing PlayerMixin from uniquedungeons.mixin.json into net.minecraft.world.entity.player.Player
[18May2026 14:31:19.304] [main/DEBUG] [mixin/]: Mixing common.PlayerMixin from aether.mixins.json into net.minecraft.world.entity.player.Player
[18May2026 14:31:19.305] [main/DEBUG] [mixin/]: Mixing common.accessor.PlayerAccessor from aether.mixins.json into net.minecraft.world.entity.player.Player
[18May2026 14:31:19.305] [main/DEBUG] [mixin/]: Mixing PlayerMixin from goety.mixins.json into net.minecraft.world.entity.player.Player
[18May2026 14:31:19.306] [main/DEBUG] [mixin/]: Mixing ControlMixin from block_factorys_bosses.mixins.json into net.minecraft.world.entity.player.Player
[18May2026 14:31:19.307] [main/DEBUG] [mixin/]: Renaming synthetic method lambda$isImmobileMixin$0(Lorg/spongepowered/asm/mixin/injection/callback/CallbackInfoReturnable;Lnet/unusual/block_factorys_bosses/capability/entity/RollCap;)V to md740d9a$lambda$isImmobileMixin$0$0 in block_factorys_bosses.mixins.json:ControlMixin
[18May2026 14:31:19.307] [main/DEBUG] [mixin/]: Mixing PlayerMixin from mixins.cobblemon-common.json into net.minecraft.world.entity.player.Player
[18May2026 14:31:19.308] [main/DEBUG] [mixin/]: Renaming synthetic method lambda$onEatFood$1(Lnet/minecraft/server/level/ServerPlayer;Lcom/cobblemon/mod/common/api/events/item/LeftoversCreatedEvent;)Lkotlin/Unit; to md740d9a$lambda$onEatFood$1$1 in mixins.cobblemon-common.json:PlayerMixin
[18May2026 14:31:19.309] [main/DEBUG] [mixin/]: Renaming synthetic method lambda$onEatFood$0(Lcom/cobblemon/mod/common/api/events/item/LeftoversCreatedEvent;)Lkotlin/Unit; to md740d9a$lambda$onEatFood$0$2 in mixins.cobblemon-common.json:PlayerMixin
[18May2026 14:31:19.320] [main/DEBUG] [mixin/]: Mixing PlayerEntityMixin from mixins.adorn.forge.json into net.minecraft.world.entity.player.Player
[18May2026 14:31:19.320] [main/DEBUG] [mixin/]: mixins.adorn.forge.json:PlayerEntityMixin: Class version 61 required is higher than the class version supported by the current version of Mixin (JAVA_16 supports class version 60)
[18May2026 14:31:19.320] [main/DEBUG] [mixin/]: Renaming synthetic method lambda$onCanResetTimeBySleeping$0(Lnet/minecraft/world/level/Level;Lnet/minecraft/core/BlockPos;)Ljava/lang/Boolean; to md740d9a$lambda$onCanResetTimeBySleeping$0$3 in mixins.adorn.forge.json:PlayerEntityMixin
[18May2026 14:31:19.321] [main/DEBUG] [mixin/]: Mixing PlayerEntityMixin from soulsweapons.mixins.json into net.minecraft.world.entity.player.Player
[18May2026 14:31:19.329] [main/DEBUG] [mixin/]: Mixing PlayerAccessor from irons_lib.mixins.json into net.minecraft.world.entity.player.Player
[18May2026 14:31:19.329] [main/DEBUG] [mixin/]: Renaming @Accessor method getDataPlayerModeCustomisation()Lnet/minecraft/network/syncher/EntityDataAccessor; to getDataPlayerModeCustomisation_$md$740d9a$4 in irons_lib.mixins.json:PlayerAccessor
[18May2026 14:31:19.329] [main/DEBUG] [mixin/]: Mixing common.MixinPlayer from mixins.epicfight.json into net.minecraft.world.entity.player.Player
[18May2026 14:31:19.331] [main/DEBUG] [mixin/]: Mixing PlayerMixin from mixins.travelersbackpack.json into net.minecraft.world.entity.player.Player
[18May2026 14:31:19.338] [main/DEBUG] [mixin/]: Mixing elytra.ElytraPlayerMixin from ars_nouveau.mixins.json into net.minecraft.world.entity.player.Player
[18May2026 14:31:19.338] [main/DEBUG] [mixin/]: Mixing PlayerMixin from mixins.irons_spellbooks.json into net.minecraft.world.entity.player.Player
[18May2026 14:31:19.340] [main/DEBUG] [mixin/]: Mixing PlayerMixin from hardcorerevival.mixins.json into net.minecraft.world.entity.player.Player
[18May2026 14:31:19.340] [main/DEBUG] [mixin/]: Mixing MixinPlayer from tlskincape-mixins.json into net.minecraft.world.entity.player.Player
[18May2026 14:31:19.340] [main/DEBUG] [mixin/]: tlskincape-mixins.json:MixinPlayer: Class version 61 required is higher than the class version supported by the current version of Mixin (JAVA_16 supports class version 60)
[18May2026 14:31:19.395] [main/DEBUG] [mixin/]: Mixing bugfix.concurrency.ForgeRegistryTagManagerMixin from modernfix-modernfix.mixins.json into net.minecraftforge.registries.ForgeRegistryTagManager
[18May2026 14:31:19.405] [main/DEBUG] [mixin/]: Mixing bugfix.concurrency.NamespacedWrapperMixin from modernfix-modernfix.mixins.json into net.minecraftforge.registries.NamespacedWrapper
[18May2026 14:31:19.406] [main/DEBUG] [mixin/]: Mixing perf.fast_forge_dummies.NamespacedHolderHelperMixin from modernfix-modernfix.mixins.json into net.minecraftforge.registries.NamespacedWrapper
[18May2026 14:31:19.413] [main/DEBUG] [mixin/]: Mixing inject.MixinFluid from architectury-common.mixins.json into net.minecraft.world.level.material.Fluid
[18May2026 14:31:19.418] [main/DEBUG] [net.minecraftforge.coremod.transformer.CoreModBaseTransformer/COREMOD]: Transforming m_41435_ with desc (Lnet/minecraft/world/level/Level;Lnet/minecraft/world/entity/player/Player;Lnet/minecraft/world/level/ClipContext$Fluid;)Lnet/minecraft/world/phys/BlockHitResult;
[18May2026 14:31:19.422] [main/DEBUG] [mixin/]: Mixing ItemMixin from iceberg.mixins.json into net.minecraft.world.item.Item
[18May2026 14:31:19.423] [main/DEBUG] [mixin/]: Mixing common.ItemMixin from aether.mixins.json into net.minecraft.world.item.Item
[18May2026 14:31:19.426] [main/DEBUG] [mixin/]: Mixing perf.forge_registry_alloc.DelegateHolderMixin from modernfix-modernfix.mixins.json into net.minecraft.world.item.Item
[18May2026 14:31:19.426] [main/DEBUG] [mixin/]: Mixing ItemMixin from forge-more_bows_and_arrows.forge.mixins.json into net.minecraft.world.item.Item
[18May2026 14:31:19.427] [main/DEBUG] [mixin/]: Mixing inject.MixinItem from architectury-common.mixins.json into net.minecraft.world.item.Item
[18May2026 14:31:19.431] [main/DEBUG] [mixin/]: Mixing ItemMixin from monolib.mixins.json into net.minecraft.world.item.Item
[18May2026 14:31:19.431] [main/DEBUG] [mixin/]: Mixing ItemMixin from soulsweapons.mixins.json into net.minecraft.world.item.Item
[18May2026 14:31:19.433] [main/DEBUG] [mixin/]: Mixing ItemMixin from moonlight-common.mixins.json into net.minecraft.world.item.Item
[18May2026 14:31:19.434] [main/DEBUG] [mixin/]: Mixing ItemMixin from mixins.irons_spellbooks.json into net.minecraft.world.item.Item
[18May2026 14:31:19.452] [main/DEBUG] [net.minecraftforge.coremod.transformer.CoreModBaseTransformer/COREMOD]: Transforming net/minecraft/world/entity/EntityType
[18May2026 14:31:19.490] [main/DEBUG] [mixin/]: Mixing inject.MixinEntityType from architectury-common.mixins.json into net.minecraft.world.entity.EntityType
[18May2026 14:31:19.499] [main/DEBUG] [mixin/]: Mixing ai.poi.PointOfInterestTypesMixin from lithium.mixins.json into net.minecraftforge.registries.GameData$PointOfInterestTypeCallbacks
[18May2026 14:31:19.499] [main/DEBUG] [mixin/]: lithium.mixins.json:ai.poi.PointOfInterestTypesMixin: Class version 61 required is higher than the class version supported by the current version of Mixin (JAVA_16 supports class version 60)
[18May2026 14:31:19.502] [main/DEBUG] [mixin/]: Mixing MobEffectMixin from mixins.irons_spellbooks.json into net.minecraft.world.effect.MobEffect
[18May2026 14:31:19.511] [main/DEBUG] [mixin/]: Mixing perf.dynamic_dfu.BlockEntityTypeMixin from modernfix-modernfix.mixins.json into net.minecraft.world.level.block.entity.BlockEntityType
[18May2026 14:31:19.527] [main/DEBUG] [mixin/]: Mixing PoiTypesInvoker from morevillagers-common.mixins.json into net.minecraft.world.entity.ai.village.poi.PoiTypes
[18May2026 14:31:19.527] [main/DEBUG] [mixin/]: Renaming @Accessor method getTypeByState()Ljava/util/Map; to getTypeByState_$md$740d9a$0 in morevillagers-common.mixins.json:PoiTypesInvoker
[18May2026 14:31:19.527] [main/DEBUG] [mixin/]: Renaming @Invoker method invokeGetBlockStates(Lnet/minecraft/world/level/block/Block;)Ljava/util/Set; to invokeGetBlockStates_$md$740d9a$1 in morevillagers-common.mixins.json:PoiTypesInvoker
[18May2026 14:31:19.528] [main/DEBUG] [mixin/]: Renaming @Invoker method invokeRegisterBlockStates(Lnet/minecraft/core/Holder;Ljava/util/Set;)V to invokeRegisterBlockStates_$md$740d9a$2 in morevillagers-common.mixins.json:PoiTypesInvoker
[18May2026 14:31:19.530] [main/DEBUG] [mixin/]: Mixing accessor.PoiTypeAccessor from moonlight-common.mixins.json into net.minecraft.world.entity.ai.village.poi.PoiType
[18May2026 14:31:19.530] [main/DEBUG] [mixin/]: Mixing PoiMixin from moonlight-common.mixins.json into net.minecraft.world.entity.ai.village.poi.PoiType
[18May2026 14:31:19.544] [main/DEBUG] [mixin/]: Mixing common.FeatureMixin from aether.mixins.json into net.minecraft.world.level.levelgen.feature.Feature
[18May2026 14:31:19.544] [main/DEBUG] [mixin/]: Renaming synthetic method lambda$isGrassOrDirt$0(Lnet/minecraft/world/level/block/state/BlockState;)Z to md740d9a$lambda$isGrassOrDirt$0$0 in aether.mixins.json:common.FeatureMixin
[18May2026 14:31:19.564] [main/DEBUG] [mixin/]: Mixing DecoratedPotPatternsMixin from mixins.cobblemon-common.json into net.minecraft.world.level.block.entity.DecoratedPotPatterns
[18May2026 14:31:19.572] [main/DEBUG] [mixin/]: Mixing perf.memoize_creative_tab_build.CreativeModeTabMixin from modernfix-modernfix.mixins.json into net.minecraft.world.item.CreativeModeTab
[18May2026 14:31:19.579] [main/DEBUG] [mixin/]: Mixing common.accessor.FireBlockAccessor from aether.mixins.json into net.minecraft.world.level.block.FireBlock
[18May2026 14:31:19.580] [main/DEBUG] [mixin/]: Mixing FireBlockAccessor from goety.mixins.json into net.minecraft.world.level.block.FireBlock
[18May2026 14:31:19.580] [main/DEBUG] [mixin/]: Mixing invoker.FireBlockInvoker from mixins.cobblemon-common.json into net.minecraft.world.level.block.FireBlock
[18May2026 14:31:19.580] [main/DEBUG] [mixin/]: Mixing FireBlockMixin from moonlight.mixins.json into net.minecraft.world.level.block.FireBlock
[18May2026 14:31:19.584] [main/DEBUG] [mixin/]: Unexpected: Registered method callSetFlammable(Lnet/minecraft/world/level/block/Block;II)V in net.minecraft.world.level.block.FireBlock was not merged
[18May2026 14:31:19.588] [main/DEBUG] [mixin/]: Mixing BaseFireBlockMixin from goety.mixins.json into net.minecraft.world.level.block.BaseFireBlock
[18May2026 14:31:19.598] [main/DEBUG] [mixin/]: Mixing math.fast_blockpos.DirectionMixin from lithium.mixins.json into net.minecraft.core.Direction
[18May2026 14:31:19.598] [main/DEBUG] [mixin/]: lithium.mixins.json:math.fast_blockpos.DirectionMixin: Class version 61 required is higher than the class version supported by the current version of Mixin (JAVA_16 supports class version 60)
[18May2026 14:31:19.599] [main/DEBUG] [mixin/]: Mixing math.fast_util.DirectionMixin from lithium.mixins.json into net.minecraft.core.Direction
[18May2026 14:31:19.599] [main/DEBUG] [mixin/]: lithium.mixins.json:math.fast_util.DirectionMixin: Class version 61 required is higher than the class version supported by the current version of Mixin (JAVA_16 supports class version 60)
[18May2026 14:31:19.620] [main/DEBUG] [mixin/]: Mixing block.moving_block_shapes.VoxelShapeMixin from lithium.mixins.json into net.minecraft.world.phys.shapes.VoxelShape
[18May2026 14:31:19.620] [main/DEBUG] [mixin/]: lithium.mixins.json:block.moving_block_shapes.VoxelShapeMixin: Class version 61 required is higher than the class version supported by the current version of Mixin (JAVA_16 supports class version 60)
[18May2026 14:31:19.621] [main/DEBUG] [mixin/]: Mixing shapes.specialized_shapes.VoxelShapeMixin from lithium.mixins.json into net.minecraft.world.phys.shapes.VoxelShape
[18May2026 14:31:19.621] [main/DEBUG] [mixin/]: lithium.mixins.json:shapes.specialized_shapes.VoxelShapeMixin: Class version 61 required is higher than the class version supported by the current version of Mixin (JAVA_16 supports class version 60)
[18May2026 14:31:19.625] [main/DEBUG] [mixin/]: Mixing VoxelShapeAccess from ferritecore.blockstatecache.mixin.json into net.minecraft.world.phys.shapes.VoxelShape
[18May2026 14:31:19.633] [main/DEBUG] [mixin/]: Mixing shapes.optimized_matching.VoxelShapesMixin from lithium.mixins.json into net.minecraft.world.phys.shapes.Shapes
[18May2026 14:31:19.633] [main/DEBUG] [mixin/]: lithium.mixins.json:shapes.optimized_matching.VoxelShapesMixin: Class version 61 required is higher than the class version supported by the current version of Mixin (JAVA_16 supports class version 60)
[18May2026 14:31:19.634] [main/DEBUG] [mixin/]: Mixing shapes.shape_merging.VoxelShapesMixin from lithium.mixins.json into net.minecraft.world.phys.shapes.Shapes
[18May2026 14:31:19.634] [main/DEBUG] [mixin/]: lithium.mixins.json:shapes.shape_merging.VoxelShapesMixin: Class version 61 required is higher than the class version supported by the current version of Mixin (JAVA_16 supports class version 60)
[18May2026 14:31:19.635] [main/DEBUG] [mixin/]: Mixing shapes.specialized_shapes.VoxelShapesMixin from lithium.mixins.json into net.minecraft.world.phys.shapes.Shapes
[18May2026 14:31:19.635] [main/DEBUG] [mixin/]: lithium.mixins.json:shapes.specialized_shapes.VoxelShapesMixin: Class version 61 required is higher than the class version supported by the current version of Mixin (JAVA_16 supports class version 60)
[18May2026 14:31:19.646] [main/DEBUG] [mixin/]: Mixing DiscreteVSAccess from ferritecore.blockstatecache.mixin.json into net.minecraft.world.phys.shapes.DiscreteVoxelShape
[18May2026 14:31:19.647] [main/DEBUG] [mixin/]: Mixing BitSetDVSAccess from ferritecore.blockstatecache.mixin.json into net.minecraft.world.phys.shapes.BitSetDiscreteVoxelShape
[18May2026 14:31:19.650] [main/DEBUG] [mixin/]: Mixing ArrayVSAccess from ferritecore.blockstatecache.mixin.json into net.minecraft.world.phys.shapes.ArrayVoxelShape
[18May2026 14:31:19.655] [main/DEBUG] [mixin/]: Mixing shapes.precompute_shape_arrays.SimpleVoxelShapeMixin from lithium.mixins.json into net.minecraft.world.phys.shapes.CubeVoxelShape
[18May2026 14:31:19.655] [main/DEBUG] [mixin/]: lithium.mixins.json:shapes.precompute_shape_arrays.SimpleVoxelShapeMixin: Class version 61 required is higher than the class version supported by the current version of Mixin (JAVA_16 supports class version 60)
[18May2026 14:31:19.659] [main/DEBUG] [mixin/]: Mixing SliceShapeAccess from ferritecore.blockstatecache.mixin.json into net.minecraft.world.phys.shapes.SliceShape
[18May2026 14:31:19.662] [main/DEBUG] [mixin/]: Mixing shapes.precompute_shape_arrays.FractionalDoubleListMixin from lithium.mixins.json into net.minecraft.world.phys.shapes.CubePointRange
[18May2026 14:31:19.662] [main/DEBUG] [mixin/]: lithium.mixins.json:shapes.precompute_shape_arrays.FractionalDoubleListMixin: Class version 61 required is higher than the class version supported by the current version of Mixin (JAVA_16 supports class version 60)
[18May2026 14:31:19.685] [main/DEBUG] [mixin/]: Mixing NoteBlockInstrumentMixin from cataclysm.mixins.json into net.minecraft.world.level.block.state.properties.NoteBlockInstrument
[18May2026 14:31:19.685] [main/DEBUG] [mixin/]: Renaming @Invoker method newInstrument(Ljava/lang/String;ILjava/lang/String;Lnet/minecraft/core/Holder;Lnet/minecraft/world/level/block/state/properties/NoteBlockInstrument$Type;)Lnet/minecraft/world/level/block/state/properties/NoteBlockInstrument; to newInstrument_$md$740d9a$0 in cataclysm.mixins.json:NoteBlockInstrumentMixin
[18May2026 14:31:19.838] [main/DEBUG] [io.netty.util.internal.PlatformDependent0/]: -Dio.netty.noUnsafe: false
[18May2026 14:31:19.839] [main/DEBUG] [io.netty.util.internal.PlatformDependent0/]: Java version: 17
[18May2026 14:31:19.839] [main/DEBUG] [io.netty.util.internal.PlatformDependent0/]: sun.misc.Unsafe.theUnsafe: available
[18May2026 14:31:19.840] [main/DEBUG] [io.netty.util.internal.PlatformDependent0/]: sun.misc.Unsafe.copyMemory: available
[18May2026 14:31:19.840] [main/DEBUG] [io.netty.util.internal.PlatformDependent0/]: sun.misc.Unsafe.storeFence: available
[18May2026 14:31:19.840] [main/DEBUG] [io.netty.util.internal.PlatformDependent0/]: java.nio.Buffer.address: available
[18May2026 14:31:19.841] [main/DEBUG] [io.netty.util.internal.PlatformDependent0/]: direct buffer constructor: unavailable
java.lang.UnsupportedOperationException: Reflective setAccessible(true) disabled
	at io.netty.util.internal.ReflectionUtil.trySetAccessible(ReflectionUtil.java:31) ~[netty-common-4.1.82.Final.jar%2382!/:4.1.82.Final]
	at io.netty.util.internal.PlatformDependent0$5.run(PlatformDependent0.java:288) ~[netty-common-4.1.82.Final.jar%2382!/:4.1.82.Final]
	at java.security.AccessController.doPrivileged(AccessController.java:318) ~[?:?]
	at io.netty.util.internal.PlatformDependent0.<clinit>(PlatformDependent0.java:282) ~[netty-common-4.1.82.Final.jar%2382!/:4.1.82.Final]
	at io.netty.util.internal.PlatformDependent.isAndroid(PlatformDependent.java:333) ~[netty-common-4.1.82.Final.jar%2382!/:4.1.82.Final]
	at io.netty.util.internal.PlatformDependent.<clinit>(PlatformDependent.java:88) ~[netty-common-4.1.82.Final.jar%2382!/:4.1.82.Final]
	at io.netty.util.ConstantPool.<init>(ConstantPool.java:34) ~[netty-common-4.1.82.Final.jar%2382!/:4.1.82.Final]
	at io.netty.util.AttributeKey$1.<init>(AttributeKey.java:27) ~[netty-common-4.1.82.Final.jar%2382!/:4.1.82.Final]
	at io.netty.util.AttributeKey.<clinit>(AttributeKey.java:27) ~[netty-common-4.1.82.Final.jar%2382!/:4.1.82.Final]
	at net.minecraftforge.network.NetworkConstants.<clinit>(NetworkConstants.java:34) ~[forge-1.20.1-47.4.0-universal.jar%23320!/:?]
	at net.minecraft.server.Bootstrap.handler$zgh000$doClassloadHack(Bootstrap.java:536) ~[server-1.20.1-20230612.114412-srg.jar%23315!/:?]
	at net.minecraft.server.Bootstrap.m_135870_(Bootstrap.java:69) ~[server-1.20.1-20230612.114412-srg.jar%23315!/:?]
	at net.minecraftforge.registries.ForgeRegistries.init(ForgeRegistries.java:212) ~[forge-1.20.1-47.4.0-universal.jar%23320!/:?]
	at net.minecraftforge.registries.ForgeRegistries.<clinit>(ForgeRegistries.java:65) ~[forge-1.20.1-47.4.0-universal.jar%23320!/:?]
	at com.github.L_Ender.cataclysm.init.ModSounds.<clinit>(ModSounds.java:16) ~[L_Enders_Cataclysm-3.27-curios-fix.jar%23262!/:3.27-curios-fix]
	at com.github.L_Ender.cataclysm.blocks.Property.CustomNoteBlockInstrument.<clinit>(CustomNoteBlockInstrument.java:9) ~[L_Enders_Cataclysm-3.27-curios-fix.jar%23262!/:3.27-curios-fix]
	at net.minecraft.world.level.block.state.properties.NoteBlockInstrument.handler$zkh000$US$addCustomInstruments(NoteBlockInstrument.java:536) ~[server-1.20.1-20230612.114412-srg.jar%23315!/:?]
	at net.minecraft.world.level.block.state.properties.NoteBlockInstrument.<clinit>(NoteBlockInstrument.java:8) ~[server-1.20.1-20230612.114412-srg.jar%23315!/:?]
	at jdk.internal.reflect.NativeMethodAccessorImpl.invoke0(Native Method) ~[?:?]
	at jdk.internal.reflect.NativeMethodAccessorImpl.invoke(NativeMethodAccessorImpl.java:77) ~[?:?]
	at jdk.internal.reflect.DelegatingMethodAccessorImpl.invoke(DelegatingMethodAccessorImpl.java:43) ~[?:?]
	at java.lang.reflect.Method.invoke(Method.java:569) ~[?:?]
	at java.lang.Class.getEnumConstantsShared(Class.java:3840) ~[?:?]
	at java.lang.Class.getEnumConstants(Class.java:3815) ~[?:?]
	at net.minecraft.world.level.block.state.properties.EnumProperty.m_61594_(EnumProperty.java:74) ~[server-1.20.1-20230612.114412-srg.jar%23315!/:?]
	at net.minecraft.world.level.block.state.properties.EnumProperty.m_61587_(EnumProperty.java:70) ~[server-1.20.1-20230612.114412-srg.jar%23315!/:?]
	at net.minecraft.world.level.block.state.properties.BlockStateProperties.<clinit>(BlockStateProperties.java:142) ~[server-1.20.1-20230612.114412-srg.jar%23315!/:?]
	at net.minecraft.world.level.block.FireBlock.<clinit>(FireBlock.java:33) ~[server-1.20.1-20230612.114412-srg.jar%23315!/:?]
	at net.minecraft.server.Bootstrap.m_135870_(Bootstrap.java:46) ~[server-1.20.1-20230612.114412-srg.jar%23315!/:?]
	at net.minecraft.server.Main.main(Main.java:121) ~[server-1.20.1-20230612.114412-srg.jar%23315!/:?]
	at jdk.internal.reflect.NativeMethodAccessorImpl.invoke0(Native Method) ~[?:?]
	at jdk.internal.reflect.NativeMethodAccessorImpl.invoke(NativeMethodAccessorImpl.java:77) ~[?:?]
	at jdk.internal.reflect.DelegatingMethodAccessorImpl.invoke(DelegatingMethodAccessorImpl.java:43) ~[?:?]
	at java.lang.reflect.Method.invoke(Method.java:569) ~[?:?]
	at net.minecraftforge.fml.loading.targets.CommonLaunchHandler.runTarget(CommonLaunchHandler.java:111) ~[fmlloader-1.20.1-47.4.0.jar%2369!/:?]
	at net.minecraftforge.fml.loading.targets.CommonLaunchHandler.serverService(CommonLaunchHandler.java:103) ~[fmlloader-1.20.1-47.4.0.jar%2369!/:?]
	at net.minecraftforge.fml.loading.targets.CommonServerLaunchHandler.lambda$makeService$0(CommonServerLaunchHandler.java:27) ~[fmlloader-1.20.1-47.4.0.jar%2369!/:?]
	at cpw.mods.modlauncher.LaunchServiceHandlerDecorator.launch(LaunchServiceHandlerDecorator.java:30) ~[modlauncher-10.0.9.jar%2355!/:?]
	at cpw.mods.modlauncher.LaunchServiceHandler.launch(LaunchServiceHandler.java:53) ~[modlauncher-10.0.9.jar%2355!/:?]
	at cpw.mods.modlauncher.LaunchServiceHandler.launch(LaunchServiceHandler.java:71) ~[modlauncher-10.0.9.jar%2355!/:?]
	at cpw.mods.modlauncher.Launcher.run(Launcher.java:108) ~[modlauncher-10.0.9.jar%2355!/:?]
	at cpw.mods.modlauncher.Launcher.main(Launcher.java:78) ~[modlauncher-10.0.9.jar%2355!/:?]
	at cpw.mods.modlauncher.BootstrapLaunchConsumer.accept(BootstrapLaunchConsumer.java:26) ~[modlauncher-10.0.9.jar%2355!/:?]
	at cpw.mods.modlauncher.BootstrapLaunchConsumer.accept(BootstrapLaunchConsumer.java:23) ~[modlauncher-10.0.9.jar%2355!/:?]
	at cpw.mods.bootstraplauncher.BootstrapLauncher.main(BootstrapLauncher.java:141) ~[bootstraplauncher-1.1.2.jar:?]
[18May2026 14:31:19.843] [main/DEBUG] [io.netty.util.internal.PlatformDependent0/]: java.nio.Bits.unaligned: available, true
[18May2026 14:31:19.844] [main/DEBUG] [io.netty.util.internal.PlatformDependent0/]: jdk.internal.misc.Unsafe.allocateUninitializedArray(int): unavailable
java.lang.IllegalAccessException: class io.netty.util.internal.PlatformDependent0$7 (in module io.netty.common) cannot access class jdk.internal.misc.Unsafe (in module java.base) because module java.base does not export jdk.internal.misc to module io.netty.common
	at jdk.internal.reflect.Reflection.newIllegalAccessException(Reflection.java:392) ~[?:?]
	at java.lang.reflect.AccessibleObject.checkAccess(AccessibleObject.java:674) ~[?:?]
	at java.lang.reflect.Method.invoke(Method.java:561) ~[?:?]
	at io.netty.util.internal.PlatformDependent0$7.run(PlatformDependent0.java:410) ~[netty-common-4.1.82.Final.jar%2382!/:4.1.82.Final]
	at java.security.AccessController.doPrivileged(AccessController.java:318) ~[?:?]
	at io.netty.util.internal.PlatformDependent0.<clinit>(PlatformDependent0.java:401) ~[netty-common-4.1.82.Final.jar%2382!/:4.1.82.Final]
	at io.netty.util.internal.PlatformDependent.isAndroid(PlatformDependent.java:333) ~[netty-common-4.1.82.Final.jar%2382!/:4.1.82.Final]
	at io.netty.util.internal.PlatformDependent.<clinit>(PlatformDependent.java:88) ~[netty-common-4.1.82.Final.jar%2382!/:4.1.82.Final]
	at io.netty.util.ConstantPool.<init>(ConstantPool.java:34) ~[netty-common-4.1.82.Final.jar%2382!/:4.1.82.Final]
	at io.netty.util.AttributeKey$1.<init>(AttributeKey.java:27) ~[netty-common-4.1.82.Final.jar%2382!/:4.1.82.Final]
	at io.netty.util.AttributeKey.<clinit>(AttributeKey.java:27) ~[netty-common-4.1.82.Final.jar%2382!/:4.1.82.Final]
	at net.minecraftforge.network.NetworkConstants.<clinit>(NetworkConstants.java:34) ~[forge-1.20.1-47.4.0-universal.jar%23320!/:?]
	at net.minecraft.server.Bootstrap.handler$zgh000$doClassloadHack(Bootstrap.java:536) ~[server-1.20.1-20230612.114412-srg.jar%23315!/:?]
	at net.minecraft.server.Bootstrap.m_135870_(Bootstrap.java:69) ~[server-1.20.1-20230612.114412-srg.jar%23315!/:?]
	at net.minecraftforge.registries.ForgeRegistries.init(ForgeRegistries.java:212) ~[forge-1.20.1-47.4.0-universal.jar%23320!/:?]
	at net.minecraftforge.registries.ForgeRegistries.<clinit>(ForgeRegistries.java:65) ~[forge-1.20.1-47.4.0-universal.jar%23320!/:?]
	at com.github.L_Ender.cataclysm.init.ModSounds.<clinit>(ModSounds.java:16) ~[L_Enders_Cataclysm-3.27-curios-fix.jar%23262!/:3.27-curios-fix]
	at com.github.L_Ender.cataclysm.blocks.Property.CustomNoteBlockInstrument.<clinit>(CustomNoteBlockInstrument.java:9) ~[L_Enders_Cataclysm-3.27-curios-fix.jar%23262!/:3.27-curios-fix]
	at net.minecraft.world.level.block.state.properties.NoteBlockInstrument.handler$zkh000$US$addCustomInstruments(NoteBlockInstrument.java:536) ~[server-1.20.1-20230612.114412-srg.jar%23315!/:?]
	at net.minecraft.world.level.block.state.properties.NoteBlockInstrument.<clinit>(NoteBlockInstrument.java:8) ~[server-1.20.1-20230612.114412-srg.jar%23315!/:?]
	at jdk.internal.reflect.NativeMethodAccessorImpl.invoke0(Native Method) ~[?:?]
	at jdk.internal.reflect.NativeMethodAccessorImpl.invoke(NativeMethodAccessorImpl.java:77) ~[?:?]
	at jdk.internal.reflect.DelegatingMethodAccessorImpl.invoke(DelegatingMethodAccessorImpl.java:43) ~[?:?]
	at java.lang.reflect.Method.invoke(Method.java:569) ~[?:?]
	at java.lang.Class.getEnumConstantsShared(Class.java:3840) ~[?:?]
	at java.lang.Class.getEnumConstants(Class.java:3815) ~[?:?]
	at net.minecraft.world.level.block.state.properties.EnumProperty.m_61594_(EnumProperty.java:74) ~[server-1.20.1-20230612.114412-srg.jar%23315!/:?]
	at net.minecraft.world.level.block.state.properties.EnumProperty.m_61587_(EnumProperty.java:70) ~[server-1.20.1-20230612.114412-srg.jar%23315!/:?]
	at net.minecraft.world.level.block.state.properties.BlockStateProperties.<clinit>(BlockStateProperties.java:142) ~[server-1.20.1-20230612.114412-srg.jar%23315!/:?]
	at net.minecraft.world.level.block.FireBlock.<clinit>(FireBlock.java:33) ~[server-1.20.1-20230612.114412-srg.jar%23315!/:?]
	at net.minecraft.server.Bootstrap.m_135870_(Bootstrap.java:46) ~[server-1.20.1-20230612.114412-srg.jar%23315!/:?]
	at net.minecraft.server.Main.main(Main.java:121) ~[server-1.20.1-20230612.114412-srg.jar%23315!/:?]
	at jdk.internal.reflect.NativeMethodAccessorImpl.invoke0(Native Method) ~[?:?]
	at jdk.internal.reflect.NativeMethodAccessorImpl.invoke(NativeMethodAccessorImpl.java:77) ~[?:?]
	at jdk.internal.reflect.DelegatingMethodAccessorImpl.invoke(DelegatingMethodAccessorImpl.java:43) ~[?:?]
	at java.lang.reflect.Method.invoke(Method.java:569) ~[?:?]
	at net.minecraftforge.fml.loading.targets.CommonLaunchHandler.runTarget(CommonLaunchHandler.java:111) ~[fmlloader-1.20.1-47.4.0.jar%2369!/:?]
	at net.minecraftforge.fml.loading.targets.CommonLaunchHandler.serverService(CommonLaunchHandler.java:103) ~[fmlloader-1.20.1-47.4.0.jar%2369!/:?]
	at net.minecraftforge.fml.loading.targets.CommonServerLaunchHandler.lambda$makeService$0(CommonServerLaunchHandler.java:27) ~[fmlloader-1.20.1-47.4.0.jar%2369!/:?]
	at cpw.mods.modlauncher.LaunchServiceHandlerDecorator.launch(LaunchServiceHandlerDecorator.java:30) ~[modlauncher-10.0.9.jar%2355!/:?]
	at cpw.mods.modlauncher.LaunchServiceHandler.launch(LaunchServiceHandler.java:53) ~[modlauncher-10.0.9.jar%2355!/:?]
	at cpw.mods.modlauncher.LaunchServiceHandler.launch(LaunchServiceHandler.java:71) ~[modlauncher-10.0.9.jar%2355!/:?]
	at cpw.mods.modlauncher.Launcher.run(Launcher.java:108) ~[modlauncher-10.0.9.jar%2355!/:?]
	at cpw.mods.modlauncher.Launcher.main(Launcher.java:78) ~[modlauncher-10.0.9.jar%2355!/:?]
	at cpw.mods.modlauncher.BootstrapLaunchConsumer.accept(BootstrapLaunchConsumer.java:26) ~[modlauncher-10.0.9.jar%2355!/:?]
	at cpw.mods.modlauncher.BootstrapLaunchConsumer.accept(BootstrapLaunchConsumer.java:23) ~[modlauncher-10.0.9.jar%2355!/:?]
	at cpw.mods.bootstraplauncher.BootstrapLauncher.main(BootstrapLauncher.java:141) ~[bootstraplauncher-1.1.2.jar:?]
[18May2026 14:31:19.845] [main/DEBUG] [io.netty.util.internal.PlatformDependent0/]: java.nio.DirectByteBuffer.<init>(long, int): unavailable
[18May2026 14:31:19.845] [main/DEBUG] [io.netty.util.internal.PlatformDependent/]: sun.misc.Unsafe: available
[18May2026 14:31:19.846] [main/DEBUG] [io.netty.util.internal.PlatformDependent/]: maxDirectMemory: 4194304000 bytes (maybe)
[18May2026 14:31:19.846] [main/DEBUG] [io.netty.util.internal.PlatformDependent/]: -Dio.netty.tmpdir: /tmp (java.io.tmpdir)
[18May2026 14:31:19.847] [main/DEBUG] [io.netty.util.internal.PlatformDependent/]: -Dio.netty.bitMode: 64 (sun.arch.data.model)
[18May2026 14:31:19.847] [main/DEBUG] [io.netty.util.internal.PlatformDependent/]: -Dio.netty.maxDirectMemory: -1 bytes
[18May2026 14:31:19.847] [main/DEBUG] [io.netty.util.internal.PlatformDependent/]: -Dio.netty.uninitializedArrayAllocationThreshold: -1
[18May2026 14:31:19.848] [main/DEBUG] [io.netty.util.internal.CleanerJava9/]: java.nio.ByteBuffer.cleaner(): available
[18May2026 14:31:19.848] [main/DEBUG] [io.netty.util.internal.PlatformDependent/]: -Dio.netty.noPreferDirect: false
[18May2026 14:31:19.925] [main/DEBUG] [mixin/]: Mixing perf.fix_handshake_stall.HandshakeHandlerMixin from modernfix-modernfix.mixins.json into net.minecraftforge.network.HandshakeHandler
[18May2026 14:31:19.955] [main/INFO] [net.minecraft.server.Bootstrap/]: Vanilla bootstrap took 2186 milliseconds
[18May2026 14:31:19.992] [main/DEBUG] [mixin/]: Mixing perf.forge_registry_lambda.RegistryObjectMixin from modernfix-modernfix.mixins.json into net.minecraftforge.registries.RegistryObject
[18May2026 14:31:20.042] [main/DEBUG] [mixin/]: Mixing invoker.BlocksInvoker from mixins.cobblemon-common.json into net.minecraft.world.level.block.Blocks
[18May2026 14:31:20.043] [main/DEBUG] [mixin/]: Renaming @Invoker method createLogBlock(Lnet/minecraft/world/level/material/MapColor;Lnet/minecraft/world/level/material/MapColor;)Lnet/minecraft/world/level/block/RotatedPillarBlock; to createLogBlock_$md$740d9a$0 in mixins.cobblemon-common.json:invoker.BlocksInvoker
[18May2026 14:31:20.043] [main/DEBUG] [mixin/]: Renaming @Invoker method createLeavesBlock(Lnet/minecraft/world/level/block/SoundType;)Lnet/minecraft/world/level/block/LeavesBlock; to createLeavesBlock_$md$740d9a$1 in mixins.cobblemon-common.json:invoker.BlocksInvoker
[18May2026 14:31:20.043] [main/DEBUG] [mixin/]: Renaming @Invoker method createWoodenButtonBlock(Lnet/minecraft/world/level/block/state/properties/BlockSetType;[Lnet/minecraft/world/flag/FeatureFlag;)Lnet/minecraft/world/level/block/ButtonBlock; to createWoodenButtonBlock_$md$740d9a$2 in mixins.cobblemon-common.json:invoker.BlocksInvoker
[18May2026 14:31:20.043] [main/DEBUG] [mixin/]: Renaming @Invoker method createFlowerPotBlock(Lnet/minecraft/world/level/block/Block;[Lnet/minecraft/world/flag/FeatureFlag;)Lnet/minecraft/world/level/block/FlowerPotBlock; to createFlowerPotBlock_$md$740d9a$3 in mixins.cobblemon-common.json:invoker.BlocksInvoker
[18May2026 14:31:20.043] [main/DEBUG] [mixin/]: Mixing perf.reduce_blockstate_cache_rebuilds.BlocksMixin from modernfix-modernfix.mixins.json into net.minecraft.world.level.block.Blocks
[18May2026 14:31:20.043] [main/DEBUG] [mixin/]: Renaming synthetic method lambda$getEmptyConsumer$0(Ljava/lang/Object;)V to md740d9a$lambda$getEmptyConsumer$0$4 in modernfix-modernfix.mixins.json:perf.reduce_blockstate_cache_rebuilds.BlocksMixin
[18May2026 14:31:20.070] [main/DEBUG] [mixin/]: Mixing common.accessor.SpreadingSnowyDirtBlockAccessor from aether.mixins.json into net.minecraft.world.level.block.SpreadingSnowyDirtBlock
[18May2026 14:31:20.071] [main/DEBUG] [mixin/]: Renaming @Invoker method callCanBeGrass(Lnet/minecraft/world/level/block/state/BlockState;Lnet/minecraft/world/level/LevelReader;Lnet/minecraft/core/BlockPos;)Z to callCanBeGrass_$md$740d9a$0 in aether.mixins.json:common.accessor.SpreadingSnowyDirtBlockAccessor
[18May2026 14:31:20.071] [main/DEBUG] [mixin/]: Renaming @Invoker method callCanPropagate(Lnet/minecraft/world/level/block/state/BlockState;Lnet/minecraft/world/level/LevelReader;Lnet/minecraft/core/BlockPos;)Z to callCanPropagate_$md$740d9a$1 in aether.mixins.json:common.accessor.SpreadingSnowyDirtBlockAccessor
[18May2026 14:31:20.077] [main/DEBUG] [mixin/]: Mixing common.accessor.BushBlockAccessor from aether.mixins.json into net.minecraft.world.level.block.BushBlock
[18May2026 14:31:20.086] [main/DEBUG] [net.minecraftforge.coremod.transformer.CoreModBaseTransformer/COREMOD]: Transforming net/minecraft/world/level/block/LiquidBlock
[18May2026 14:31:20.087] [main/DEBUG] [mixin/]: Mixing inject.MixinLiquidBlock from architectury-common.mixins.json into net.minecraft.world.level.block.LiquidBlock
[18May2026 14:31:20.099] [main/DEBUG] [mixin/]: Mixing DispenserBlockMixin from forge-more_bows_and_arrows.forge.mixins.json into net.minecraft.world.level.block.DispenserBlock
[18May2026 14:31:20.102] [main/DEBUG] [mixin/]: Mixing jar.DispenserMixin from ars_nouveau.mixins.json into net.minecraft.world.level.block.DispenserBlock
[18May2026 14:31:20.107] [main/DEBUG] [mixin/]: Mixing accessor.DispenserBlockAccessor from moonlight-common.mixins.json into net.minecraft.world.level.block.DispenserBlock
[18May2026 14:31:20.107] [main/DEBUG] [mixin/]: Renaming @Accessor method getDispenserRegistry()Ljava/util/Map; to getDispenserRegistry_$md$740d9a$0 in moonlight-common.mixins.json:accessor.DispenserBlockAccessor
[18May2026 14:31:20.107] [main/DEBUG] [mixin/]: Mixing DispenserBlockMixin from mixins.irons_spellbooks.json into net.minecraft.world.level.block.DispenserBlock
[18May2026 14:31:20.114] [main/DEBUG] [mixin/]: Mixing NoteBlockMixin from cataclysm.mixins.json into net.minecraft.world.level.block.NoteBlock
[18May2026 14:31:20.122] [main/DEBUG] [mixin/]: Mixing alloc.enum_values.piston_block.PistonBlockMixin from lithium.mixins.json into net.minecraft.world.level.block.piston.PistonBaseBlock
[18May2026 14:31:20.122] [main/DEBUG] [mixin/]: lithium.mixins.json:alloc.enum_values.piston_block.PistonBlockMixin: Class version 61 required is higher than the class version supported by the current version of Mixin (JAVA_16 supports class version 60)
[18May2026 14:31:20.132] [main/DEBUG] [net.minecraftforge.coremod.transformer.CoreModBaseTransformer/COREMOD]: Transforming m_7898_ with desc (Lnet/minecraft/world/level/block/state/BlockState;Lnet/minecraft/world/level/LevelReader;Lnet/minecraft/core/BlockPos;)Z
[18May2026 14:31:20.156] [main/DEBUG] [net.minecraftforge.coremod.transformer.CoreModBaseTransformer/COREMOD]: Transforming net/minecraft/world/level/block/StairBlock
[18May2026 14:31:20.157] [main/DEBUG] [mixin/]: Mixing invoker.StairsBlockInvoker from mixins.cobblemon-common.json into net.minecraft.world.level.block.StairBlock
[18May2026 14:31:20.157] [main/DEBUG] [mixin/]: Renaming @Invoker method cobblemon$create(Lnet/minecraft/world/level/block/state/BlockState;Lnet/minecraft/world/level/block/state/BlockBehaviour$Properties;)Lnet/minecraft/world/level/block/StairBlock; to cobblemon$create_$md$740d9a$0 in mixins.cobblemon-common.json:invoker.StairsBlockInvoker
[18May2026 14:31:20.161] [main/DEBUG] [mixin/]: Mixing alloc.enum_values.redstone_wire.RedstoneWireBlockMixin from lithium.mixins.json into net.minecraft.world.level.block.RedStoneWireBlock
[18May2026 14:31:20.162] [main/DEBUG] [mixin/]: lithium.mixins.json:alloc.enum_values.redstone_wire.RedstoneWireBlockMixin: Class version 61 required is higher than the class version supported by the current version of Mixin (JAVA_16 supports class version 60)
[18May2026 14:31:20.162] [main/DEBUG] [mixin/]: Mixing block.redstone_wire.RedstoneWireBlockMixin from lithium.mixins.json into net.minecraft.world.level.block.RedStoneWireBlock
[18May2026 14:31:20.162] [main/DEBUG] [mixin/]: lithium.mixins.json:block.redstone_wire.RedstoneWireBlockMixin: Class version 61 required is higher than the class version supported by the current version of Mixin (JAVA_16 supports class version 60)
[18May2026 14:31:20.173] [main/DEBUG] [mixin/]: Mixing CropBlockMixin from balm.mixins.json into net.minecraft.world.level.block.CropBlock
[18May2026 14:31:20.180] [main/DEBUG] [mixin/]: Mixing invoker.DoorBlockInvoker from mixins.cobblemon-common.json into net.minecraft.world.level.block.DoorBlock
[18May2026 14:31:20.181] [main/DEBUG] [mixin/]: Renaming @Invoker method cobblemon$create(Lnet/minecraft/world/level/block/state/BlockBehaviour$Properties;Lnet/minecraft/world/level/block/state/properties/BlockSetType;)Lnet/minecraft/world/level/block/DoorBlock; to cobblemon$create_$md$740d9a$0 in mixins.cobblemon-common.json:invoker.DoorBlockInvoker
[18May2026 14:31:20.188] [main/DEBUG] [mixin/]: Mixing invoker.PressurePlateBlockInvoker from mixins.cobblemon-common.json into net.minecraft.world.level.block.PressurePlateBlock
[18May2026 14:31:20.189] [main/DEBUG] [mixin/]: Renaming @Invoker method cobblemon$create(Lnet/minecraft/world/level/block/PressurePlateBlock$Sensitivity;Lnet/minecraft/world/level/block/state/BlockBehaviour$Properties;Lnet/minecraft/world/level/block/state/properties/BlockSetType;)Lnet/minecraft/world/level/block/PressurePlateBlock; to cobblemon$create_$md$740d9a$0 in mixins.cobblemon-common.json:invoker.PressurePlateBlockInvoker
[18May2026 14:31:20.212] [main/DEBUG] [mixin/]: Mixing invoker.TrapdoorBlockInvoker from mixins.cobblemon-common.json into net.minecraft.world.level.block.TrapDoorBlock
[18May2026 14:31:20.213] [main/DEBUG] [mixin/]: Renaming @Invoker method cobblemon$create(Lnet/minecraft/world/level/block/state/BlockBehaviour$Properties;Lnet/minecraft/world/level/block/state/properties/BlockSetType;)Lnet/minecraft/world/level/block/TrapDoorBlock; to cobblemon$create_$md$740d9a$0 in mixins.cobblemon-common.json:invoker.TrapdoorBlockInvoker
[18May2026 14:31:20.256] [main/DEBUG] [mixin/]: Mixing StemBlockMixin from balm.mixins.json into net.minecraft.world.level.block.StemBlock
[18May2026 14:31:20.270] [main/DEBUG] [mixin/]: Mixing FenceGateBlockMixin from mixins.adorn.common.json into net.minecraft.world.level.block.FenceGateBlock
[18May2026 14:31:20.270] [main/DEBUG] [mixin/]: mixins.adorn.common.json:FenceGateBlockMixin: Class version 61 required is higher than the class version supported by the current version of Mixin (JAVA_16 supports class version 60)
[18May2026 14:31:20.312] [main/DEBUG] [mixin/]: Mixing perf.deduplicate_wall_shapes.WallBlockMixin from modernfix-modernfix.mixins.json into net.minecraft.world.level.block.WallBlock
[18May2026 14:31:20.329] [main/DEBUG] [net.minecraftforge.coremod.transformer.CoreModBaseTransformer/COREMOD]: Transforming net/minecraft/world/level/block/FlowerPotBlock
[18May2026 14:31:20.352] [main/DEBUG] [mixin/]: Mixing AnvilBlockMixin from placebo.mixins.json into net.minecraft.world.level.block.AnvilBlock
[18May2026 14:31:20.353] [main/DEBUG] [mixin/]: Mixing ForgeAnvilBlockMixin from monolib.forge.mixins.json into net.minecraft.world.level.block.AnvilBlock
[18May2026 14:31:20.367] [main/DEBUG] [mixin/]: Mixing util.inventory_comparator_tracking.ComparatorBlockMixin from lithium.mixins.json into net.minecraft.world.level.block.ComparatorBlock
[18May2026 14:31:20.367] [main/DEBUG] [mixin/]: lithium.mixins.json:util.inventory_comparator_tracking.ComparatorBlockMixin: Class version 61 required is higher than the class version supported by the current version of Mixin (JAVA_16 supports class version 60)
[18May2026 14:31:20.394] [main/DEBUG] [mixin/]: Mixing ChorusPlantBlockMixin from goety.mixins.json into net.minecraft.world.level.block.ChorusPlantBlock
[18May2026 14:31:20.406] [main/DEBUG] [mixin/]: Mixing ChorusFlowerBlockMixin from goety.mixins.json into net.minecraft.world.level.block.ChorusFlowerBlock
[18May2026 14:31:20.429] [main/DEBUG] [mixin/]: Mixing common.accessor.ConcretePowderBlockAccessor from aether.mixins.json into net.minecraft.world.level.block.ConcretePowderBlock
[18May2026 14:31:20.429] [main/DEBUG] [mixin/]: Renaming @Invoker method callShouldSolidify(Lnet/minecraft/world/level/BlockGetter;Lnet/minecraft/core/BlockPos;Lnet/minecraft/world/level/block/state/BlockState;)Z to callShouldSolidify_$md$740d9a$0 in aether.mixins.json:common.accessor.ConcretePowderBlockAccessor
[18May2026 14:31:20.455] [main/DEBUG] [mixin/]: Mixing BubbleColumnBlockMixin from mixins.adorn.common.json into net.minecraft.world.level.block.BubbleColumnBlock
[18May2026 14:31:20.455] [main/DEBUG] [mixin/]: mixins.adorn.common.json:BubbleColumnBlockMixin: Class version 61 required is higher than the class version supported by the current version of Mixin (JAVA_16 supports class version 60)
[18May2026 14:31:20.479] [main/DEBUG] [mixin/]: Mixing MixinStructureBlock from corgilib-common.mixins.json into net.minecraft.world.level.block.StructureBlock
[18May2026 14:31:20.498] [main/DEBUG] [mixin/]: Mixing MixinPowderSnowBlock from curios.mixins.json into net.minecraft.world.level.block.PowderSnowBlock
[18May2026 14:31:20.512] [main/DEBUG] [mixin/]: Mixing PointedDripstoneBlockMixin from mixins.cobblemon-common.json into net.minecraft.world.level.block.PointedDripstoneBlock
[18May2026 14:31:20.548] [main/DEBUG] [mixin/]: Mixing perf.state_definition_construct.StateDefinitionMixin from modernfix-modernfix.mixins.json into net.minecraft.world.level.block.state.StateDefinition
[18May2026 14:31:20.583] [main/DEBUG] [mixin/]: Mixing FlowingFluidMixin from goety.mixins.json into net.minecraft.world.level.material.FlowingFluid
[18May2026 14:31:20.590] [main/DEBUG] [mixin/]: Mixing block.flatten_states.FluidStateMixin from lithium.mixins.json into net.minecraft.world.level.material.FluidState
[18May2026 14:31:20.591] [main/DEBUG] [mixin/]: lithium.mixins.json:block.flatten_states.FluidStateMixin: Class version 61 required is higher than the class version supported by the current version of Mixin (JAVA_16 supports class version 60)
[18May2026 14:31:20.629] [main/DEBUG] [mixin/]: Mixing common.MobMixin from aether.mixins.json into net.minecraft.world.entity.Mob
[18May2026 14:31:20.630] [main/DEBUG] [mixin/]: Renaming synthetic method lambda$equipItemIfPossible$0(Lnet/minecraft/world/item/ItemStack;Lnet/minecraft/world/entity/Mob;Lorg/spongepowered/asm/mixin/injection/callback/CallbackInfoReturnable;Lcom/aetherteam/aether/capability/accessory/MobAccessory;)V to md740d9a$lambda$equipItemIfPossible$0$0 in aether.mixins.json:common.MobMixin
[18May2026 14:31:20.632] [main/DEBUG] [mixin/]: Mixing MobAccessor from goety.mixins.json into net.minecraft.world.entity.Mob
[18May2026 14:31:20.632] [main/DEBUG] [mixin/]: Mixing entity.inactive_navigations.MobEntityMixin from lithium.mixins.json into net.minecraft.world.entity.Mob
[18May2026 14:31:20.632] [main/DEBUG] [mixin/]: lithium.mixins.json:entity.inactive_navigations.MobEntityMixin: Class version 61 required is higher than the class version supported by the current version of Mixin (JAVA_16 supports class version 60)
[18May2026 14:31:20.634] [main/DEBUG] [mixin/]: Mixing entity.skip_equipment_change_check.MobEntityMixin from lithium.mixins.json into net.minecraft.world.entity.Mob
[18May2026 14:31:20.634] [main/DEBUG] [mixin/]: lithium.mixins.json:entity.skip_equipment_change_check.MobEntityMixin: Class version 61 required is higher than the class version supported by the current version of Mixin (JAVA_16 supports class version 60)
[18May2026 14:31:20.634] [main/DEBUG] [mixin/]: Mixing common.MixinMob from mixins.epicfight.json into net.minecraft.world.entity.Mob
[18May2026 14:31:20.634] [main/DEBUG] [mixin/]: Mixing MobAccessor from ars_nouveau.mixins.json into net.minecraft.world.entity.Mob
[18May2026 14:31:20.635] [main/DEBUG] [mixin/]: Mixing jar.MobAccessorMixin from ars_nouveau.mixins.json into net.minecraft.world.entity.Mob
[18May2026 14:31:20.635] [main/DEBUG] [mixin/]: Mixing EntityMixin from moonlight-common.mixins.json into net.minecraft.world.entity.Mob
[18May2026 14:31:20.657] [main/DEBUG] [mixin/]: Mixing util.inventory_change_listening.BlockEntityMixin from lithium.mixins.json into net.minecraft.world.level.block.entity.BlockEntity
[18May2026 14:31:20.661] [main/DEBUG] [mixin/]: lithium.mixins.json:util.inventory_change_listening.BlockEntityMixin: Class version 61 required is higher than the class version supported by the current version of Mixin (JAVA_16 supports class version 60)
[18May2026 14:31:20.661] [main/DEBUG] [mixin/]: Mixing util.inventory_comparator_tracking.BlockEntityMixin from lithium.mixins.json into net.minecraft.world.level.block.entity.BlockEntity
[18May2026 14:31:20.662] [main/DEBUG] [mixin/]: lithium.mixins.json:util.inventory_comparator_tracking.BlockEntityMixin: Class version 61 required is higher than the class version supported by the current version of Mixin (JAVA_16 supports class version 60)
[18May2026 14:31:20.674] [main/DEBUG] [net.minecraftforge.coremod.transformer.CoreModBaseTransformer/COREMOD]: Transforming net/minecraft/world/item/ItemStack
[18May2026 14:31:20.676] [main/DEBUG] [mixin/]: Mixing ItemStackMixin from uniquedungeons.mixin.json into net.minecraft.world.item.ItemStack
[18May2026 14:31:20.685] [main/DEBUG] [mixin/]: Mixing ItemStackMixin from placebo.mixins.json into net.minecraft.world.item.ItemStack
[18May2026 14:31:20.687] [main/DEBUG] [mixin/]: Renaming synthetic method lambda$getOrCreate$0(Ljava/util/function/Function;Ljava/util/function/ToIntFunction;Lnet/minecraft/resources/ResourceLocation;)Ldev/shadowsoffire/placebo/util/CachedObject; to md740d9a$lambda$getOrCreate$0$0 in placebo.mixins.json:ItemStackMixin
[18May2026 14:31:20.694] [main/DEBUG] [mixin/]: Mixing ItemStackMixin from fastsuite.mixins.json into net.minecraft.world.item.ItemStack
[18May2026 14:31:20.699] [main/DEBUG] [mixin/]: Mixing ItemStackMixin from mixins.irons_spellbooks.json into net.minecraft.world.item.ItemStack
[18May2026 14:31:20.717] [main/DEBUG] [net.minecraftforge.coremod.transformer.CoreModBaseTransformer/COREMOD]: Transforming getEnchantmentLevel with desc (Lnet/minecraft/world/item/enchantment/Enchantment;)I
[18May2026 14:31:20.717] [main/INFO] [net.minecraftforge.coremod.CoreMod.placebo/COREMODLOG]: Patching IForgeItemStack#getEnchantmentLevel
[18May2026 14:31:20.719] [main/DEBUG] [net.minecraftforge.coremod.transformer.CoreModBaseTransformer/COREMOD]: Transforming getAllEnchantments with desc ()Ljava/util/Map;
[18May2026 14:31:20.719] [main/INFO] [net.minecraftforge.coremod.CoreMod.placebo/COREMODLOG]: Patching IForgeItemStack#getEnchantmentLevel
[18May2026 14:31:20.721] [main/DEBUG] [mixin/]: Mixing IItemExtensionMixin from mixins.irons_spellbooks.json into net.minecraftforge.common.extensions.IForgeItemStack
[18May2026 14:31:20.728] [main/DEBUG] [mixin/]: Mixing ExplosionMixin from mixins.cobblemon-common.json into net.minecraft.world.level.Explosion
[18May2026 14:31:20.730] [main/DEBUG] [mixin/]: Mixing world.explosions.ExplosionMixin from lithium.mixins.json into net.minecraft.world.level.Explosion
[18May2026 14:31:20.734] [main/DEBUG] [mixin/]: lithium.mixins.json:world.explosions.ExplosionMixin: Class version 61 required is higher than the class version supported by the current version of Mixin (JAVA_16 supports class version 60)
[18May2026 14:31:20.757] [main/DEBUG] [mixin/]: Mixing BlockPlaceContextMixin from goety.mixins.json into net.minecraft.world.item.context.BlockPlaceContext
[18May2026 14:31:20.759] [main/DEBUG] [mixin/]: Mixing FixBlockPlaceContextMixin from moonlight-common.mixins.json into net.minecraft.world.item.context.BlockPlaceContext
[18May2026 14:31:20.801] [main/DEBUG] [mixin/]: Mixing MixinFallingBlockEntity from architectury.mixins.json into net.minecraft.world.entity.item.FallingBlockEntity
[18May2026 14:31:20.896] [main/DEBUG] [mixin/]: Mixing ServerPlayerMixin from betterendisland.mixins.json into net.minecraft.server.level.ServerPlayer
[18May2026 14:31:20.897] [main/DEBUG] [mixin/]: Mixing ServerPlayerMixin from uniquedungeons.mixin.json into net.minecraft.server.level.ServerPlayer
[18May2026 14:31:20.897] [main/DEBUG] [mixin/]: Mixing MixinServerPlayer from xaeroworldmap.mixins.json into net.minecraft.server.level.ServerPlayer
[18May2026 14:31:20.898] [main/DEBUG] [mixin/]: Mixing ServerPlayerEntityTickMixin from yungsapi.mixins.json into net.minecraft.server.level.ServerPlayer
[18May2026 14:31:20.899] [main/DEBUG] [mixin/]: Mixing MixinServerPlayer from xaerolib.mixins.json into net.minecraft.server.level.ServerPlayer
[18May2026 14:31:20.899] [main/DEBUG] [mixin/]: Mixing camera.ANServerPlayerMixin from ars_nouveau.mixins.json into net.minecraft.server.level.ServerPlayer
[18May2026 14:31:20.900] [main/DEBUG] [mixin/]: Mixing ServerPlayerMixin from moonlight-common.mixins.json into net.minecraft.server.level.ServerPlayer
[18May2026 14:31:20.900] [main/DEBUG] [mixin/]: Mixing MixinServerPlayer from xaerohud.mixins.json into net.minecraft.server.level.ServerPlayer
[18May2026 14:31:20.901] [main/DEBUG] [mixin/]: Mixing ServerPlayerAccessor from hardcorerevival.mixins.json into net.minecraft.server.level.ServerPlayer
[18May2026 14:31:20.917] [main/DEBUG] [mixin/]: Mixing util.inventory_change_listening.StackListReplacementTracking$InventoryChangeTrackingDispenserBlockEntity from lithium.mixins.json into net.minecraft.world.level.block.entity.DispenserBlockEntity
[18May2026 14:31:20.918] [main/DEBUG] [mixin/]: lithium.mixins.json:util.inventory_change_listening.StackListReplacementTracking$InventoryChangeTrackingDispenserBlockEntity: Class version 61 required is higher than the class version supported by the current version of Mixin (JAVA_16 supports class version 60)
[18May2026 14:31:20.918] [main/DEBUG] [mixin/]: Mixing accessor.DispenserBlockEntityAccessor from moonlight-common.mixins.json into net.minecraft.world.level.block.entity.DispenserBlockEntity
[18May2026 14:31:20.923] [main/DEBUG] [mixin/]: Mixing util.inventory_change_listening.LockableContainerBlockEntityMixin from lithium.mixins.json into net.minecraft.world.level.block.entity.BaseContainerBlockEntity
[18May2026 14:31:20.923] [main/DEBUG] [mixin/]: lithium.mixins.json:util.inventory_change_listening.LockableContainerBlockEntityMixin: Class version 61 required is higher than the class version supported by the current version of Mixin (JAVA_16 supports class version 60)
[18May2026 14:31:20.923] [main/DEBUG] [mixin/]: Renaming synthetic method lambda$emitFirstComparatorAdded$0(Lme/jellysquid/mods/lithium/common/block/entity/inventory_change_tracking/InventoryChangeListener;)Z to md740d9a$lambda$emitFirstComparatorAdded$0$0 in lithium.mixins.json:util.inventory_change_listening.LockableContainerBlockEntityMixin
[18May2026 14:31:20.932] [main/DEBUG] [mixin/]: Mixing util.inventory_change_listening.StackListReplacementTracking$StackListReplacementTrackingLockableContainerBlockEntity from lithium.mixins.json into net.minecraft.world.level.block.entity.BaseContainerBlockEntity
[18May2026 14:31:20.932] [main/DEBUG] [mixin/]: lithium.mixins.json:util.inventory_change_listening.StackListReplacementTracking$StackListReplacementTrackingLockableContainerBlockEntity: Class version 61 required is higher than the class version supported by the current version of Mixin (JAVA_16 supports class version 60)
[18May2026 14:31:20.966] [main/DEBUG] [mixin/]: Mixing math.fast_util.AxisCycleDirectionMixin$ForwardMixin from lithium.mixins.json into net.minecraft.core.AxisCycle$2
[18May2026 14:31:20.966] [main/DEBUG] [mixin/]: lithium.mixins.json:math.fast_util.AxisCycleDirectionMixin$ForwardMixin: Class version 61 required is higher than the class version supported by the current version of Mixin (JAVA_16 supports class version 60)
[18May2026 14:31:20.968] [main/DEBUG] [mixin/]: Mixing math.fast_util.AxisCycleDirectionMixin$BackwardMixin from lithium.mixins.json into net.minecraft.core.AxisCycle$3
[18May2026 14:31:20.968] [main/DEBUG] [mixin/]: lithium.mixins.json:math.fast_util.AxisCycleDirectionMixin$BackwardMixin: Class version 61 required is higher than the class version supported by the current version of Mixin (JAVA_16 supports class version 60)
[18May2026 14:31:20.985] [main/DEBUG] [mixin/]: Mixing entity.collisions.unpushable_cramming.AbstractMinecartEntityMixin from lithium.mixins.json into net.minecraft.world.entity.vehicle.AbstractMinecart
[18May2026 14:31:20.986] [main/DEBUG] [mixin/]: lithium.mixins.json:entity.collisions.unpushable_cramming.AbstractMinecartEntityMixin: Class version 61 required is higher than the class version supported by the current version of Mixin (JAVA_16 supports class version 60)
[18May2026 14:31:20.986] [main/DEBUG] [mixin/]: Mixing entity.replace_entitytype_predicates.AbstractMinecartEntityMixin from lithium.mixins.json into net.minecraft.world.entity.vehicle.AbstractMinecart
[18May2026 14:31:20.986] [main/DEBUG] [mixin/]: lithium.mixins.json:entity.replace_entitytype_predicates.AbstractMinecartEntityMixin: Class version 61 required is higher than the class version supported by the current version of Mixin (JAVA_16 supports class version 60)
[18May2026 14:31:20.986] [main/DEBUG] [mixin/]: Renaming synthetic method lambda$getOtherAbstractMinecarts$0(Lnet/minecraft/world/entity/Entity;Lnet/minecraft/world/entity/vehicle/AbstractMinecart;)Z to md740d9a$lambda$getOtherAbstractMinecarts$0$0 in lithium.mixins.json:entity.replace_entitytype_predicates.AbstractMinecartEntityMixin
[18May2026 14:31:20.995] [main/DEBUG] [mixin/]: Mixing math.fast_util.BoxMixin from lithium.mixins.json into net.minecraft.world.phys.AABB
[18May2026 14:31:20.995] [main/DEBUG] [mixin/]: lithium.mixins.json:math.fast_util.BoxMixin: Class version 61 required is higher than the class version supported by the current version of Mixin (JAVA_16 supports class version 60)
[18May2026 14:31:21.019] [main/DEBUG] [mixin/]: Mixing block.moving_block_shapes.PistonBlockEntityMixin from lithium.mixins.json into net.minecraft.world.level.block.piston.PistonMovingBlockEntity
[18May2026 14:31:21.020] [main/DEBUG] [mixin/]: lithium.mixins.json:block.moving_block_shapes.PistonBlockEntityMixin: Class version 61 required is higher than the class version supported by the current version of Mixin (JAVA_16 supports class version 60)
[18May2026 14:31:21.023] [main/DEBUG] [mixin/]: Mixing PistonBlockEntityMixin from moonlight-common.mixins.json into net.minecraft.world.level.block.piston.PistonMovingBlockEntity
[18May2026 14:31:21.041] [main/DEBUG] [mixin/]: Mixing AccessorRangedAttribute from attributefix.mixins.json into net.minecraft.world.entity.ai.attributes.RangedAttribute
[18May2026 14:31:21.068] [main/DEBUG] [mixin/]: Mixing common.MixinProjectile from mixins.epicfight.json into net.minecraft.world.entity.projectile.Projectile
[18May2026 14:31:21.115] [main/DEBUG] [mixin/]: Mixing util.inventory_change_listening.ChestBlockEntityMixin from lithium.mixins.json into net.minecraft.world.level.block.entity.ChestBlockEntity
[18May2026 14:31:21.116] [main/DEBUG] [mixin/]: lithium.mixins.json:util.inventory_change_listening.ChestBlockEntityMixin: Class version 61 required is higher than the class version supported by the current version of Mixin (JAVA_16 supports class version 60)
[18May2026 14:31:21.116] [main/DEBUG] [mixin/]: Mixing util.inventory_change_listening.StackListReplacementTracking$InventoryChangeTrackingChestBlockEntity from lithium.mixins.json into net.minecraft.world.level.block.entity.ChestBlockEntity
[18May2026 14:31:21.116] [main/DEBUG] [mixin/]: lithium.mixins.json:util.inventory_change_listening.StackListReplacementTracking$InventoryChangeTrackingChestBlockEntity: Class version 61 required is higher than the class version supported by the current version of Mixin (JAVA_16 supports class version 60)
[18May2026 14:31:21.141] [main/DEBUG] [mixin/]: Mixing common.accessor.AbstractContainerMenuAccessor from aether.mixins.json into net.minecraft.world.inventory.AbstractContainerMenu
[18May2026 14:31:21.141] [main/DEBUG] [mixin/]: Mixing AbstractContainerMenuInvoker from placebo.mixins.json into net.minecraft.world.inventory.AbstractContainerMenu
[18May2026 14:31:21.142] [main/DEBUG] [mixin/]: Mixing AbstractContainerMenuDoClick from watut.mixins.json into net.minecraft.world.inventory.AbstractContainerMenu
[18May2026 14:31:21.149] [main/DEBUG] [mixin/]: Mixing MixinCraftingMenu from fastbench.mixins.json into net.minecraft.world.inventory.CraftingMenu
[18May2026 14:31:21.150] [main/DEBUG] [mixin/]: Renaming synthetic method lambda$slotsChanged$0(Lnet/minecraft/world/level/Level;Lnet/minecraft/core/BlockPos;)V to md740d9a$lambda$slotsChanged$0$0 in fastbench.mixins.json:MixinCraftingMenu
[18May2026 14:31:21.160] [main/DEBUG] [mixin/]: Mixing MixinInventory from curios.mixins.json into net.minecraft.world.entity.player.Inventory
[18May2026 14:31:21.161] [main/DEBUG] [mixin/]: Mixing InventoryMixin from moonlight-common.mixins.json into net.minecraft.world.entity.player.Inventory
[18May2026 14:31:21.169] [main/DEBUG] [mixin/]: Mixing common.accessor.AbstractFurnaceBlockEntityAccessor from aether.mixins.json into net.minecraft.world.level.block.entity.AbstractFurnaceBlockEntity
[18May2026 14:31:21.170] [main/DEBUG] [mixin/]: Renaming @Invoker method callGetTotalCookTime(Lnet/minecraft/world/level/Level;Lnet/minecraft/world/level/block/entity/AbstractFurnaceBlockEntity;)I to callGetTotalCookTime_$md$740d9a$0 in aether.mixins.json:common.accessor.AbstractFurnaceBlockEntityAccessor
[18May2026 14:31:21.170] [main/DEBUG] [mixin/]: Mixing util.inventory_change_listening.StackListReplacementTracking$InventoryChangeTrackingAbstractFurnaceBlockEntity from lithium.mixins.json into net.minecraft.world.level.block.entity.AbstractFurnaceBlockEntity
[18May2026 14:31:21.170] [main/DEBUG] [mixin/]: lithium.mixins.json:util.inventory_change_listening.StackListReplacementTracking$InventoryChangeTrackingAbstractFurnaceBlockEntity: Class version 61 required is higher than the class version supported by the current version of Mixin (JAVA_16 supports class version 60)
[18May2026 14:31:21.170] [main/DEBUG] [mixin/]: Mixing MixinAbstractFurnaceBlockEntity from fastfurnace.mixins.json into net.minecraft.world.level.block.entity.AbstractFurnaceBlockEntity
[18May2026 14:31:21.226] [main/DEBUG] [mixin/]: Mixing AbstractArrowMixin from uniquedungeons.mixin.json into net.minecraft.world.entity.projectile.AbstractArrow
[18May2026 14:31:21.228] [main/DEBUG] [mixin/]: Mixing common.AbstractArrowMixin from aether.mixins.json into net.minecraft.world.entity.projectile.AbstractArrow
[18May2026 14:31:21.228] [main/DEBUG] [mixin/]: Renaming synthetic method lambda$tick$0(Lcom/aetherteam/aether/capability/arrow/PhoenixArrow;)V to md740d9a$lambda$tick$0$0 in aether.mixins.json:common.AbstractArrowMixin
[18May2026 14:31:21.231] [main/DEBUG] [mixin/]: Mixing ArrowEntityMixin from nyfsquiver.mixins.json into net.minecraft.world.entity.projectile.AbstractArrow
[18May2026 14:31:21.232] [main/DEBUG] [mixin/]: Renaming synthetic method lambda$playerTouch$1(Lorg/apache/commons/lang3/tuple/ImmutableTriple;)Lnet/minecraft/world/item/ItemStack; to md740d9a$lambda$playerTouch$1$1 in nyfsquiver.mixins.json:ArrowEntityMixin
[18May2026 14:31:21.232] [main/DEBUG] [mixin/]: Renaming synthetic method lambda$playerTouch$0(Lnet/minecraft/world/item/ItemStack;)Z to md740d9a$lambda$playerTouch$0$2 in nyfsquiver.mixins.json:ArrowEntityMixin
[18May2026 14:31:21.240] [main/DEBUG] [mixin/]: Mixing AbstractArrowMixin from goety.mixins.json into net.minecraft.world.entity.projectile.AbstractArrow
[18May2026 14:31:21.241] [main/DEBUG] [mixin/]: Mixing PersistentProjectileEntityMixin from projectile_damage.mixins.json into net.minecraft.world.entity.projectile.AbstractArrow
[18May2026 14:31:21.242] [main/DEBUG] [mixin/]: Mixing AbstractArrowMixin from forge-more_bows_and_arrows.forge.mixins.json into net.minecraft.world.entity.projectile.AbstractArrow
[18May2026 14:31:21.338] [main/DEBUG] [mixin/]: Mixing PlayerEnchantMixin from endrem.mixins.json into net.minecraft.world.inventory.EnchantmentMenu
[18May2026 14:31:21.345] [main/DEBUG] [mixin/]: Mixing util.inventory_change_listening.StackListReplacementTracking$InventoryChangeTrackingBrewingStandBlockEntity from lithium.mixins.json into net.minecraft.world.level.block.entity.BrewingStandBlockEntity
[18May2026 14:31:21.346] [main/DEBUG] [mixin/]: lithium.mixins.json:util.inventory_change_listening.StackListReplacementTracking$InventoryChangeTrackingBrewingStandBlockEntity: Class version 61 required is higher than the class version supported by the current version of Mixin (JAVA_16 supports class version 60)
[18May2026 14:31:21.402] [main/DEBUG] [mixin/]: Mixing server.WitherMixin from block_factorys_bosses.mixins.json into net.minecraft.world.entity.boss.wither.WitherBoss
[18May2026 14:31:21.403] [main/DEBUG] [mixin/]: Mixing WitherEntityMixin from soulsweapons.mixins.json into net.minecraft.world.entity.boss.wither.WitherBoss
[18May2026 14:31:21.404] [main/DEBUG] [mixin/]: Mixing common.MixinWitherBoss from mixins.epicfight.json into net.minecraft.world.entity.boss.wither.WitherBoss
[18May2026 14:31:21.405] [main/DEBUG] [mixin/]: Renaming @Unique method m_7515_()Lnet/minecraft/sounds/SoundEvent; to md740d9a$m_7515_$0 in mixins.epicfight.json:common.MixinWitherBoss
[18May2026 14:31:21.420] [main/WARN] [mixin/]: @Final field f_31427_:[I in mixins.epicfight.json:common.MixinWitherBoss should be final
[18May2026 14:31:21.421] [main/WARN] [mixin/]: @Final field f_31428_:[I in mixins.epicfight.json:common.MixinWitherBoss should be final
[18May2026 14:31:21.436] [main/DEBUG] [mixin/]: Mixing DamageSourceMixin from ars_nouveau.mixins.json into net.minecraft.world.damagesource.DamageSource
[18May2026 14:31:21.437] [main/DEBUG] [mixin/]: Renaming synthetic method lambda$spellDeathMessage$0(Lnet/minecraft/world/item/ItemStack;Lnet/minecraft/network/chat/Style;)Lnet/minecraft/network/chat/Style; to md740d9a$lambda$spellDeathMessage$0$0 in ars_nouveau.mixins.json:DamageSourceMixin
[18May2026 14:31:21.449] [main/DEBUG] [net.minecraftforge.coremod.transformer.CoreModBaseTransformer/COREMOD]: Transforming m_218868_ with desc ()Ljava/util/OptionalInt;
[18May2026 14:31:21.449] [main/DEBUG] [mixin/]: Mixing entity.replace_entitytype_predicates.ItemFrameEntityMixin from lithium.mixins.json into net.minecraft.world.entity.decoration.ItemFrame
[18May2026 14:31:21.450] [main/DEBUG] [mixin/]: lithium.mixins.json:entity.replace_entitytype_predicates.ItemFrameEntityMixin: Class version 61 required is higher than the class version supported by the current version of Mixin (JAVA_16 supports class version 60)
[18May2026 14:31:21.450] [main/DEBUG] [mixin/]: Renaming synthetic method lambda$getAbstractDecorationEntities$0(Lnet/minecraft/world/entity/Entity;Lnet/minecraft/world/entity/decoration/HangingEntity;)Z to md740d9a$lambda$getAbstractDecorationEntities$0$0 in lithium.mixins.json:entity.replace_entitytype_predicates.ItemFrameEntityMixin
[18May2026 14:31:21.453] [main/DEBUG] [mixin/]: Mixing entity.replace_entitytype_predicates.AbstractDecorationEntityMixin from lithium.mixins.json into net.minecraft.world.entity.decoration.HangingEntity
[18May2026 14:31:21.453] [main/DEBUG] [mixin/]: lithium.mixins.json:entity.replace_entitytype_predicates.AbstractDecorationEntityMixin: Class version 61 required is higher than the class version supported by the current version of Mixin (JAVA_16 supports class version 60)
[18May2026 14:31:21.453] [main/DEBUG] [mixin/]: Renaming synthetic method lambda$getAbstractDecorationEntities$0(Lnet/minecraft/world/entity/Entity;Lnet/minecraft/world/entity/decoration/HangingEntity;)Z to md740d9a$lambda$getAbstractDecorationEntities$0$0 in lithium.mixins.json:entity.replace_entitytype_predicates.AbstractDecorationEntityMixin
[18May2026 14:31:21.457] [main/DEBUG] [mixin/]: Mixing entity.hopper_minecart.HopperBlockEntityMixin from lithium.mixins.json into net.minecraft.world.level.block.entity.HopperBlockEntity
[18May2026 14:31:21.458] [main/DEBUG] [mixin/]: lithium.mixins.json:entity.hopper_minecart.HopperBlockEntityMixin: Class version 61 required is higher than the class version supported by the current version of Mixin (JAVA_16 supports class version 60)
[18May2026 14:31:21.459] [main/DEBUG] [mixin/]: Mixing util.inventory_change_listening.StackListReplacementTracking$InventoryChangeTrackingHopperBlockEntity from lithium.mixins.json into net.minecraft.world.level.block.entity.HopperBlockEntity
[18May2026 14:31:21.459] [main/DEBUG] [mixin/]: lithium.mixins.json:util.inventory_change_listening.StackListReplacementTracking$InventoryChangeTrackingHopperBlockEntity: Class version 61 required is higher than the class version supported by the current version of Mixin (JAVA_16 supports class version 60)
[18May2026 14:31:21.571] [main/DEBUG] [mixin/]: Mixing TheEndGatewayBlockEntityMixin from betterendisland.mixins.json into net.minecraft.world.level.block.entity.TheEndGatewayBlockEntity
[18May2026 14:31:21.604] [main/DEBUG] [mixin/]: Mixing util.inventory_change_listening.StackListReplacementTracking$InventoryChangeTrackingShulkerBoxBlockEntity from lithium.mixins.json into net.minecraft.world.level.block.entity.ShulkerBoxBlockEntity
[18May2026 14:31:21.605] [main/DEBUG] [mixin/]: lithium.mixins.json:util.inventory_change_listening.StackListReplacementTracking$InventoryChangeTrackingShulkerBoxBlockEntity: Class version 61 required is higher than the class version supported by the current version of Mixin (JAVA_16 supports class version 60)
[18May2026 14:31:21.675] [main/DEBUG] [mixin/]: Mixing util.inventory_change_listening.StackListReplacementTracking$InventoryChangeTrackingBarrelBlockEntity from lithium.mixins.json into net.minecraft.world.level.block.entity.BarrelBlockEntity
[18May2026 14:31:21.675] [main/DEBUG] [mixin/]: lithium.mixins.json:util.inventory_change_listening.StackListReplacementTracking$InventoryChangeTrackingBarrelBlockEntity: Class version 61 required is higher than the class version supported by the current version of Mixin (JAVA_16 supports class version 60)
[18May2026 14:31:21.680] [main/DEBUG] [mixin/]: Mixing GrindstoneMenuMixin from moonlight-common.mixins.json into net.minecraft.world.inventory.GrindstoneMenu
[18May2026 14:31:21.685] [main/DEBUG] [mixin/]: Mixing LecternBlockEntityMixin from mixins.irons_spellbooks.json into net.minecraft.world.level.block.entity.LecternBlockEntity
[18May2026 14:31:21.704] [main/DEBUG] [mixin/]: Mixing SmithingMenuMixin from citadel.mixins.json into net.minecraft.world.inventory.SmithingMenu
[18May2026 14:31:21.721] [main/DEBUG] [mixin/]: Mixing ChunkGeneratorMixin from citadel.mixins.json into net.minecraft.world.level.chunk.ChunkGenerator
[18May2026 14:31:21.738] [main/DEBUG] [mixin/]: Mixing structure.StructureBlockUnlimit from hugestructureblocks.mixins.json into net.minecraft.world.level.block.entity.StructureBlockEntity
[18May2026 14:31:21.738] [main/DEBUG] [mixin/]: Renaming synthetic method lambda$getRelatedCorners$0(Lnet/minecraft/world/level/Level;Lnet/minecraft/world/level/block/entity/StructureBlockEntity;Ljava/util/List;Lnet/minecraft/core/BlockPos;)Z to md740d9a$lambda$getRelatedCorners$0$0 in hugestructureblocks.mixins.json:structure.StructureBlockUnlimit
[18May2026 14:31:21.807] [main/DEBUG] [mixin/]: Mixing MixinLightningBolt from architectury-common.mixins.json into net.minecraft.world.entity.LightningBolt
[18May2026 14:31:21.808] [main/DEBUG] [mixin/]: Mixing LightningEntityMixin from moonlight-common.mixins.json into net.minecraft.world.entity.LightningBolt
[18May2026 14:31:21.841] [main/DEBUG] [net.minecraftforge.coremod.transformer.CoreModBaseTransformer/COREMOD]: Transforming net/minecraft/world/entity/animal/frog/Tadpole
[18May2026 14:31:21.866] [main/DEBUG] [mixin/]: Mixing BlockItemMixin from moonlight-common.mixins.json into net.minecraft.world.item.BlockItem
[18May2026 14:31:21.874] [main/DEBUG] [mixin/]: Mixing FlintAnSteelItemMixin from mixins.irons_spellbooks.json into net.minecraft.world.item.FlintAndSteelItem
[18May2026 14:31:21.874] [main/DEBUG] [mixin/]: Renaming synthetic method lambda$useOn$0(Lnet/minecraft/world/item/context/UseOnContext;Lnet/minecraft/world/entity/player/Player;)V to md740d9a$lambda$useOn$0$0 in mixins.irons_spellbooks.json:FlintAnSteelItemMixin
[18May2026 14:31:21.878] [main/DEBUG] [mixin/]: Mixing BowItemMixin from forge-more_bows_and_arrows.forge.mixins.json into net.minecraft.world.item.BowItem
[18May2026 14:31:21.882] [main/DEBUG] [mixin/]: Mixing BowItemMixin from soulsweapons.mixins.json into net.minecraft.world.item.BowItem
[18May2026 14:31:21.887] [main/DEBUG] [mixin/]: Mixing RangedWeaponItemMixin from projectile_damage.mixins.json into net.minecraft.world.item.ProjectileWeaponItem
[18May2026 14:31:21.890] [main/DEBUG] [mixin/]: Mixing ArrowItemMixin from nyfsquiver.mixins.json into net.minecraft.world.item.ArrowItem
[18May2026 14:31:21.891] [main/DEBUG] [mixin/]: Renaming synthetic method lambda$quinfinity$3(Lorg/apache/commons/lang3/tuple/ImmutableTriple;)Lnet/minecraft/world/item/ItemStack; to md740d9a$lambda$quinfinity$3$0 in nyfsquiver.mixins.json:ArrowItemMixin
[18May2026 14:31:21.891] [main/DEBUG] [mixin/]: Renaming synthetic method lambda$quinfinity$2(Lnet/minecraft/world/item/ItemStack;)Z to md740d9a$lambda$quinfinity$2$1 in nyfsquiver.mixins.json:ArrowItemMixin
[18May2026 14:31:21.891] [main/DEBUG] [mixin/]: Renaming synthetic method lambda$customEntity$1(Lorg/apache/commons/lang3/tuple/ImmutableTriple;)Lnet/minecraft/world/item/ItemStack; to md740d9a$lambda$customEntity$1$2 in nyfsquiver.mixins.json:ArrowItemMixin
[18May2026 14:31:21.891] [main/DEBUG] [mixin/]: Renaming synthetic method lambda$customEntity$0(Lnet/minecraft/world/item/ItemStack;)Z to md740d9a$lambda$customEntity$0$3 in nyfsquiver.mixins.json:ArrowItemMixin
[18May2026 14:31:21.892] [main/DEBUG] [mixin/]: Mixing ArrowItemMixin from goety.mixins.json into net.minecraft.world.item.ArrowItem
[18May2026 14:31:21.892] [main/DEBUG] [mixin/]: Mixing ArrowItemMixin from forge-more_bows_and_arrows.forge.mixins.json into net.minecraft.world.item.ArrowItem
[18May2026 14:31:21.893] [main/DEBUG] [mixin/]: Mixing ArrowItemMixin from soulsweapons.mixins.json into net.minecraft.world.item.ArrowItem
[18May2026 14:31:21.899] [main/DEBUG] [mixin/]: Mixing common.accessor.HoeItemAccessor from aether.mixins.json into net.minecraft.world.item.HoeItem
[18May2026 14:31:21.900] [main/DEBUG] [mixin/]: Renaming @Accessor method aether$getTillables()Ljava/util/Map; to aether$getTillables_$md$740d9a$0 in aether.mixins.json:common.accessor.HoeItemAccessor
[18May2026 14:31:21.904] [main/DEBUG] [net.minecraftforge.coremod.transformer.CoreModBaseTransformer/COREMOD]: Transforming net/minecraft/world/item/BucketItem
[18May2026 14:31:21.904] [main/DEBUG] [mixin/]: Mixing inject.MixinBucketItem from architectury-common.mixins.json into net.minecraft.world.item.BucketItem
[18May2026 14:31:21.911] [main/DEBUG] [net.minecraftforge.coremod.transformer.CoreModBaseTransformer/COREMOD]: Transforming m_7373_ with desc (Lnet/minecraft/world/item/ItemStack;Lnet/minecraft/world/level/Level;Ljava/util/List;Lnet/minecraft/world/item/TooltipFlag;)V
[18May2026 14:31:21.912] [main/DEBUG] [mixin/]: Mixing MapItemMixin from moonlight-common.mixins.json into net.minecraft.world.item.MapItem
[18May2026 14:31:21.912] [main/DEBUG] [mixin/]: Renaming synthetic method lambda$update$1(Lnet/minecraft/world/level/saveddata/maps/MapItemSavedData;Lnet/minecraft/world/entity/Entity;Ljava/util/concurrent/atomic/AtomicBoolean;Lnet/minecraft/resources/ResourceLocation;Lnet/mehvahdjukaar/moonlight/api/map/CustomMapData;)V to md740d9a$lambda$update$1$0 in moonlight-common.mixins.json:MapItemMixin
[18May2026 14:31:21.913] [main/DEBUG] [mixin/]: Renaming synthetic method lambda$appendHoverText$0(Lnet/minecraft/world/level/saveddata/maps/MapItemSavedData;Lnet/minecraft/world/item/ItemStack;Ljava/util/List;Lnet/minecraft/resources/ResourceLocation;Lnet/mehvahdjukaar/moonlight/api/map/CustomMapData;)V to md740d9a$lambda$appendHoverText$0$1 in moonlight-common.mixins.json:MapItemMixin
[18May2026 14:31:21.916] [main/DEBUG] [mixin/]: Mixing MixinShearsItem from curios.mixins.json into net.minecraft.world.item.ShearsItem
[18May2026 14:31:21.916] [main/DEBUG] [mixin/]: Mixing ShearItemMixin from moonlight-common.mixins.json into net.minecraft.world.item.ShearsItem
[18May2026 14:31:21.920] [main/DEBUG] [mixin/]: Mixing GlassBottleMixin from soulsweapons.mixins.json into net.minecraft.world.item.BottleItem
[18May2026 14:31:21.926] [main/DEBUG] [mixin/]: Mixing EnderEyeItemMixin from endrem.mixins.json into net.minecraft.world.item.EnderEyeItem
[18May2026 14:31:21.930] [main/DEBUG] [net.minecraftforge.coremod.transformer.CoreModBaseTransformer/COREMOD]: Transforming m_7626_ with desc (Lnet/minecraft/world/item/ItemStack;)Lnet/minecraft/network/chat/Component;
[18May2026 14:31:21.931] [main/DEBUG] [mixin/]: Mixing MixinWrittenBookItem from aquamirae.mixins.json into net.minecraft.world.item.WrittenBookItem
[18May2026 14:31:21.943] [main/DEBUG] [mixin/]: Mixing KrakenTridentTridentItemMixin from block_factorys_bosses.mixins.json into net.minecraft.world.item.TridentItem
[18May2026 14:31:21.944] [main/DEBUG] [mixin/]: Mixing TridentItemMixin from mixins.irons_spellbooks.json into net.minecraft.world.item.TridentItem
[18May2026 14:31:21.950] [main/DEBUG] [mixin/]: Mixing CrossBowMixin from nyfsquiver.mixins.json into net.minecraft.world.item.CrossbowItem
[18May2026 14:31:21.951] [main/DEBUG] [mixin/]: Renaming synthetic method lambda$split$0(Lnet/minecraft/world/item/ItemStack;)Z to md740d9a$lambda$split$0$0 in nyfsquiver.mixins.json:CrossBowMixin
[18May2026 14:31:21.951] [main/DEBUG] [mixin/]: Mixing CrossbowItemMixin from soulsweapons.mixins.json into net.minecraft.world.item.CrossbowItem
[18May2026 14:31:21.952] [main/DEBUG] [mixin/]: Mixing CrossbowMixin from ars_nouveau.mixins.json into net.minecraft.world.item.CrossbowItem
[18May2026 14:31:21.966] [main/INFO] [MonoLib/]: Mixins applied to net.minecraft.world.item.Item
[18May2026 14:31:21.967] [main/DEBUG] [mixin/]: Mixing inject.MixinItemProperties from architectury-common.mixins.json into net.minecraft.world.item.Item$Properties
[18May2026 14:31:21.995] [main/DEBUG] [mixin/]: Mixing entity.TameableEntityMixin from mixins.cobblemon-common.json into net.minecraft.world.entity.TamableAnimal
[18May2026 14:31:22.003] [main/DEBUG] [mixin/]: Mixing perf.ticking_chunk_alloc.ChunkAccessMixin from modernfix-modernfix.mixins.json into net.minecraft.world.level.chunk.ChunkAccess
[18May2026 14:31:22.003] [main/DEBUG] [mixin/]: Mixing common.accessor.ChunkAccessAccessor from aether.mixins.json into net.minecraft.world.level.chunk.ChunkAccess
[18May2026 14:31:22.003] [main/DEBUG] [mixin/]: Mixing perf.compact_imposterprotochunks.ChunkAccessMixin from modernfix-modernfix.mixins.json into net.minecraft.world.level.chunk.ChunkAccess
[18May2026 14:31:22.003] [main/DEBUG] [mixin/]: Mixing chunk.MixinChunkAccess from corgilib-common.mixins.json into net.minecraft.world.level.chunk.ChunkAccess
[18May2026 14:31:22.007] [main/DEBUG] [mixin/]: Mixing world.inline_block_access.WorldChunkMixin from lithium.mixins.json into net.minecraft.world.level.chunk.LevelChunk
[18May2026 14:31:22.007] [main/DEBUG] [mixin/]: lithium.mixins.json:world.inline_block_access.WorldChunkMixin: Class version 61 required is higher than the class version supported by the current version of Mixin (JAVA_16 supports class version 60)
[18May2026 14:31:22.008] [main/DEBUG] [mixin/]: Mixing collections.block_entity_tickers.WorldChunkMixin from lithium.mixins.json into net.minecraft.world.level.chunk.LevelChunk
[18May2026 14:31:22.008] [main/DEBUG] [mixin/]: lithium.mixins.json:collections.block_entity_tickers.WorldChunkMixin: Class version 61 required is higher than the class version supported by the current version of Mixin (JAVA_16 supports class version 60)
[18May2026 14:31:22.008] [main/DEBUG] [mixin/]: Mixing world.combined_heightmap_update.WorldChunkMixin from lithium.mixins.json into net.minecraft.world.level.chunk.LevelChunk
[18May2026 14:31:22.008] [main/DEBUG] [mixin/]: lithium.mixins.json:world.combined_heightmap_update.WorldChunkMixin: Class version 61 required is higher than the class version supported by the current version of Mixin (JAVA_16 supports class version 60)
[18May2026 14:31:22.009] [main/DEBUG] [mixin/]: Mixing world.inline_height.WorldChunkMixin from lithium.mixins.json into net.minecraft.world.level.chunk.LevelChunk
[18May2026 14:31:22.009] [main/DEBUG] [mixin/]: lithium.mixins.json:world.inline_height.WorldChunkMixin: Class version 61 required is higher than the class version supported by the current version of Mixin (JAVA_16 supports class version 60)
[18May2026 14:31:22.009] [main/DEBUG] [mixin/]: Mixing LevelChunkMixin from moonlight-common.mixins.json into net.minecraft.world.level.chunk.LevelChunk
[18May2026 14:31:22.009] [main/DEBUG] [mixin/]: Mixing chunk.MixinLevelChunk from corgilib-common.mixins.json into net.minecraft.world.level.chunk.LevelChunk
[18May2026 14:31:22.024] [main/DEBUG] [mixin/]: Mixing perf.attribute_supplier_dedup.AttributeSupplierMixin from modernfix-modernfix.mixins.json into net.minecraft.world.entity.ai.attributes.AttributeSupplier
[18May2026 14:31:22.027] [main/DEBUG] [mixin/]: Mixing entity.inactive_navigations.EntityNavigationMixin from lithium.mixins.json into net.minecraft.world.entity.ai.navigation.PathNavigation
[18May2026 14:31:22.027] [main/DEBUG] [mixin/]: lithium.mixins.json:entity.inactive_navigations.EntityNavigationMixin: Class version 61 required is higher than the class version supported by the current version of Mixin (JAVA_16 supports class version 60)
[18May2026 14:31:22.031] [main/DEBUG] [net.minecraftforge.coremod.transformer.CoreModBaseTransformer/COREMOD]: Transforming m_7088_ with desc ()Z
[18May2026 14:31:22.043] [main/DEBUG] [mixin/]: Mixing perf.dynamic_dfu.EntityTypeBuilderMixin from modernfix-modernfix.mixins.json into net.minecraft.world.entity.EntityType$Builder
[18May2026 14:31:22.056] [main/DEBUG] [mixin/]: Mixing common.ArmorStandMixin from aether.mixins.json into net.minecraft.world.entity.decoration.ArmorStand
[18May2026 14:31:22.057] [main/DEBUG] [mixin/]: Mixing entity.replace_entitytype_predicates.ArmorStandEntityMixin from lithium.mixins.json into net.minecraft.world.entity.decoration.ArmorStand
[18May2026 14:31:22.057] [main/DEBUG] [mixin/]: lithium.mixins.json:entity.replace_entitytype_predicates.ArmorStandEntityMixin: Class version 61 required is higher than the class version supported by the current version of Mixin (JAVA_16 supports class version 60)
[18May2026 14:31:22.057] [main/DEBUG] [mixin/]: Renaming synthetic method lambda$getMinecartsDirectly$0(Lnet/minecraft/world/entity/Entity;Lnet/minecraft/world/entity/Entity;)Z to md740d9a$lambda$getMinecartsDirectly$0$0 in lithium.mixins.json:entity.replace_entitytype_predicates.ArmorStandEntityMixin
[18May2026 14:31:22.057] [main/DEBUG] [mixin/]: Mixing entity.skip_equipment_change_check.ArmorStandEntityMixin from lithium.mixins.json into net.minecraft.world.entity.decoration.ArmorStand
[18May2026 14:31:22.057] [main/DEBUG] [mixin/]: lithium.mixins.json:entity.skip_equipment_change_check.ArmorStandEntityMixin: Class version 61 required is higher than the class version supported by the current version of Mixin (JAVA_16 supports class version 60)
[18May2026 14:31:22.058] [main/DEBUG] [mixin/]: Mixing ArmorStandAccessor from irons_lib.mixins.json into net.minecraft.world.entity.decoration.ArmorStand
[18May2026 14:31:22.070] [main/DEBUG] [mixin/]: Mixing ExperienceOrbAccess from clumps.mixins.json into net.minecraft.world.entity.ExperienceOrb
[18May2026 14:31:22.071] [main/DEBUG] [mixin/]: Mixing MixinExperienceOrb from clumps.mixins.json into net.minecraft.world.entity.ExperienceOrb
[18May2026 14:31:22.071] [main/DEBUG] [mixin/]: Renaming synthetic method lambda$clumps$resolve$7(Ljava/util/Map$Entry;)Ljava/lang/Integer; to md740d9a$lambda$clumps$resolve$7$0 in clumps.mixins.json:MixinExperienceOrb
[18May2026 14:31:22.072] [main/DEBUG] [mixin/]: Renaming synthetic method lambda$addAdditionalSaveData$6(Lnet/minecraft/nbt/CompoundTag;Ljava/lang/Integer;Ljava/lang/Integer;)V to md740d9a$lambda$addAdditionalSaveData$6$1 in clumps.mixins.json:MixinExperienceOrb
[18May2026 14:31:22.072] [main/DEBUG] [mixin/]: Renaming synthetic method lambda$tryMergeToExisting$5(Ljava/util/Map;)Ljava/util/stream/Stream; to md740d9a$lambda$tryMergeToExisting$5$2 in clumps.mixins.json:MixinExperienceOrb
[18May2026 14:31:22.072] [main/DEBUG] [mixin/]: Renaming synthetic method lambda$tryMergeToExisting$4(IILnet/minecraft/world/entity/ExperienceOrb;)Z to md740d9a$lambda$tryMergeToExisting$4$3 in clumps.mixins.json:MixinExperienceOrb
[18May2026 14:31:22.072] [main/DEBUG] [mixin/]: Renaming synthetic method lambda$merge$3(Ljava/util/Map;)Ljava/util/stream/Stream; to md740d9a$lambda$merge$3$4 in clumps.mixins.json:MixinExperienceOrb
[18May2026 14:31:22.072] [main/DEBUG] [mixin/]: Renaming synthetic method lambda$clumps$repairPlayerItems$2(ILnet/minecraft/world/entity/player/Player;Lnet/minecraft/world/item/ItemStack;)Ljava/lang/Integer; to md740d9a$lambda$clumps$repairPlayerItems$2$5 in clumps.mixins.json:MixinExperienceOrb
[18May2026 14:31:22.072] [main/DEBUG] [mixin/]: Renaming synthetic method lambda$clumps$repairPlayerItems$1(Lnet/minecraft/world/item/ItemStack;Ljava/lang/Integer;)Ljava/lang/Float; to md740d9a$lambda$clumps$repairPlayerItems$1$6 in clumps.mixins.json:MixinExperienceOrb
[18May2026 14:31:22.072] [main/DEBUG] [mixin/]: Renaming synthetic method lambda$playerTouch$0(Lnet/minecraft/world/entity/player/Player;Ljava/util/concurrent/atomic/AtomicInteger;Ljava/lang/Integer;Ljava/lang/Integer;)V to md740d9a$lambda$playerTouch$0$7 in clumps.mixins.json:MixinExperienceOrb
[18May2026 14:31:22.087] [main/DEBUG] [mixin/]: Mixing perf.ticking_chunk_alloc.BatMixin from modernfix-modernfix.mixins.json into net.minecraft.world.entity.ambient.Bat
[18May2026 14:31:22.093] [main/DEBUG] [mixin/]: Mixing common.accessor.BeeAccessor from aether.mixins.json into net.minecraft.world.entity.animal.Bee
[18May2026 14:31:22.100] [main/DEBUG] [mixin/]: Mixing BeeGoalMixin from moonlight-common.mixins.json into net.minecraft.world.entity.animal.Bee$BeeGrowCropGoal
[18May2026 14:31:22.109] [main/DEBUG] [mixin/]: Mixing common.accessor.LookAtPlayerGoalAccessor from aether.mixins.json into net.minecraft.world.entity.ai.goal.LookAtPlayerGoal
[18May2026 14:31:22.115] [main/DEBUG] [mixin/]: Mixing common.accessor.BoatAccessor from aether.mixins.json into net.minecraft.world.entity.vehicle.Boat
[18May2026 14:31:22.115] [main/DEBUG] [mixin/]: Mixing accessor.BoatEntityAccessor from mixins.cobblemon-common.json into net.minecraft.world.entity.vehicle.Boat
[18May2026 14:31:22.115] [main/DEBUG] [mixin/]: Mixing entity.collisions.unpushable_cramming.BoatEntityMixin from lithium.mixins.json into net.minecraft.world.entity.vehicle.Boat
[18May2026 14:31:22.116] [main/DEBUG] [mixin/]: lithium.mixins.json:entity.collisions.unpushable_cramming.BoatEntityMixin: Class version 61 required is higher than the class version supported by the current version of Mixin (JAVA_16 supports class version 60)
[18May2026 14:31:22.138] [main/DEBUG] [net.minecraftforge.coremod.transformer.CoreModBaseTransformer/COREMOD]: Transforming net/minecraft/world/entity/monster/Spider
[18May2026 14:31:22.170] [main/DEBUG] [mixin/]: Mixing CreeperMixin from mixins.irons_spellbooks.json into net.minecraft.world.entity.monster.Creeper
[18May2026 14:31:22.181] [main/DEBUG] [mixin/]: Mixing entity.inactive_navigations.DrownedEntityMixin from lithium.mixins.json into net.minecraft.world.entity.monster.Drowned
[18May2026 14:31:22.182] [main/DEBUG] [net.minecraftforge.coremod.transformer.CoreModBaseTransformer/COREMOD]: Transforming net/minecraft/world/entity/monster/Zombie
[18May2026 14:31:22.241] [main/DEBUG] [mixin/]: lithium.mixins.json:entity.inactive_navigations.DrownedEntityMixin: Class version 61 required is higher than the class version supported by the current version of Mixin (JAVA_16 supports class version 60)
[18May2026 14:31:22.247] [main/DEBUG] [net.minecraftforge.coremod.transformer.CoreModBaseTransformer/COREMOD]: Transforming net/minecraft/world/entity/monster/Zombie
[18May2026 14:31:22.301] [main/DEBUG] [net.minecraftforge.coremod.transformer.CoreModBaseTransformer/COREMOD]: Transforming net/minecraft/world/entity/monster/ZombieVillager
[18May2026 14:31:22.330] [main/DEBUG] [mixin/]: Mixing common.MixinThrownTrident from mixins.epicfight.json into net.minecraft.world.entity.projectile.ThrownTrident
[18May2026 14:31:22.336] [main/DEBUG] [mixin/]: Mixing common.MixinRangedAttackGoal from mixins.epicfight.json into net.minecraft.world.entity.ai.goal.RangedAttackGoal
[18May2026 14:31:22.336] [main/DEBUG] [mixin/]: Renaming synthetic method lambda$epicfight$tick$0(Lyesman/epicfight/world/capabilities/entitypatch/LivingEntityPatch;)V to md740d9a$lambda$epicfight$tick$0$0 in mixins.epicfight.json:common.MixinRangedAttackGoal
[18May2026 14:31:22.338] [main/DEBUG] [mixin/]: Mixing entity.inactive_navigations.DrownedEntityLeaveWaterGoalMixin from lithium.mixins.json into net.minecraft.world.entity.monster.Drowned$DrownedGoToBeachGoal
[18May2026 14:31:22.338] [main/DEBUG] [mixin/]: lithium.mixins.json:entity.inactive_navigations.DrownedEntityLeaveWaterGoalMixin: Class version 61 required is higher than the class version supported by the current version of Mixin (JAVA_16 supports class version 60)
[18May2026 14:31:22.342] [main/DEBUG] [mixin/]: Mixing pokeball.ThrownEntityMixin from mixins.cobblemon-common.json into net.minecraft.world.entity.projectile.ThrowableProjectile
[18May2026 14:31:22.355] [main/DEBUG] [mixin/]: Mixing EnderDragonMixin from goety.mixins.json into net.minecraft.world.entity.boss.enderdragon.EnderDragon
[18May2026 14:31:22.359] [main/DEBUG] [mixin/]: Mixing EnderDragonEntityMixin from soulsweapons.mixins.json into net.minecraft.world.entity.boss.enderdragon.EnderDragon
[18May2026 14:31:22.376] [main/DEBUG] [mixin/]: Mixing RaiderMixin from goety.mixins.json into net.minecraft.world.entity.raid.Raider
[18May2026 14:31:22.380] [main/DEBUG] [mixin/]: Mixing ai.raid.RaiderEntityMixin from lithium.mixins.json into net.minecraft.world.entity.raid.Raider
[18May2026 14:31:22.381] [main/DEBUG] [mixin/]: lithium.mixins.json:ai.raid.RaiderEntityMixin: Class version 61 required is higher than the class version supported by the current version of Mixin (JAVA_16 supports class version 60)
[18May2026 14:31:22.381] [main/DEBUG] [mixin/]: Renaming synthetic method lambda$static$0(Lnet/minecraft/world/entity/item/ItemEntity;)Z to md740d9a$lambda$static$0$0 in lithium.mixins.json:ai.raid.RaiderEntityMixin
[18May2026 14:31:22.388] [main/DEBUG] [mixin/]: Mixing ai.raid.PickupBannerAsLeaderGoalMixin from lithium.mixins.json into net.minecraft.world.entity.raid.Raider$ObtainRaidLeaderBannerGoal
[18May2026 14:31:22.388] [main/DEBUG] [mixin/]: lithium.mixins.json:ai.raid.PickupBannerAsLeaderGoalMixin: Class version 61 required is higher than the class version supported by the current version of Mixin (JAVA_16 supports class version 60)
[18May2026 14:31:22.390] [main/DEBUG] [mixin/]: Mixing ai.poi.tasks.RaiderEntityAttackHomeGoalMixin from lithium.mixins.json into net.minecraft.world.entity.raid.Raider$RaiderMoveThroughVillageGoal
[18May2026 14:31:22.390] [main/DEBUG] [mixin/]: lithium.mixins.json:ai.poi.tasks.RaiderEntityAttackHomeGoalMixin: Class version 61 required is higher than the class version supported by the current version of Mixin (JAVA_16 supports class version 60)
[18May2026 14:31:22.394] [main/DEBUG] [net.minecraftforge.coremod.transformer.CoreModBaseTransformer/COREMOD]: Transforming net/minecraft/world/entity/monster/Evoker$EvokerSummonSpellGoal
[18May2026 14:31:22.418] [main/DEBUG] [mixin/]: Mixing FrogMixin from goety.mixins.json into net.minecraft.world.entity.animal.frog.Frog
[18May2026 14:31:22.442] [main/DEBUG] [mixin/]: Mixing common.MixinRangedBowAttackGoal from mixins.epicfight.json into net.minecraft.world.entity.ai.goal.RangedBowAttackGoal
[18May2026 14:31:22.442] [main/DEBUG] [mixin/]: Renaming synthetic method lambda$epicfight$tick$0(Lyesman/epicfight/world/capabilities/entitypatch/LivingEntityPatch;)V to md740d9a$lambda$epicfight$tick$0$0 in mixins.epicfight.json:common.MixinRangedBowAttackGoal
[18May2026 14:31:22.447] [main/DEBUG] [mixin/]: Mixing entity.replace_entitytype_predicates.IronGolemWanderAroundGoalMixin from lithium.mixins.json into net.minecraft.world.entity.ai.goal.GolemRandomStrollInVillageGoal
[18May2026 14:31:22.448] [main/DEBUG] [mixin/]: lithium.mixins.json:entity.replace_entitytype_predicates.IronGolemWanderAroundGoalMixin: Class version 61 required is higher than the class version supported by the current version of Mixin (JAVA_16 supports class version 60)
[18May2026 14:31:22.451] [main/DEBUG] [mixin/]: Mixing DefendVillageGoalGolemMixin from guardvillagers.mixins.json into net.minecraft.world.entity.ai.goal.target.DefendVillageTargetGoal
[18May2026 14:31:22.454] [main/WARN] [mixin/]: @Final field f_26027_:Lnet/minecraft/world/entity/ai/targeting/TargetingConditions; in guardvillagers.mixins.json:DefendVillageGoalGolemMixin should be final
[18May2026 14:31:22.464] [main/DEBUG] [mixin/]: Mixing entity.replace_entitytype_predicates.FormCaravanGoalMixin from lithium.mixins.json into net.minecraft.world.entity.ai.goal.LlamaFollowCaravanGoal
[18May2026 14:31:22.464] [main/DEBUG] [mixin/]: lithium.mixins.json:entity.replace_entitytype_predicates.FormCaravanGoalMixin: Class version 61 required is higher than the class version supported by the current version of Mixin (JAVA_16 supports class version 60)
[18May2026 14:31:22.464] [main/DEBUG] [mixin/]: Renaming synthetic method lambda$getLlamasForCaravan$0(Lnet/minecraft/world/entity/Entity;Lnet/minecraft/world/entity/animal/horse/Llama;)Z to md740d9a$lambda$getLlamasForCaravan$0$0 in lithium.mixins.json:entity.replace_entitytype_predicates.FormCaravanGoalMixin
[18May2026 14:31:22.501] [main/DEBUG] [mixin/]: Mixing common.accessor.ZombifiedPiglinAccessor from aether.mixins.json into net.minecraft.world.entity.monster.ZombifiedPiglin
[18May2026 14:31:22.504] [main/DEBUG] [mixin/]: Mixing PiglinEntityMixin from mixins.cobblemon-common.json into net.minecraft.world.entity.monster.piglin.Piglin
[18May2026 14:31:22.515] [main/DEBUG] [mixin/]: Mixing common.MixinRangedCrossbowAttackGoal from mixins.epicfight.json into net.minecraft.world.entity.ai.goal.RangedCrossbowAttackGoal
[18May2026 14:31:22.515] [main/DEBUG] [mixin/]: Renaming synthetic method lambda$epicfight$tick$0(Lyesman/epicfight/world/capabilities/entitypatch/LivingEntityPatch;)V to md740d9a$lambda$epicfight$tick$0$0 in mixins.epicfight.json:common.MixinRangedCrossbowAttackGoal
[18May2026 14:31:22.522] [main/DEBUG] [mixin/]: Mixing ThrownPotionMixin from moonlight-common.mixins.json into net.minecraft.world.entity.projectile.ThrownPotion
[18May2026 14:31:22.527] [main/DEBUG] [mixin/]: Mixing PufferfishAccessor from ars_nouveau.mixins.json into net.minecraft.world.entity.animal.Pufferfish
[18May2026 14:31:22.528] [main/DEBUG] [mixin/]: Renaming @Accessor method targetConditions()Lnet/minecraft/world/entity/ai/targeting/TargetingConditions; to targetConditions_$md$740d9a$0 in ars_nouveau.mixins.json:PufferfishAccessor
[18May2026 14:31:22.550] [main/DEBUG] [net.minecraftforge.coremod.transformer.CoreModBaseTransformer/COREMOD]: Transforming net/minecraft/world/entity/animal/horse/SkeletonTrapGoal
[18May2026 14:31:22.568] [main/DEBUG] [mixin/]: Mixing common.accessor.BaseSpawnerAccessor from aether.mixins.json into net.minecraft.world.level.BaseSpawner
[18May2026 14:31:22.574] [main/DEBUG] [net.minecraftforge.coremod.transformer.CoreModBaseTransformer/COREMOD]: Transforming net/minecraft/world/entity/monster/Strider
[18May2026 14:31:22.619] [main/DEBUG] [mixin/]: Mixing entity.data_tracker.use_arrays.DataTrackerMixin from lithium.mixins.json into net.minecraft.network.syncher.SynchedEntityData
[18May2026 14:31:22.619] [main/DEBUG] [mixin/]: lithium.mixins.json:entity.data_tracker.use_arrays.DataTrackerMixin: Class version 61 required is higher than the class version supported by the current version of Mixin (JAVA_16 supports class version 60)
[18May2026 14:31:22.622] [main/DEBUG] [mixin/]: Mixing entity.data_tracker.no_locks.DataTrackerMixin from lithium.mixins.json into net.minecraft.network.syncher.SynchedEntityData
[18May2026 14:31:22.622] [main/DEBUG] [mixin/]: lithium.mixins.json:entity.data_tracker.no_locks.DataTrackerMixin: Class version 61 required is higher than the class version supported by the current version of Mixin (JAVA_16 supports class version 60)
[18May2026 14:31:22.636] [main/WARN] [net.minecraft.network.syncher.SynchedEntityData/]: defineId called for: class net.minecraft.world.entity.LivingEntity from class yesman.epicfight.world.capabilities.entitypatch.LivingEntityPatch
[18May2026 14:31:22.636] [main/WARN] [net.minecraft.network.syncher.SynchedEntityData/]: defineId called for: class net.minecraft.world.entity.LivingEntity from class yesman.epicfight.world.capabilities.entitypatch.LivingEntityPatch
[18May2026 14:31:22.637] [main/WARN] [net.minecraft.network.syncher.SynchedEntityData/]: defineId called for: class net.minecraft.world.entity.LivingEntity from class yesman.epicfight.world.capabilities.entitypatch.LivingEntityPatch
[18May2026 14:31:22.637] [main/WARN] [net.minecraft.network.syncher.SynchedEntityData/]: defineId called for: class net.minecraft.world.entity.LivingEntity from class yesman.epicfight.world.capabilities.entitypatch.LivingEntityPatch
[18May2026 14:31:22.638] [main/DEBUG] [mixin/]: Mixing SensorMixin from goety.mixins.json into net.minecraft.world.entity.ai.sensing.Sensor
[18May2026 14:31:22.639] [main/DEBUG] [mixin/]: Renaming synthetic method lambda$mixinDoTick$0(Lnet/minecraft/world/entity/LivingEntity;)Z to md740d9a$lambda$mixinDoTick$0$0 in goety.mixins.json:SensorMixin
[18May2026 14:31:22.649] [main/DEBUG] [mixin/]: Mixing ai.sensor.secondary_poi.SecondaryPointsOfInterestSensorMixin from lithium.mixins.json into net.minecraft.world.entity.ai.sensing.SecondaryPoiSensor
[18May2026 14:31:22.649] [main/DEBUG] [mixin/]: lithium.mixins.json:ai.sensor.secondary_poi.SecondaryPointsOfInterestSensorMixin: Class version 61 required is higher than the class version supported by the current version of Mixin (JAVA_16 supports class version 60)
[18May2026 14:31:22.651] [main/DEBUG] [mixin/]: Mixing SecondaryPoiSensorMixin from smarterfarmers-common.mixins.json into net.minecraft.world.entity.ai.sensing.SecondaryPoiSensor
[18May2026 14:31:22.660] [main/DEBUG] [mixin/]: Mixing server.WardenMixin from block_factorys_bosses.mixins.json into net.minecraft.world.entity.monster.warden.Warden
[18May2026 14:31:22.668] [main/DEBUG] [mixin/]: Mixing util.world_border_listener.WorldBorderMixin from lithium.mixins.json into net.minecraft.world.level.border.WorldBorder
[18May2026 14:31:22.669] [main/DEBUG] [mixin/]: lithium.mixins.json:util.world_border_listener.WorldBorderMixin: Class version 61 required is higher than the class version supported by the current version of Mixin (JAVA_16 supports class version 60)
[18May2026 14:31:22.694] [main/DEBUG] [net.minecraftforge.coremod.transformer.CoreModBaseTransformer/COREMOD]: Transforming net/minecraft/world/entity/npc/Villager
[18May2026 14:31:22.737] [main/DEBUG] [mixin/]: Mixing VillagerMixin from goety.mixins.json into net.minecraft.world.entity.npc.Villager
[18May2026 14:31:22.746] [main/DEBUG] [mixin/]: Mixing VillagerMixin from guardvillagers.mixins.json into net.minecraft.world.entity.npc.Villager
[18May2026 14:31:22.747] [main/DEBUG] [mixin/]: Mixing EntityVillagerMixin from mixins.cobblemon-common.json into net.minecraft.world.entity.npc.Villager
[18May2026 14:31:22.749] [main/DEBUG] [mixin/]: Mixing VillagerAccessor from smarterfarmers-common.mixins.json into net.minecraft.world.entity.npc.Villager
[18May2026 14:31:22.749] [main/DEBUG] [mixin/]: Renaming @Accessor method setFoodPoints(Ljava/util/Map;)V to setFoodPoints_$md$740d9a$0 in smarterfarmers-common.mixins.json:VillagerAccessor
[18May2026 14:31:22.749] [main/DEBUG] [mixin/]: Mixing VillagerMixin from smarterfarmers-common.mixins.json into net.minecraft.world.entity.npc.Villager
[18May2026 14:31:22.751] [main/DEBUG] [mixin/]: Mixing VillagerMixin from smarterfarmers.mixins.json into net.minecraft.world.entity.npc.Villager
[18May2026 14:31:22.751] [main/DEBUG] [mixin/]: smarterfarmers.mixins.json:VillagerMixin: Class version 61 required is higher than the class version supported by the current version of Mixin (JAVA_16 supports class version 60)
[18May2026 14:31:22.752] [main/DEBUG] [mixin/]: Mixing VillagerMixin from moonlight-common.mixins.json into net.minecraft.world.entity.npc.Villager
[18May2026 14:31:22.824] [main/DEBUG] [mixin/]: Mixing entity.collisions.unpushable_cramming.EntityPredicatesMixin from lithium.mixins.json into net.minecraft.world.entity.EntitySelector
[18May2026 14:31:22.824] [main/DEBUG] [mixin/]: lithium.mixins.json:entity.collisions.unpushable_cramming.EntityPredicatesMixin: Class version 61 required is higher than the class version supported by the current version of Mixin (JAVA_16 supports class version 60)
[18May2026 14:31:22.856] [main/DEBUG] [mixin/]: Mixing IngredientMixin from fastsuite.mixins.json into net.minecraft.world.item.crafting.Ingredient
[18May2026 14:31:22.867] [main/DEBUG] [mixin/]: Mixing perf.faster_ingredients.IngredientMixin from modernfix-modernfix.mixins.json into net.minecraft.world.item.crafting.Ingredient
[18May2026 14:31:22.868] [main/DEBUG] [mixin/]: Renaming synthetic method lambda$computeItemsArray$1(I)[Lnet/minecraft/world/item/ItemStack; to md740d9a$lambda$computeItemsArray$1$0 in modernfix-modernfix.mixins.json:perf.faster_ingredients.IngredientMixin
[18May2026 14:31:22.868] [main/DEBUG] [mixin/]: Renaming synthetic method lambda$modernfix$fasterTagIngredientStacking$0(Lnet/minecraft/core/Holder;)I to md740d9a$lambda$modernfix$fasterTagIngredientStacking$0$1 in modernfix-modernfix.mixins.json:perf.faster_ingredients.IngredientMixin
[18May2026 14:31:22.881] [main/DEBUG] [mixin/]: Mixing perf.smart_ingredient_sync.IngredientMixin from modernfix-modernfix.mixins.json into net.minecraft.world.item.crafting.Ingredient
[18May2026 14:31:22.922] [main/DEBUG] [mixin/]: Mixing inject.MixinFoodPropertiesBuilder from architectury-common.mixins.json into net.minecraft.world.food.FoodProperties$Builder
[18May2026 14:31:22.925] [main/DEBUG] [net.minecraftforge.coremod.transformer.CoreModBaseTransformer/COREMOD]: Transforming net/minecraft/world/effect/MobEffectInstance
[18May2026 14:31:22.925] [main/DEBUG] [mixin/]: Mixing accessor.StatusEffectInstanceAccessor from mixins.cobblemon-common.json into net.minecraft.world.effect.MobEffectInstance
[18May2026 14:31:22.966] [main/DEBUG] [mixin/]: Mixing common.accessor.ServerGamePacketListenerImplAccessor from aether.mixins.json into net.minecraft.server.network.ServerGamePacketListenerImpl
[18May2026 14:31:22.966] [main/DEBUG] [mixin/]: Mixing bugfix.forge_vehicle_packets.ServerGamePacketListenerImplMixin from modernfix-modernfix.mixins.json into net.minecraft.server.network.ServerGamePacketListenerImpl
[18May2026 14:31:22.967] [main/DEBUG] [mixin/]: Mixing common.MixinServerGamePacketListenerImpl from mixins.epicfight.json into net.minecraft.server.network.ServerGamePacketListenerImpl
[18May2026 14:31:22.968] [main/DEBUG] [mixin/]: Mixing ServerGamePacketListenerImplMixin from hardcorerevival.mixins.json into net.minecraft.server.network.ServerGamePacketListenerImpl
[18May2026 14:31:22.983] [main/DEBUG] [mixin/]: Mixing accessor.PotionBrewingAccessor from yungsapi.mixins.json into net.minecraft.world.item.alchemy.PotionBrewing
[18May2026 14:31:22.984] [main/DEBUG] [mixin/]: Renaming @Invoker method callAddMix(Lnet/minecraft/world/item/alchemy/Potion;Lnet/minecraft/world/item/Item;Lnet/minecraft/world/item/alchemy/Potion;)V to callAddMix_$md$740d9a$0 in yungsapi.mixins.json:accessor.PotionBrewingAccessor
[18May2026 14:31:22.984] [main/DEBUG] [mixin/]: Mixing BrewingRecipeRegistryAccessor from soulsweapons.mixins.json into net.minecraft.world.item.alchemy.PotionBrewing
[18May2026 14:31:22.984] [main/DEBUG] [mixin/]: Renaming @Invoker method invokeRegisterPotionRecipe(Lnet/minecraft/world/item/alchemy/Potion;Lnet/minecraft/world/item/Item;Lnet/minecraft/world/item/alchemy/Potion;)V to invokeRegisterPotionRecipe_$md$740d9a$1 in soulsweapons.mixins.json:BrewingRecipeRegistryAccessor
[18May2026 14:31:22.984] [main/DEBUG] [mixin/]: Mixing PotionRecipeMixin from ars_nouveau.mixins.json into net.minecraft.world.item.alchemy.PotionBrewing
[18May2026 14:31:22.984] [main/DEBUG] [mixin/]: Renaming @Accessor method mixList()Ljava/util/List; to mixList_$md$740d9a$2 in ars_nouveau.mixins.json:PotionRecipeMixin
[18May2026 14:31:22.991] [main/DEBUG] [mixin/]: Mixing alloc.nbt.NbtCompoundMixin from lithium.mixins.json into net.minecraft.nbt.CompoundTag
[18May2026 14:31:22.991] [main/DEBUG] [mixin/]: lithium.mixins.json:alloc.nbt.NbtCompoundMixin: Class version 61 required is higher than the class version supported by the current version of Mixin (JAVA_16 supports class version 60)
[18May2026 14:31:22.998] [main/DEBUG] [mixin/]: Mixing alloc.nbt.NbtCompoundMixin$Type from lithium.mixins.json into net.minecraft.nbt.CompoundTag$1
[18May2026 14:31:22.998] [main/DEBUG] [mixin/]: lithium.mixins.json:alloc.nbt.NbtCompoundMixin$Type: Class version 61 required is higher than the class version supported by the current version of Mixin (JAVA_16 supports class version 60)
[18May2026 14:31:23.028] [main/DEBUG] [mixin/]: Mixing ShearsDispenserBehaviorMixin from mixins.cobblemon-common.json into net.minecraft.core.dispenser.ShearsDispenseItemBehavior
[18May2026 14:31:23.029] [main/DEBUG] [mixin/]: Renaming synthetic method lambda$cobblemon$tryApricornHarvest$0()Lkotlin/Unit; to md740d9a$lambda$cobblemon$tryApricornHarvest$0$0 in mixins.cobblemon-common.json:ShearsDispenserBehaviorMixin
[18May2026 14:31:23.060] [main/DEBUG] [mixin/]: Mixing StructureProcessorAccessor from goety.mixins.json into net.minecraft.world.level.levelgen.structure.templatesystem.StructureProcessor
[18May2026 14:31:23.060] [main/DEBUG] [mixin/]: Mixing accessor.StructureProcessorAccessor from cataclysm.mixins.json into net.minecraft.world.level.levelgen.structure.templatesystem.StructureProcessor
[18May2026 14:31:23.061] [main/DEBUG] [mixin/]: Mixing structure.StructureProcessorAccessor from ars_nouveau.mixins.json into net.minecraft.world.level.levelgen.structure.templatesystem.StructureProcessor
[18May2026 14:31:23.061] [main/DEBUG] [mixin/]: Unexpected: Registered method callGetType()Lnet/minecraft/world/level/levelgen/structure/templatesystem/StructureProcessorType; in net.minecraft.world.level.levelgen.structure.templatesystem.StructureProcessor was not merged
[18May2026 14:31:23.061] [main/DEBUG] [mixin/]: Unexpected: Registered method callGetType()Lnet/minecraft/world/level/levelgen/structure/templatesystem/StructureProcessorType; in net.minecraft.world.level.levelgen.structure.templatesystem.StructureProcessor was not merged
[18May2026 14:31:23.078] [main/DEBUG] [mixin/]: Mixing world.combined_heightmap_update.HeightmapAccessor from lithium.mixins.json into net.minecraft.world.level.levelgen.Heightmap
[18May2026 14:31:23.078] [main/DEBUG] [mixin/]: lithium.mixins.json:world.combined_heightmap_update.HeightmapAccessor: Class version 61 required is higher than the class version supported by the current version of Mixin (JAVA_16 supports class version 60)
[18May2026 14:31:23.081] [main/DEBUG] [mixin/]: Mixing perf.cache_upgraded_structures.StructureManagerMixin from modernfix-modernfix.mixins.json into net.minecraft.world.level.levelgen.structure.templatesystem.StructureTemplateManager
[18May2026 14:31:23.082] [main/DEBUG] [mixin/]: Mixing perf.dynamic_structure_manager.StructureManagerMixin from modernfix-modernfix.mixins.json into net.minecraft.world.level.levelgen.structure.templatesystem.StructureTemplateManager
[18May2026 14:31:23.106] [main/DEBUG] [mixin/]: Mixing SlotAccessor from balm.mixins.json into net.minecraft.world.inventory.Slot
[18May2026 14:31:23.113] [main/DEBUG] [mixin/]: Mixing GrindstoneMenuSlotMixin from moonlight-common.mixins.json into net.minecraft.world.inventory.GrindstoneMenu$4
[18May2026 14:31:23.124] [main/DEBUG] [mixin/]: Mixing MapExtendingRecipeMixin from moonlight-common.mixins.json into net.minecraft.world.item.crafting.MapExtendingRecipe
[18May2026 14:31:23.200] [main/DEBUG] [mixin/]: Mixing EnchantRandomlyFunctionMixin from goety.mixins.json into net.minecraft.world.level.storage.loot.functions.EnchantRandomlyFunction
[18May2026 14:31:23.200] [main/DEBUG] [mixin/]: Renaming synthetic method lambda$filterEnchants$0(Lnet/minecraft/world/item/enchantment/Enchantment;)Z to md740d9a$lambda$filterEnchants$0$0 in goety.mixins.json:EnchantRandomlyFunctionMixin
[18May2026 14:31:23.213] [main/DEBUG] [mixin/]: Mixing ApplyBonusCountMixin from goety.mixins.json into net.minecraft.world.level.storage.loot.functions.ApplyBonusCount
[18May2026 14:31:23.214] [main/DEBUG] [mixin/]: Mixing MixinApplyBonusCount from curios.mixins.json into net.minecraft.world.level.storage.loot.functions.ApplyBonusCount
[18May2026 14:31:23.251] [main/DEBUG] [mixin/]: Mixing collections.mob_spawning.PoolMixin from lithium.mixins.json into net.minecraft.util.random.WeightedRandomList
[18May2026 14:31:23.255] [main/DEBUG] [mixin/]: lithium.mixins.json:collections.mob_spawning.PoolMixin: Class version 61 required is higher than the class version supported by the current version of Mixin (JAVA_16 supports class version 60)
[18May2026 14:31:23.264] [main/DEBUG] [mixin/]: Mixing common.DimensionTypeMixin from aether.mixins.json into net.minecraft.world.level.dimension.DimensionType
[18May2026 14:31:23.334] [main/DEBUG] [mixin/]: Mixing NoMultifaceGrowthFeatureInStructuresMixin from cataclysm.mixins.json into net.minecraft.world.level.levelgen.feature.MultifaceGrowthFeature
[18May2026 14:31:23.336] [main/DEBUG] [net.minecraftforge.coremod.transformer.CoreModBaseTransformer/COREMOD]: Transforming m_226857_ with desc (Lnet/minecraft/world/level/levelgen/structure/pieces/StructurePieceSerializationContext;Lnet/minecraft/nbt/CompoundTag;J)Lnet/minecraft/world/level/levelgen/structure/StructureStart;
[18May2026 14:31:23.344] [main/DEBUG] [net.minecraftforge.coremod.transformer.CoreModBaseTransformer/COREMOD]: Transforming net/minecraft/world/level/levelgen/structure/Structure
[18May2026 14:31:23.351] [main/DEBUG] [mixin/]: Mixing NoMagmaBlockInStructuresMixin from cataclysm.mixins.json into net.minecraft.world.level.levelgen.feature.UnderwaterMagmaFeature
[18May2026 14:31:23.357] [main/DEBUG] [mixin/]: Mixing NoLakesInStructuresMixin from cataclysm.mixins.json into net.minecraft.world.level.levelgen.feature.LakeFeature
[18May2026 14:31:23.358] [main/DEBUG] [mixin/]: Mixing gen.NoLakesInStructuresMixin from iceandfire.mixins.json into net.minecraft.world.level.levelgen.feature.LakeFeature
[18May2026 14:31:23.363] [main/DEBUG] [mixin/]: Mixing NoOreInStructuresMixin from cataclysm.mixins.json into net.minecraft.world.level.levelgen.feature.OreFeature
[18May2026 14:31:23.367] [main/DEBUG] [mixin/]: Mixing SpikeFeatureMixin from betterendisland.mixins.json into net.minecraft.world.level.levelgen.feature.SpikeFeature
[18May2026 14:31:23.370] [main/DEBUG] [mixin/]: Mixing EndGatewayFeatureMixin from betterendisland.mixins.json into net.minecraft.world.level.levelgen.feature.EndGatewayFeature
[18May2026 14:31:23.377] [main/DEBUG] [mixin/]: Mixing NoBasaltColumnsInStructuresMixin from cataclysm.mixins.json into net.minecraft.world.level.levelgen.feature.BasaltColumnsFeature
[18May2026 14:31:23.379] [main/DEBUG] [mixin/]: Mixing NoDeltasInStructuresMixin from cataclysm.mixins.json into net.minecraft.world.level.levelgen.feature.DeltaFeature
[18May2026 14:31:23.383] [main/DEBUG] [mixin/]: Mixing NoGeodeInStructuresMixin from cataclysm.mixins.json into net.minecraft.world.level.levelgen.feature.GeodeFeature
[18May2026 14:31:23.398] [main/DEBUG] [mixin/]: Mixing common.PlacedFeatureAccessor from lithostitched.mixins.json into net.minecraft.world.level.levelgen.placement.PlacedFeature
[18May2026 14:31:23.410] [main/DEBUG] [mixin/]: Mixing StructureProcessorListMixin from mixins.cobblemon-common.json into net.minecraft.world.level.levelgen.structure.templatesystem.StructureProcessorList
[18May2026 14:31:23.410] [main/DEBUG] [mixin/]: Mixing common.StructureProcessorListAccessor from lithostitched.mixins.json into net.minecraft.world.level.levelgen.structure.templatesystem.StructureProcessorList
[18May2026 14:31:23.446] [main/DEBUG] [mixin/]: Mixing EndSpikeMixin from betterendisland.mixins.json into net.minecraft.world.level.levelgen.feature.SpikeFeature$EndSpike
[18May2026 14:31:23.489] [main/DEBUG] [mixin/]: Mixing common.StructureSetAccessor from lithostitched.mixins.json into net.minecraft.world.level.levelgen.structure.StructureSet
[18May2026 14:31:23.491] [main/DEBUG] [net.minecraftforge.coremod.transformer.CoreModBaseTransformer/COREMOD]: Transforming net/minecraft/world/level/levelgen/structure/Structure
[18May2026 14:31:23.517] [main/DEBUG] [mixin/]: Mixing StrongholdPiecesMixin from endrem.mixins.json into net.minecraft.world.level.levelgen.structure.structures.StrongholdPieces$PortalRoom
[18May2026 14:31:23.528] [main/DEBUG] [net.minecraftforge.coremod.transformer.CoreModBaseTransformer/COREMOD]: Transforming net/minecraft/world/level/levelgen/structure/structures/OceanRuinPieces$OceanRuinPiece
[18May2026 14:31:23.545] [main/DEBUG] [net.minecraftforge.coremod.transformer.CoreModBaseTransformer/COREMOD]: Transforming net/minecraft/world/level/levelgen/structure/structures/SwampHutPiece
[18May2026 14:31:23.557] [main/DEBUG] [net.minecraftforge.coremod.transformer.CoreModBaseTransformer/COREMOD]: Transforming net/minecraft/world/level/levelgen/structure/structures/OceanMonumentPieces$OceanMonumentPiece
[18May2026 14:31:23.575] [main/DEBUG] [net.minecraftforge.coremod.transformer.CoreModBaseTransformer/COREMOD]: Transforming net/minecraft/world/level/levelgen/structure/structures/WoodlandMansionPieces$WoodlandMansionPiece
[18May2026 14:31:23.585] [main/DEBUG] [mixin/]: Mixing common.ShipwreckPieceMixin from lithostitched.mixins.json into net.minecraft.world.level.levelgen.structure.structures.ShipwreckPieces$ShipwreckPiece
[18May2026 14:31:23.597] [main/DEBUG] [mixin/]: Mixing collections.mob_spawning.SpawnSettingsMixin from lithium.mixins.json into net.minecraft.world.level.biome.MobSpawnSettings
[18May2026 14:31:23.597] [main/DEBUG] [mixin/]: lithium.mixins.json:collections.mob_spawning.SpawnSettingsMixin: Class version 61 required is higher than the class version supported by the current version of Mixin (JAVA_16 supports class version 60)
[18May2026 14:31:23.617] [main/DEBUG] [mixin/]: Mixing structure.JigsawStructureUnlimit from hugestructureblocks.mixins.json into net.minecraft.world.level.levelgen.structure.structures.JigsawStructure
[18May2026 14:31:23.617] [main/DEBUG] [mixin/]: Renaming synthetic method lambda$static$7(Lcom/mojang/serialization/codecs/RecordCodecBuilder$Instance;)Lcom/mojang/datafixers/kinds/App; to md740d9a$lambda$static$7$0 in hugestructureblocks.mixins.json:structure.JigsawStructureUnlimit
[18May2026 14:31:23.617] [main/DEBUG] [mixin/]: Renaming synthetic method lambda$static$6(Lnet/minecraft/world/level/levelgen/structure/structures/JigsawStructure;)Ljava/lang/Integer; to md740d9a$lambda$static$6$1 in hugestructureblocks.mixins.json:structure.JigsawStructureUnlimit
[18May2026 14:31:23.618] [main/DEBUG] [mixin/]: Renaming synthetic method lambda$static$5(Lnet/minecraft/world/level/levelgen/structure/structures/JigsawStructure;)Ljava/util/Optional; to md740d9a$lambda$static$5$2 in hugestructureblocks.mixins.json:structure.JigsawStructureUnlimit
[18May2026 14:31:23.618] [main/DEBUG] [mixin/]: Renaming synthetic method lambda$static$4(Lnet/minecraft/world/level/levelgen/structure/structures/JigsawStructure;)Ljava/lang/Boolean; to md740d9a$lambda$static$4$3 in hugestructureblocks.mixins.json:structure.JigsawStructureUnlimit
[18May2026 14:31:23.618] [main/DEBUG] [mixin/]: Renaming synthetic method lambda$static$3(Lnet/minecraft/world/level/levelgen/structure/structures/JigsawStructure;)Lnet/minecraft/world/level/levelgen/heightproviders/HeightProvider; to md740d9a$lambda$static$3$4 in hugestructureblocks.mixins.json:structure.JigsawStructureUnlimit
[18May2026 14:31:23.618] [main/DEBUG] [mixin/]: Renaming synthetic method lambda$static$2(Lnet/minecraft/world/level/levelgen/structure/structures/JigsawStructure;)Ljava/lang/Integer; to md740d9a$lambda$static$2$5 in hugestructureblocks.mixins.json:structure.JigsawStructureUnlimit
[18May2026 14:31:23.618] [main/DEBUG] [mixin/]: Renaming synthetic method lambda$static$1(Lnet/minecraft/world/level/levelgen/structure/structures/JigsawStructure;)Ljava/util/Optional; to md740d9a$lambda$static$1$6 in hugestructureblocks.mixins.json:structure.JigsawStructureUnlimit
[18May2026 14:31:23.618] [main/DEBUG] [mixin/]: Renaming synthetic method lambda$static$0(Lnet/minecraft/world/level/levelgen/structure/structures/JigsawStructure;)Lnet/minecraft/core/Holder; to md740d9a$lambda$static$0$7 in hugestructureblocks.mixins.json:structure.JigsawStructureUnlimit
[18May2026 14:31:23.624] [main/DEBUG] [mixin/]: Mixing common.JigsawStructureMixin from lithostitched.mixins.json into net.minecraft.world.level.levelgen.structure.structures.JigsawStructure
[18May2026 14:31:23.639] [main/DEBUG] [mixin/]: Mixing accessor.StructureTemplatePoolAccessor from yungsapi.mixins.json into net.minecraft.world.level.levelgen.structure.pools.StructureTemplatePool
[18May2026 14:31:23.639] [main/DEBUG] [mixin/]: Mixing IncreaseStructureWeightLimitMixinForge from yungsapi_forge.mixins.json into net.minecraft.world.level.levelgen.structure.pools.StructureTemplatePool
[18May2026 14:31:23.639] [main/DEBUG] [mixin/]: Mixing StructurePoolAccessor from kambrik.mixins.json into net.minecraft.world.level.levelgen.structure.pools.StructureTemplatePool
[18May2026 14:31:23.639] [main/DEBUG] [mixin/]: kambrik.mixins.json:StructurePoolAccessor: Class version 61 required is higher than the class version supported by the current version of Mixin (JAVA_8 supports class version 52)
[18May2026 14:31:23.639] [main/DEBUG] [mixin/]: Mixing StructureTemplatePoolAccessor from morevillagers-common.mixins.json into net.minecraft.world.level.levelgen.structure.pools.StructureTemplatePool
[18May2026 14:31:23.640] [main/DEBUG] [mixin/]: Mixing accessor.StructureTemplatePoolAccessor from cataclysm.mixins.json into net.minecraft.world.level.levelgen.structure.pools.StructureTemplatePool
[18May2026 14:31:23.640] [main/DEBUG] [mixin/]: Mixing StructurePoolAccessor from mixins.cobblemon-common.json into net.minecraft.world.level.levelgen.structure.pools.StructureTemplatePool
[18May2026 14:31:23.640] [main/DEBUG] [mixin/]: Mixing common.StructureTemplatePoolAccessor from lithostitched.mixins.json into net.minecraft.world.level.levelgen.structure.pools.StructureTemplatePool
[18May2026 14:31:23.640] [main/DEBUG] [mixin/]: Mixing common.StructureTemplatePoolMixin from lithostitched.mixins.json into net.minecraft.world.level.levelgen.structure.pools.StructureTemplatePool
[18May2026 14:31:23.640] [main/DEBUG] [mixin/]: Renaming synthetic method lambda$compileRawTemplates$0(Lcom/mojang/datafixers/util/Pair;)V to md740d9a$lambda$compileRawTemplates$0$0 in lithostitched.mixins.json:common.StructureTemplatePoolMixin
[18May2026 14:31:23.644] [main/DEBUG] [mixin/]: Unexpected: Registered method getElementCounts()Ljava/util/List; in net.minecraft.world.level.levelgen.structure.pools.StructureTemplatePool was not merged
[18May2026 14:31:23.644] [main/DEBUG] [mixin/]: Unexpected: Registered method setRawTemplates(Ljava/util/List;)V in net.minecraft.world.level.levelgen.structure.pools.StructureTemplatePool was not merged
[18May2026 14:31:23.644] [main/DEBUG] [mixin/]: Unexpected: Registered method setElementCounts(Ljava/util/List;)V in net.minecraft.world.level.levelgen.structure.pools.StructureTemplatePool was not merged
[18May2026 14:31:23.644] [main/DEBUG] [mixin/]: Unexpected: Registered method getRawTemplates()Ljava/util/List; in net.minecraft.world.level.levelgen.structure.pools.StructureTemplatePool was not merged
[18May2026 14:31:23.644] [main/DEBUG] [mixin/]: Unexpected: Registered method getRawTemplates()Ljava/util/List; in net.minecraft.world.level.levelgen.structure.pools.StructureTemplatePool was not merged
[18May2026 14:31:23.644] [main/DEBUG] [mixin/]: Unexpected: Registered method getRawTemplates()Ljava/util/List; in net.minecraft.world.level.levelgen.structure.pools.StructureTemplatePool was not merged
[18May2026 14:31:23.645] [main/DEBUG] [mixin/]: Unexpected: Registered method getElements()Lit/unimi/dsi/fastutil/objects/ObjectArrayList; in net.minecraft.world.level.levelgen.structure.pools.StructureTemplatePool was not merged
[18May2026 14:31:23.739] [main/DEBUG] [net.minecraftforge.coremod.transformer.CoreModBaseTransformer/COREMOD]: Transforming net/minecraft/world/level/biome/Biome
[18May2026 14:31:23.740] [main/ERROR] [net.minecraftforge.coremod.transformer.CoreModBaseTransformer/COREMOD]: Error occurred applying transform of coremod coremods/field_to_method.js function biome
java.lang.IllegalStateException: Field f_47437_ is not private and an instance field
	at net.minecraftforge.coremod.api.ASMAPI.redirectFieldToMethod(ASMAPI.java:1069) ~[coremods-5.2.4.jar%2354!/:?]
	at org.openjdk.nashorn.internal.scripts.Script$Recompilation$54$292A$\^eval\_.initializeCoreMod#transformer(<eval>:11) ~[?:?]
	at org.openjdk.nashorn.internal.runtime.ScriptFunctionData.invoke(ScriptFunctionData.java:648) ~[nashorn-core-15.4.jar%2366!/:?]
	at org.openjdk.nashorn.internal.runtime.ScriptFunction.invoke(ScriptFunction.java:513) ~[nashorn-core-15.4.jar%2366!/:?]
	at org.openjdk.nashorn.internal.runtime.ScriptRuntime.apply(ScriptRuntime.java:520) ~[nashorn-core-15.4.jar%2366!/:?]
	at org.openjdk.nashorn.api.scripting.ScriptObjectMirror.call(ScriptObjectMirror.java:111) ~[nashorn-core-15.4.jar%2366!/:?]
	at net.minecraftforge.coremod.NashornFactory.lambda$getFunction$0(NashornFactory.java:37) ~[coremods-5.2.4.jar%2354!/:5.2.4]
	at net.minecraftforge.coremod.transformer.CoreModClassTransformer.runCoremod(CoreModClassTransformer.java:22) ~[coremods-5.2.4.jar%2354!/:?]
	at net.minecraftforge.coremod.transformer.CoreModClassTransformer.runCoremod(CoreModClassTransformer.java:14) ~[coremods-5.2.4.jar%2354!/:?]
	at net.minecraftforge.coremod.transformer.CoreModBaseTransformer.transform(CoreModBaseTransformer.java:60) ~[coremods-5.2.4.jar%2354!/:?]
	at cpw.mods.modlauncher.TransformerHolder.transform(TransformerHolder.java:41) ~[modlauncher-10.0.9.jar%2355!/:?]
	at cpw.mods.modlauncher.ClassTransformer.performVote(ClassTransformer.java:179) ~[modlauncher-10.0.9.jar%2355!/:?]
	at cpw.mods.modlauncher.ClassTransformer.transform(ClassTransformer.java:117) ~[modlauncher-10.0.9.jar%2355!/:?]
	at cpw.mods.modlauncher.TransformingClassLoader.maybeTransformClassBytes(TransformingClassLoader.java:50) ~[modlauncher-10.0.9.jar%2355!/:?]
	at cpw.mods.cl.ModuleClassLoader.readerToClass(ModuleClassLoader.java:113) ~[securejarhandler-2.1.10.jar:?]
	at cpw.mods.cl.ModuleClassLoader.lambda$findClass$15(ModuleClassLoader.java:219) ~[securejarhandler-2.1.10.jar:?]
	at cpw.mods.cl.ModuleClassLoader.loadFromModule(ModuleClassLoader.java:229) ~[securejarhandler-2.1.10.jar:?]
	at cpw.mods.cl.ModuleClassLoader.findClass(ModuleClassLoader.java:219) ~[securejarhandler-2.1.10.jar:?]
	at cpw.mods.cl.ModuleClassLoader.loadClass(ModuleClassLoader.java:135) ~[securejarhandler-2.1.10.jar:?]
	at java.lang.ClassLoader.loadClass(ClassLoader.java:525) ~[?:?]
	at net.minecraft.world.level.biome.FixedBiomeSource.<clinit>(FixedBiomeSource.java:17) ~[server-1.20.1-20230612.114412-srg.jar%23315!/:?]
	at net.minecraft.world.level.biome.BiomeSources.m_220586_(BiomeSources.java:8) ~[server-1.20.1-20230612.114412-srg.jar%23315!/:?]
	at net.minecraft.core.registries.BuiltInRegistries.m_258029_(BuiltInRegistries.java:448) ~[server-1.20.1-20230612.114412-srg.jar%23315!/:?]
	at net.minecraft.core.registries.BuiltInRegistries.m_258037_(BuiltInRegistries.java:462) ~[server-1.20.1-20230612.114412-srg.jar%23315!/:?]
	at java.util.LinkedHashMap.forEach(LinkedHashMap.java:721) ~[?:?]
	at net.minecraft.core.registries.BuiltInRegistries.m_257453_(BuiltInRegistries.java:461) ~[server-1.20.1-20230612.114412-srg.jar%23315!/:?]
	at net.minecraft.core.registries.BuiltInRegistries.m_257498_(BuiltInRegistries.java:455) ~[server-1.20.1-20230612.114412-srg.jar%23315!/:?]
	at net.minecraft.server.Bootstrap.m_135870_(Bootstrap.java:55) ~[server-1.20.1-20230612.114412-srg.jar%23315!/:?]
	at net.minecraft.server.Main.main(Main.java:121) ~[server-1.20.1-20230612.114412-srg.jar%23315!/:?]
	at jdk.internal.reflect.NativeMethodAccessorImpl.invoke0(Native Method) ~[?:?]
	at jdk.internal.reflect.NativeMethodAccessorImpl.invoke(NativeMethodAccessorImpl.java:77) ~[?:?]
	at jdk.internal.reflect.DelegatingMethodAccessorImpl.invoke(DelegatingMethodAccessorImpl.java:43) ~[?:?]
	at java.lang.reflect.Method.invoke(Method.java:569) ~[?:?]
	at net.minecraftforge.fml.loading.targets.CommonLaunchHandler.runTarget(CommonLaunchHandler.java:111) ~[fmlloader-1.20.1-47.4.0.jar%2369!/:?]
	at net.minecraftforge.fml.loading.targets.CommonLaunchHandler.serverService(CommonLaunchHandler.java:103) ~[fmlloader-1.20.1-47.4.0.jar%2369!/:?]
	at net.minecraftforge.fml.loading.targets.CommonServerLaunchHandler.lambda$makeService$0(CommonServerLaunchHandler.java:27) ~[fmlloader-1.20.1-47.4.0.jar%2369!/:?]
	at cpw.mods.modlauncher.LaunchServiceHandlerDecorator.launch(LaunchServiceHandlerDecorator.java:30) ~[modlauncher-10.0.9.jar%2355!/:?]
	at cpw.mods.modlauncher.LaunchServiceHandler.launch(LaunchServiceHandler.java:53) ~[modlauncher-10.0.9.jar%2355!/:?]
	at cpw.mods.modlauncher.LaunchServiceHandler.launch(LaunchServiceHandler.java:71) ~[modlauncher-10.0.9.jar%2355!/:?]
	at cpw.mods.modlauncher.Launcher.run(Launcher.java:108) ~[modlauncher-10.0.9.jar%2355!/:?]
	at cpw.mods.modlauncher.Launcher.main(Launcher.java:78) ~[modlauncher-10.0.9.jar%2355!/:?]
	at cpw.mods.modlauncher.BootstrapLaunchConsumer.accept(BootstrapLaunchConsumer.java:26) ~[modlauncher-10.0.9.jar%2355!/:?]
	at cpw.mods.modlauncher.BootstrapLaunchConsumer.accept(BootstrapLaunchConsumer.java:23) ~[modlauncher-10.0.9.jar%2355!/:?]
	at cpw.mods.bootstraplauncher.BootstrapLauncher.main(BootstrapLauncher.java:141) ~[bootstraplauncher-1.1.2.jar:?]
[18May2026 14:31:23.743] [main/DEBUG] [mixin/]: Mixing perf.remove_biome_temperature_cache.BiomeMixin from modernfix-modernfix.mixins.json into net.minecraft.world.level.biome.Biome
[18May2026 14:31:23.743] [main/WARN] [mixin/]: Static binding violation: PRIVATE @Overwrite method m_47505_ in modernfix-modernfix.mixins.json:perf.remove_biome_temperature_cache.BiomeMixin cannot reduce visibiliy of PUBLIC target method, visibility will be upgraded.
[18May2026 14:31:23.743] [main/DEBUG] [mixin/]: Mixing world.chunk_ticking.spread_ice.BiomeMixin from lithium.mixins.json into net.minecraft.world.level.biome.Biome
[18May2026 14:31:23.744] [main/DEBUG] [mixin/]: lithium.mixins.json:world.chunk_ticking.spread_ice.BiomeMixin: Class version 61 required is higher than the class version supported by the current version of Mixin (JAVA_16 supports class version 60)
[18May2026 14:31:23.744] [main/DEBUG] [mixin/]: Mixing world.temperature_cache.BiomeMixin from lithium.mixins.json into net.minecraft.world.level.biome.Biome
[18May2026 14:31:23.744] [main/DEBUG] [mixin/]: lithium.mixins.json:world.temperature_cache.BiomeMixin: Class version 61 required is higher than the class version supported by the current version of Mixin (JAVA_16 supports class version 60)
[18May2026 14:31:23.744] [main/DEBUG] [mixin/]: Mixing biomeTemperatureLeak.Biome_threadLocalMixin from memoryleakfix.mixins.json into net.minecraft.world.level.biome.Biome
[18May2026 14:31:23.745] [main/DEBUG] [mixin/]: Mixing MixinBiome from aquamirae.mixins.json into net.minecraft.world.level.biome.Biome
[18May2026 14:31:23.746] [main/WARN] [mixin/]: Method overwrite conflict for m_47505_ in lithium.mixins.json:world.temperature_cache.BiomeMixin, previously written by org.embeddedt.modernfix.common.mixin.perf.remove_biome_temperature_cache.BiomeMixin. Skipping method.
[18May2026 14:31:23.748] [main/DEBUG] [mixin/]: Unexpected: Registered method m_47505_(Lnet/minecraft/core/BlockPos;)F in net.minecraft.world.level.biome.Biome was not merged
[18May2026 14:31:23.799] [main/DEBUG] [mixin/]: Mixing DelegatingOpsMixin from corgilib-common.mixins.json into net.minecraft.resources.DelegatingOps
[18May2026 14:31:23.807] [main/DEBUG] [mixin/]: Mixing NoiseChunkGeneratorMixin from mixins.irons_spellbooks.json into net.minecraft.world.level.levelgen.NoiseBasedChunkGenerator
[18May2026 14:31:23.808] [main/DEBUG] [mixin/]: Renaming synthetic method lambda$irons_spellbooks$detectAquifers$2(I)[Lnet/minecraft/world/level/levelgen/structure/BoundingBox; to md740d9a$lambda$irons_spellbooks$detectAquifers$2$0 in mixins.irons_spellbooks.json:NoiseChunkGeneratorMixin
[18May2026 14:31:23.808] [main/DEBUG] [mixin/]: Renaming synthetic method lambda$irons_spellbooks$detectAquifers$1(Lnet/minecraft/world/level/levelgen/structure/StructureStart;)Ljava/util/stream/Stream; to md740d9a$lambda$irons_spellbooks$detectAquifers$1$1 in mixins.irons_spellbooks.json:NoiseChunkGeneratorMixin
[18May2026 14:31:23.808] [main/DEBUG] [mixin/]: Renaming synthetic method lambda$irons_spellbooks$detectAquifers$0(Lnet/minecraft/world/level/StructureManager;Lnet/minecraft/world/level/levelgen/structure/Structure;)Z to md740d9a$lambda$irons_spellbooks$detectAquifers$0$2 in mixins.irons_spellbooks.json:NoiseChunkGeneratorMixin
[18May2026 14:31:23.817] [main/DEBUG] [mixin/]: Mixing NoiseGeneratorSettingsMixin from citadel.mixins.json into net.minecraft.world.level.levelgen.NoiseGeneratorSettings
[18May2026 14:31:23.819] [main/DEBUG] [mixin/]: Mixing common.NoiseGeneratorSettingsAccessor from lithostitched.mixins.json into net.minecraft.world.level.levelgen.NoiseGeneratorSettings
[18May2026 14:31:23.845] [main/DEBUG] [mixin/]: Mixing perf.forge_registry_alloc.DebugLevelSourceMixin from modernfix-modernfix.mixins.json into net.minecraft.world.level.levelgen.DebugLevelSource
[18May2026 14:31:23.895] [main/DEBUG] [mixin/]: Mixing perf.optimize_surface_rules.SequenceRuleSourceMixin from modernfix-modernfix.mixins.json into net.minecraft.world.level.levelgen.SurfaceRules$SequenceRuleSource
[18May2026 14:31:23.941] [main/DEBUG] [mixin/]: Mixing accessor.SinglePoolElementAccessor from yungsapi.mixins.json into net.minecraft.world.level.levelgen.structure.pools.SinglePoolElement
[18May2026 14:31:23.942] [main/DEBUG] [mixin/]: Mixing SinglePoolElementMixin from guardvillagers.mixins.json into net.minecraft.world.level.levelgen.structure.pools.SinglePoolElement
[18May2026 14:31:23.943] [main/DEBUG] [mixin/]: Renaming synthetic method lambda$place$0(Lnet/minecraft/world/level/WorldGenLevel;Lnet/minecraft/core/BlockPos;Lnet/minecraft/resources/ResourceLocation;)V to md740d9a$lambda$place$0$0 in guardvillagers.mixins.json:SinglePoolElementMixin
[18May2026 14:31:23.945] [main/DEBUG] [mixin/]: Mixing accessor.SinglePoolElementAccessor from cataclysm.mixins.json into net.minecraft.world.level.levelgen.structure.pools.SinglePoolElement
[18May2026 14:31:23.946] [main/DEBUG] [mixin/]: Mixing common.SinglePoolElementAccessor from lithostitched.mixins.json into net.minecraft.world.level.levelgen.structure.pools.SinglePoolElement
[18May2026 14:31:23.947] [main/DEBUG] [mixin/]: Unexpected: Registered method callGetTemplate(Lnet/minecraft/world/level/levelgen/structure/templatesystem/StructureTemplateManager;)Lnet/minecraft/world/level/levelgen/structure/templatesystem/StructureTemplate; in net.minecraft.world.level.levelgen.structure.pools.SinglePoolElement was not merged
[18May2026 14:31:23.956] [main/DEBUG] [mixin/]: Mixing accessor.ListPoolElementAccessor from yungsapi.mixins.json into net.minecraft.world.level.levelgen.structure.pools.ListPoolElement
[18May2026 14:31:23.957] [main/DEBUG] [mixin/]: Mixing accessor.ListPoolElementAccessor from cataclysm.mixins.json into net.minecraft.world.level.levelgen.structure.pools.ListPoolElement
[18May2026 14:31:23.957] [main/DEBUG] [mixin/]: Unexpected: Registered method getElements()Ljava/util/List; in net.minecraft.world.level.levelgen.structure.pools.ListPoolElement was not merged
[18May2026 14:31:23.959] [main/DEBUG] [mixin/]: Mixing accessor.FeaturePoolElementAccessor from yungsapi.mixins.json into net.minecraft.world.level.levelgen.structure.pools.FeaturePoolElement
[18May2026 14:31:23.960] [main/DEBUG] [mixin/]: Mixing accessor.FeaturePoolElementAccessor from cataclysm.mixins.json into net.minecraft.world.level.levelgen.structure.pools.FeaturePoolElement
[18May2026 14:31:23.960] [main/DEBUG] [mixin/]: Unexpected: Registered method getFeature()Lnet/minecraft/core/Holder; in net.minecraft.world.level.levelgen.structure.pools.FeaturePoolElement was not merged
[18May2026 14:31:24.095] [main/DEBUG] [mixin/]: Mixing core.NetworkHooksMixin from modernfix-modernfix.mixins.json into net.minecraftforge.network.NetworkHooks
[18May2026 14:31:24.100] [main/DEBUG] [net.minecraftforge.network.NetworkHooks/]: Loading Network data for FML net version: FML3
[18May2026 14:31:24.131] [main/DEBUG] [net.minecraftforge.common.ForgeI18n/CORE]: Loading I18N data entries: 6434
[18May2026 14:31:24.148] [main/DEBUG] [net.minecraftforge.fml.ModWorkManager/LOADING]: Using 4 threads for parallel mod-loading
[18May2026 14:31:24.159] [main/DEBUG] [net.minecraftforge.fml.javafmlmod.FMLJavaModLanguageProvider/LOADING]: Loading FMLModContainer from classloader cpw.mods.modlauncher.TransformingClassLoader@661e279d - got cpw.mods.cl.ModuleClassLoader@7c2312fa
[18May2026 14:31:24.161] [main/DEBUG] [net.minecraftforge.fml.javafmlmod.FMLModContainer/LOADING]: Creating FMLModContainer instance for com.minecraftserverzone.weaponmaster.WeaponMasterMod
[18May2026 14:31:24.163] [main/DEBUG] [net.minecraftforge.fml.javafmlmod.FMLJavaModLanguageProvider/LOADING]: Loading FMLModContainer from classloader cpw.mods.modlauncher.TransformingClassLoader@661e279d - got cpw.mods.cl.ModuleClassLoader@7c2312fa
[18May2026 14:31:24.163] [main/DEBUG] [net.minecraftforge.fml.javafmlmod.FMLModContainer/LOADING]: Creating FMLModContainer instance for com.becks.uniquedungeons.UniqueDungeons
[18May2026 14:31:24.164] [main/DEBUG] [net.minecraftforge.fml.javafmlmod.FMLJavaModLanguageProvider/LOADING]: Loading FMLModContainer from classloader cpw.mods.modlauncher.TransformingClassLoader@661e279d - got cpw.mods.cl.ModuleClassLoader@7c2312fa
[18May2026 14:31:24.164] [main/DEBUG] [net.minecraftforge.fml.javafmlmod.FMLModContainer/LOADING]: Creating FMLModContainer instance for net.blay09.mods.kuma.forge.ForgeKumaAPI
[18May2026 14:31:24.165] [main/DEBUG] [net.minecraftforge.fml.javafmlmod.FMLJavaModLanguageProvider/LOADING]: Loading FMLModContainer from classloader cpw.mods.modlauncher.TransformingClassLoader@661e279d - got cpw.mods.cl.ModuleClassLoader@7c2312fa
[18May2026 14:31:24.165] [main/DEBUG] [net.minecraftforge.fml.javafmlmod.FMLModContainer/LOADING]: Creating FMLModContainer instance for software.bernie.example.GeckoLibMod
[18May2026 14:31:24.165] [main/DEBUG] [net.minecraftforge.fml.javafmlmod.FMLJavaModLanguageProvider/LOADING]: Loading FMLModContainer from classloader cpw.mods.modlauncher.TransformingClassLoader@661e279d - got cpw.mods.cl.ModuleClassLoader@7c2312fa
[18May2026 14:31:24.165] [main/DEBUG] [net.minecraftforge.fml.javafmlmod.FMLModContainer/LOADING]: Creating FMLModContainer instance for dev.kosmx.playerAnim.forge.ForgeModInterface
[18May2026 14:31:24.166] [main/DEBUG] [net.minecraftforge.fml.javafmlmod.FMLJavaModLanguageProvider/LOADING]: Loading FMLModContainer from classloader cpw.mods.modlauncher.TransformingClassLoader@661e279d - got cpw.mods.cl.ModuleClassLoader@7c2312fa
[18May2026 14:31:24.166] [main/DEBUG] [net.minecraftforge.fml.javafmlmod.FMLModContainer/LOADING]: Creating FMLModContainer instance for com.aetherteam.aether.Aether
[18May2026 14:31:24.167] [main/DEBUG] [net.minecraftforge.fml.javafmlmod.FMLJavaModLanguageProvider/LOADING]: Loading FMLModContainer from classloader cpw.mods.modlauncher.TransformingClassLoader@661e279d - got cpw.mods.cl.ModuleClassLoader@7c2312fa
[18May2026 14:31:24.168] [main/DEBUG] [net.minecraftforge.fml.javafmlmod.FMLModContainer/LOADING]: Creating FMLModContainer instance for net.mcreator.stalwartdungeons.StalwartDungeonsMod
[18May2026 14:31:24.169] [main/DEBUG] [net.minecraftforge.fml.lowcodemod.LowCodeModLanguageProvider.LowCodeModTarget/LOADING]: Loading LowCodeModContainer from classloader cpw.mods.modlauncher.TransformingClassLoader@661e279d - got cpw.mods.cl.ModuleClassLoader@7c2312fa
[18May2026 14:31:24.169] [main/DEBUG] [net.minecraftforge.fml.lowcodemod.LowCodeModContainer/LOADING]: Creating LowCodeModContainer for incendium
[18May2026 14:31:24.169] [main/DEBUG] [net.minecraftforge.fml.javafmlmod.FMLJavaModLanguageProvider/LOADING]: Loading FMLModContainer from classloader cpw.mods.modlauncher.TransformingClassLoader@661e279d - got cpw.mods.cl.ModuleClassLoader@7c2312fa
[18May2026 14:31:24.170] [main/DEBUG] [net.minecraftforge.fml.javafmlmod.FMLModContainer/LOADING]: Creating FMLModContainer instance for com.nyfaria.nyfsquiver.NyfsQuiver
[18May2026 14:31:24.170] [main/DEBUG] [net.minecraftforge.fml.javafmlmod.FMLJavaModLanguageProvider/LOADING]: Loading FMLModContainer from classloader cpw.mods.modlauncher.TransformingClassLoader@661e279d - got cpw.mods.cl.ModuleClassLoader@7c2312fa
[18May2026 14:31:24.171] [main/DEBUG] [net.minecraftforge.fml.javafmlmod.FMLModContainer/LOADING]: Creating FMLModContainer instance for xaero.map.WorldMapForge
[18May2026 14:31:24.173] [main/DEBUG] [net.minecraftforge.fml.javafmlmod.FMLJavaModLanguageProvider/LOADING]: Loading FMLModContainer from classloader cpw.mods.modlauncher.TransformingClassLoader@661e279d - got cpw.mods.cl.ModuleClassLoader@7c2312fa
[18May2026 14:31:24.173] [main/DEBUG] [net.minecraftforge.fml.javafmlmod.FMLModContainer/LOADING]: Creating FMLModContainer instance for com.Polarice3.Goety.Goety
[18May2026 14:31:24.176] [main/DEBUG] [net.minecraftforge.fml.javafmlmod.FMLJavaModLanguageProvider/LOADING]: Loading FMLModContainer from classloader cpw.mods.modlauncher.TransformingClassLoader@661e279d - got cpw.mods.cl.ModuleClassLoader@7c2312fa
[18May2026 14:31:24.176] [main/DEBUG] [net.minecraftforge.fml.javafmlmod.FMLModContainer/LOADING]: Creating FMLModContainer instance for com.anthonyhilyard.prism.Prism
[18May2026 14:31:24.176] [main/DEBUG] [net.minecraftforge.fml.javafmlmod.FMLJavaModLanguageProvider/LOADING]: Loading FMLModContainer from classloader cpw.mods.modlauncher.TransformingClassLoader@661e279d - got cpw.mods.cl.ModuleClassLoader@7c2312fa
[18May2026 14:31:24.176] [main/DEBUG] [net.minecraftforge.fml.javafmlmod.FMLModContainer/LOADING]: Creating FMLModContainer instance for dev.shadowsoffire.placebo.Placebo
[18May2026 14:31:24.177] [main/DEBUG] [net.minecraftforge.fml.javafmlmod.FMLJavaModLanguageProvider/LOADING]: Loading FMLModContainer from classloader cpw.mods.modlauncher.TransformingClassLoader@661e279d - got cpw.mods.cl.ModuleClassLoader@7c2312fa
[18May2026 14:31:24.177] [main/DEBUG] [net.minecraftforge.fml.javafmlmod.FMLModContainer/LOADING]: Creating FMLModContainer instance for org.embeddedt.modernfix.forge.init.ModernFixForge
[18May2026 14:31:24.178] [main/DEBUG] [net.minecraftforge.fml.javafmlmod.FMLJavaModLanguageProvider/LOADING]: Loading FMLModContainer from classloader cpw.mods.modlauncher.TransformingClassLoader@661e279d - got cpw.mods.cl.ModuleClassLoader@7c2312fa
[18May2026 14:31:24.179] [main/DEBUG] [net.minecraftforge.fml.javafmlmod.FMLModContainer/LOADING]: Creating FMLModContainer instance for com.github.alexthe666.citadel.Citadel
[18May2026 14:31:24.180] [main/DEBUG] [net.minecraftforge.fml.javafmlmod.FMLJavaModLanguageProvider/LOADING]: Loading FMLModContainer from classloader cpw.mods.modlauncher.TransformingClassLoader@661e279d - got cpw.mods.cl.ModuleClassLoader@7c2312fa
[18May2026 14:31:24.180] [main/DEBUG] [net.minecraftforge.fml.javafmlmod.FMLModContainer/LOADING]: Creating FMLModContainer instance for com.yungnickyoung.minecraft.yungsapi.YungsApiForge
[18May2026 14:31:24.182] [main/DEBUG] [thedarkcolour.kotlinforforge.LoggerKt/LOADING]: Loading KotlinModContainer from classloader cpw.mods.modlauncher.TransformingClassLoader@661e279d - got cpw.mods.cl.ModuleClassLoader@7c2312fa}
[18May2026 14:31:24.182] [main/DEBUG] [thedarkcolour.kotlinforforge.LoggerKt/LOADING]: Creating KotlinModContainer instance for io.ejekta.kambrik.KambrikModForge
[18May2026 14:31:24.184] [main/DEBUG] [net.minecraftforge.fml.javafmlmod.FMLJavaModLanguageProvider/LOADING]: Loading FMLModContainer from classloader cpw.mods.modlauncher.TransformingClassLoader@661e279d - got cpw.mods.cl.ModuleClassLoader@7c2312fa
[18May2026 14:31:24.184] [main/DEBUG] [net.minecraftforge.fml.javafmlmod.FMLModContainer/LOADING]: Creating FMLModContainer instance for tallestegg.guardvillagers.GuardVillagers
[18May2026 14:31:24.185] [main/DEBUG] [net.minecraftforge.fml.javafmlmod.FMLJavaModLanguageProvider/LOADING]: Loading FMLModContainer from classloader cpw.mods.modlauncher.TransformingClassLoader@661e279d - got cpw.mods.cl.ModuleClassLoader@7c2312fa
[18May2026 14:31:24.185] [main/DEBUG] [net.minecraftforge.fml.javafmlmod.FMLModContainer/LOADING]: Creating FMLModContainer instance for net.solocraft.SololevelingMod
[18May2026 14:31:24.186] [main/DEBUG] [net.minecraftforge.fml.javafmlmod.FMLJavaModLanguageProvider/LOADING]: Loading FMLModContainer from classloader cpw.mods.modlauncher.TransformingClassLoader@661e279d - got cpw.mods.cl.ModuleClassLoader@7c2312fa
[18May2026 14:31:24.186] [main/DEBUG] [net.minecraftforge.fml.javafmlmod.FMLModContainer/LOADING]: Creating FMLModContainer instance for net.blay09.mods.balm.forge.ForgeBalm
[18May2026 14:31:24.187] [main/DEBUG] [net.minecraftforge.fml.javafmlmod.FMLJavaModLanguageProvider/LOADING]: Loading FMLModContainer from classloader cpw.mods.modlauncher.TransformingClassLoader@661e279d - got cpw.mods.cl.ModuleClassLoader@7c2312fa
[18May2026 14:31:24.187] [main/DEBUG] [net.minecraftforge.fml.javafmlmod.FMLModContainer/LOADING]: Creating FMLModContainer instance for net.projectile_damage.forge.ForgeMod
[18May2026 14:31:24.187] [main/DEBUG] [net.minecraftforge.fml.javafmlmod.FMLJavaModLanguageProvider/LOADING]: Loading FMLModContainer from classloader cpw.mods.modlauncher.TransformingClassLoader@661e279d - got cpw.mods.cl.ModuleClassLoader@7c2312fa
[18May2026 14:31:24.188] [main/DEBUG] [net.minecraftforge.fml.javafmlmod.FMLModContainer/LOADING]: Creating FMLModContainer instance for me.shedaniel.clothconfig.ClothConfigForge
[18May2026 14:31:24.188] [main/DEBUG] [net.minecraftforge.fml.javafmlmod.FMLJavaModLanguageProvider/LOADING]: Loading FMLModContainer from classloader cpw.mods.modlauncher.TransformingClassLoader@661e279d - got cpw.mods.cl.ModuleClassLoader@7c2312fa
[18May2026 14:31:24.188] [main/DEBUG] [net.minecraftforge.fml.javafmlmod.FMLModContainer/LOADING]: Creating FMLModContainer instance for twilightforest.TwilightForestMod
[18May2026 14:31:24.190] [main/DEBUG] [net.minecraftforge.fml.javafmlmod.FMLJavaModLanguageProvider/LOADING]: Loading FMLModContainer from classloader cpw.mods.modlauncher.TransformingClassLoader@661e279d - got cpw.mods.cl.ModuleClassLoader@7c2312fa
[18May2026 14:31:24.190] [main/DEBUG] [net.minecraftforge.fml.javafmlmod.FMLModContainer/LOADING]: Creating FMLModContainer instance for me.jellysquid.mods.sodium.client.SodiumClientMod
[18May2026 14:31:24.191] [main/DEBUG] [net.minecraftforge.fml.javafmlmod.FMLJavaModLanguageProvider/LOADING]: Loading FMLModContainer from classloader cpw.mods.modlauncher.TransformingClassLoader@661e279d - got cpw.mods.cl.ModuleClassLoader@7c2312fa
[18May2026 14:31:24.191] [main/DEBUG] [net.minecraftforge.fml.javafmlmod.FMLModContainer/LOADING]: Creating FMLModContainer instance for me.jellysquid.mods.sodium.client.RubidiumStub
[18May2026 14:31:24.191] [main/DEBUG] [net.minecraftforge.fml.javafmlmod.FMLJavaModLanguageProvider/LOADING]: Loading FMLModContainer from classloader cpw.mods.modlauncher.TransformingClassLoader@661e279d - got cpw.mods.cl.ModuleClassLoader@7c2312fa
[18May2026 14:31:24.191] [main/DEBUG] [net.minecraftforge.fml.javafmlmod.FMLModContainer/LOADING]: Creating FMLModContainer instance for com.anthonyhilyard.advancementplaques.Loader
[18May2026 14:31:24.192] [main/DEBUG] [net.minecraftforge.fml.javafmlmod.FMLJavaModLanguageProvider/LOADING]: Loading FMLModContainer from classloader cpw.mods.modlauncher.TransformingClassLoader@661e279d - got cpw.mods.cl.ModuleClassLoader@7c2312fa
[18May2026 14:31:24.192] [main/DEBUG] [net.minecraftforge.fml.javafmlmod.FMLModContainer/LOADING]: Creating FMLModContainer instance for com.samebutdifferent.morevillagers.forge.MoreVillagersForge
[18May2026 14:31:24.193] [main/DEBUG] [net.minecraftforge.fml.javafmlmod.FMLJavaModLanguageProvider/LOADING]: Loading FMLModContainer from classloader cpw.mods.modlauncher.TransformingClassLoader@661e279d - got cpw.mods.cl.ModuleClassLoader@7c2312fa
[18May2026 14:31:24.193] [main/DEBUG] [net.minecraftforge.fml.javafmlmod.FMLModContainer/LOADING]: Creating FMLModContainer instance for net.unusual.block_factorys_bosses.BossesRise
[18May2026 14:31:24.194] [main/DEBUG] [net.minecraftforge.fml.javafmlmod.FMLJavaModLanguageProvider/LOADING]: Loading FMLModContainer from classloader cpw.mods.modlauncher.TransformingClassLoader@661e279d - got cpw.mods.cl.ModuleClassLoader@7c2312fa
[18May2026 14:31:24.194] [main/DEBUG] [net.minecraftforge.fml.javafmlmod.FMLModContainer/LOADING]: Creating FMLModContainer instance for iDiamondhunter.morebows.MoreBows
[18May2026 14:31:24.195] [main/DEBUG] [net.minecraftforge.fml.javafmlmod.FMLJavaModLanguageProvider/LOADING]: Loading FMLModContainer from classloader cpw.mods.modlauncher.TransformingClassLoader@661e279d - got cpw.mods.cl.ModuleClassLoader@7c2312fa
[18May2026 14:31:24.195] [main/DEBUG] [net.minecraftforge.fml.javafmlmod.FMLModContainer/LOADING]: Creating FMLModContainer instance for com.teamremastered.endrem.EndRemastered
[18May2026 14:31:24.195] [main/DEBUG] [net.minecraftforge.fml.javafmlmod.FMLJavaModLanguageProvider/LOADING]: Loading FMLModContainer from classloader cpw.mods.modlauncher.TransformingClassLoader@661e279d - got cpw.mods.cl.ModuleClassLoader@7c2312fa
[18May2026 14:31:24.195] [main/DEBUG] [net.minecraftforge.fml.javafmlmod.FMLModContainer/LOADING]: Creating FMLModContainer instance for com.becks.tbsfbsp.TBSfBSP
[18May2026 14:31:24.196] [main/DEBUG] [net.minecraftforge.fml.javafmlmod.FMLJavaModLanguageProvider/LOADING]: Loading FMLModContainer from classloader cpw.mods.modlauncher.TransformingClassLoader@661e279d - got cpw.mods.cl.ModuleClassLoader@7c2312fa
[18May2026 14:31:24.196] [main/DEBUG] [net.minecraftforge.fml.javafmlmod.FMLModContainer/LOADING]: Creating FMLModContainer instance for com.github.L_Ender.lionfishapi.LionfishAPI
[18May2026 14:31:24.197] [main/DEBUG] [net.minecraftforge.fml.javafmlmod.FMLJavaModLanguageProvider/LOADING]: Loading FMLModContainer from classloader cpw.mods.modlauncher.TransformingClassLoader@661e279d - got cpw.mods.cl.ModuleClassLoader@7c2312fa
[18May2026 14:31:24.197] [main/DEBUG] [net.minecraftforge.fml.javafmlmod.FMLModContainer/LOADING]: Creating FMLModContainer instance for me.lucko.spark.forge.ForgeSparkMod
[18May2026 14:31:24.197] [main/DEBUG] [thedarkcolour.kotlinforforge.LoggerKt/LOADING]: Loading KotlinModContainer from classloader cpw.mods.modlauncher.TransformingClassLoader@661e279d - got cpw.mods.cl.ModuleClassLoader@7c2312fa}
[18May2026 14:31:24.197] [main/DEBUG] [thedarkcolour.kotlinforforge.LoggerKt/LOADING]: Creating KotlinModContainer instance for io.ejekta.bountiful.forge.BountifulModForge
[18May2026 14:31:24.198] [main/DEBUG] [net.minecraftforge.fml.javafmlmod.FMLJavaModLanguageProvider/LOADING]: Loading FMLModContainer from classloader cpw.mods.modlauncher.TransformingClassLoader@661e279d - got cpw.mods.cl.ModuleClassLoader@7c2312fa
[18May2026 14:31:24.198] [main/DEBUG] [net.minecraftforge.fml.javafmlmod.FMLModContainer/LOADING]: Creating FMLModContainer instance for com.github.L_Ender.cataclysm.Cataclysm
[18May2026 14:31:24.199] [main/DEBUG] [net.minecraftforge.fml.javafmlmod.FMLJavaModLanguageProvider/LOADING]: Loading FMLModContainer from classloader cpw.mods.modlauncher.TransformingClassLoader@661e279d - got cpw.mods.cl.ModuleClassLoader@7c2312fa
[18May2026 14:31:24.200] [main/DEBUG] [net.minecraftforge.fml.javafmlmod.FMLModContainer/LOADING]: Creating FMLModContainer instance for top.theillusivec4.curios.Curios
[18May2026 14:31:24.200] [main/DEBUG] [net.minecraftforge.fml.javafmlmod.FMLJavaModLanguageProvider/LOADING]: Loading FMLModContainer from classloader cpw.mods.modlauncher.TransformingClassLoader@661e279d - got cpw.mods.cl.ModuleClassLoader@7c2312fa
[18May2026 14:31:24.200] [main/DEBUG] [net.minecraftforge.fml.javafmlmod.FMLModContainer/LOADING]: Creating FMLModContainer instance for vazkii.patchouli.forge.common.ForgeModInitializer
[18May2026 14:31:24.201] [main/DEBUG] [net.minecraftforge.fml.javafmlmod.FMLJavaModLanguageProvider/LOADING]: Loading FMLModContainer from classloader cpw.mods.modlauncher.TransformingClassLoader@661e279d - got cpw.mods.cl.ModuleClassLoader@7c2312fa
[18May2026 14:31:24.201] [main/DEBUG] [net.minecraftforge.fml.javafmlmod.FMLModContainer/LOADING]: Creating FMLModContainer instance for forge.com.cursee.more_bows_and_arrows.MoreBowsAndArrowsForge
[18May2026 14:31:24.202] [main/DEBUG] [thedarkcolour.kotlinforforge.LoggerKt/LOADING]: Loading KotlinModContainer from classloader cpw.mods.modlauncher.TransformingClassLoader@661e279d - got cpw.mods.cl.ModuleClassLoader@7c2312fa}
[18May2026 14:31:24.202] [main/DEBUG] [thedarkcolour.kotlinforforge.LoggerKt/LOADING]: Creating KotlinModContainer instance for com.cobblemon.mod.forge.CobblemonForge
[18May2026 14:31:24.204] [main/DEBUG] [net.minecraftforge.fml.javafmlmod.FMLJavaModLanguageProvider/LOADING]: Loading FMLModContainer from classloader cpw.mods.modlauncher.TransformingClassLoader@661e279d - got cpw.mods.cl.ModuleClassLoader@7c2312fa
[18May2026 14:31:24.205] [main/DEBUG] [net.minecraftforge.fml.javafmlmod.FMLModContainer/LOADING]: Creating FMLModContainer instance for com.aetherteam.cumulus.Cumulus
[18May2026 14:31:24.205] [main/DEBUG] [net.minecraftforge.fml.javafmlmod.FMLJavaModLanguageProvider/LOADING]: Loading FMLModContainer from classloader cpw.mods.modlauncher.TransformingClassLoader@661e279d - got cpw.mods.cl.ModuleClassLoader@7c2312fa
[18May2026 14:31:24.205] [main/DEBUG] [net.minecraftforge.fml.javafmlmod.FMLModContainer/LOADING]: Creating FMLModContainer instance for dev.architectury.forge.ArchitecturyForge
[18May2026 14:31:24.206] [main/DEBUG] [net.minecraftforge.fml.javafmlmod.FMLJavaModLanguageProvider/LOADING]: Loading FMLModContainer from classloader cpw.mods.modlauncher.TransformingClassLoader@661e279d - got cpw.mods.cl.ModuleClassLoader@7c2312fa
[18May2026 14:31:24.206] [main/DEBUG] [net.minecraftforge.fml.javafmlmod.FMLModContainer/LOADING]: Creating FMLModContainer instance for com.builtbroken.ai.improvements.AIImprovements
[18May2026 14:31:24.206] [main/DEBUG] [thedarkcolour.kotlinforforge.LoggerKt/LOADING]: Loading KotlinModContainer from classloader cpw.mods.modlauncher.TransformingClassLoader@661e279d - got cpw.mods.cl.ModuleClassLoader@7c2312fa}
[18May2026 14:31:24.206] [main/DEBUG] [thedarkcolour.kotlinforforge.LoggerKt/LOADING]: Creating KotlinModContainer instance for juuxel.adorn.platform.forge.Adorn
[18May2026 14:31:24.207] [main/DEBUG] [net.minecraftforge.fml.javafmlmod.FMLJavaModLanguageProvider/LOADING]: Loading FMLModContainer from classloader cpw.mods.modlauncher.TransformingClassLoader@661e279d - got cpw.mods.cl.ModuleClassLoader@7c2312fa
[18May2026 14:31:24.207] [main/DEBUG] [net.minecraftforge.fml.javafmlmod.FMLModContainer/LOADING]: Creating FMLModContainer instance for com.yungnickyoung.minecraft.betterendisland.BetterEndIslandForge
[18May2026 14:31:24.208] [main/DEBUG] [net.minecraftforge.fml.javafmlmod.FMLJavaModLanguageProvider/LOADING]: Loading FMLModContainer from classloader cpw.mods.modlauncher.TransformingClassLoader@661e279d - got cpw.mods.cl.ModuleClassLoader@7c2312fa
[18May2026 14:31:24.208] [main/DEBUG] [net.minecraftforge.fml.javafmlmod.FMLModContainer/LOADING]: Creating FMLModContainer instance for io.github.jason13official.monolib.MonoLibForge
[18May2026 14:31:24.208] [main/DEBUG] [net.minecraftforge.fml.javafmlmod.FMLJavaModLanguageProvider/LOADING]: Loading FMLModContainer from classloader cpw.mods.modlauncher.TransformingClassLoader@661e279d - got cpw.mods.cl.ModuleClassLoader@7c2312fa
[18May2026 14:31:24.209] [main/DEBUG] [net.minecraftforge.fml.javafmlmod.FMLModContainer/LOADING]: Creating FMLModContainer instance for com.aetherteam.nitrogen.Nitrogen
[18May2026 14:31:24.209] [main/DEBUG] [net.minecraftforge.fml.javafmlmod.FMLJavaModLanguageProvider/LOADING]: Loading FMLModContainer from classloader cpw.mods.modlauncher.TransformingClassLoader@661e279d - got cpw.mods.cl.ModuleClassLoader@7c2312fa
[18May2026 14:31:24.209] [main/DEBUG] [net.minecraftforge.fml.javafmlmod.FMLModContainer/LOADING]: Creating FMLModContainer instance for com.convallyria.hugestructureblocks.HugeStructureBlocksMod
[18May2026 14:31:24.210] [main/DEBUG] [net.minecraftforge.fml.javafmlmod.FMLJavaModLanguageProvider/LOADING]: Loading FMLModContainer from classloader cpw.mods.modlauncher.TransformingClassLoader@661e279d - got cpw.mods.cl.ModuleClassLoader@7c2312fa
[18May2026 14:31:24.210] [main/DEBUG] [net.minecraftforge.fml.javafmlmod.FMLModContainer/LOADING]: Creating FMLModContainer instance for xxrexraptorxx.runecraft.main.RuneCraft
[18May2026 14:31:24.210] [main/DEBUG] [net.minecraftforge.fml.javafmlmod.FMLJavaModLanguageProvider/LOADING]: Loading FMLModContainer from classloader cpw.mods.modlauncher.TransformingClassLoader@661e279d - got cpw.mods.cl.ModuleClassLoader@7c2312fa
[18May2026 14:31:24.210] [main/DEBUG] [net.minecraftforge.fml.javafmlmod.FMLModContainer/LOADING]: Creating FMLModContainer instance for de.cristelknight999.t_and_t.TT
[18May2026 14:31:24.211] [main/DEBUG] [net.minecraftforge.fml.javafmlmod.FMLJavaModLanguageProvider/LOADING]: Loading FMLModContainer from classloader cpw.mods.modlauncher.TransformingClassLoader@661e279d - got cpw.mods.cl.ModuleClassLoader@7c2312fa
[18May2026 14:31:24.211] [main/DEBUG] [net.minecraftforge.fml.javafmlmod.FMLModContainer/LOADING]: Creating FMLModContainer instance for net.veroxuniverse.epicpaladins.EpicPaladinsMod
[18May2026 14:31:24.211] [main/DEBUG] [net.minecraftforge.fml.javafmlmod.FMLJavaModLanguageProvider/LOADING]: Loading FMLModContainer from classloader cpw.mods.modlauncher.TransformingClassLoader@661e279d - got cpw.mods.cl.ModuleClassLoader@7c2312fa
[18May2026 14:31:24.212] [main/DEBUG] [net.minecraftforge.fml.javafmlmod.FMLModContainer/LOADING]: Creating FMLModContainer instance for net.soulsweaponry.SoulsWeaponry
[18May2026 14:31:24.212] [main/DEBUG] [net.minecraftforge.fml.javafmlmod.FMLJavaModLanguageProvider/LOADING]: Loading FMLModContainer from classloader cpw.mods.modlauncher.TransformingClassLoader@661e279d - got cpw.mods.cl.ModuleClassLoader@7c2312fa
[18May2026 14:31:24.212] [main/DEBUG] [net.minecraftforge.fml.javafmlmod.FMLModContainer/LOADING]: Creating FMLModContainer instance for me.jellysquid.mods.lithium.common.LithiumMod
[18May2026 14:31:24.213] [main/DEBUG] [net.minecraftforge.fml.javafmlmod.FMLJavaModLanguageProvider/LOADING]: Loading FMLModContainer from classloader cpw.mods.modlauncher.TransformingClassLoader@661e279d - got cpw.mods.cl.ModuleClassLoader@7c2312fa
[18May2026 14:31:24.213] [main/DEBUG] [net.minecraftforge.fml.javafmlmod.FMLModContainer/LOADING]: Creating FMLModContainer instance for com.github.justinwon777.humancompanions.HumanCompanions
[18May2026 14:31:24.213] [main/DEBUG] [net.minecraftforge.fml.javafmlmod.FMLJavaModLanguageProvider/LOADING]: Loading FMLModContainer from classloader cpw.mods.modlauncher.TransformingClassLoader@661e279d - got cpw.mods.cl.ModuleClassLoader@7c2312fa
[18May2026 14:31:24.213] [main/DEBUG] [net.minecraftforge.fml.javafmlmod.FMLModContainer/LOADING]: Creating FMLModContainer instance for net.bandit.many_bows.forge.ManyBowsModForge
[18May2026 14:31:24.214] [main/DEBUG] [net.minecraftforge.fml.javafmlmod.FMLJavaModLanguageProvider/LOADING]: Loading FMLModContainer from classloader cpw.mods.modlauncher.TransformingClassLoader@661e279d - got cpw.mods.cl.ModuleClassLoader@7c2312fa
[18May2026 14:31:24.214] [main/DEBUG] [net.minecraftforge.fml.javafmlmod.FMLModContainer/LOADING]: Creating FMLModContainer instance for dev.worldgen.lithostitched.LithostitchedForge
[18May2026 14:31:24.215] [main/DEBUG] [net.minecraftforge.fml.javafmlmod.FMLJavaModLanguageProvider/LOADING]: Loading FMLModContainer from classloader cpw.mods.modlauncher.TransformingClassLoader@661e279d - got cpw.mods.cl.ModuleClassLoader@7c2312fa
[18May2026 14:31:24.215] [main/DEBUG] [net.minecraftforge.fml.javafmlmod.FMLModContainer/LOADING]: Creating FMLModContainer instance for io.redspace.ironslib.IronsLib
[18May2026 14:31:24.215] [main/DEBUG] [net.minecraftforge.fml.javafmlmod.FMLJavaModLanguageProvider/LOADING]: Loading FMLModContainer from classloader cpw.mods.modlauncher.TransformingClassLoader@661e279d - got cpw.mods.cl.ModuleClassLoader@7c2312fa
[18May2026 14:31:24.216] [main/DEBUG] [net.minecraftforge.fml.javafmlmod.FMLModContainer/LOADING]: Creating FMLModContainer instance for net.darkhax.attributefix.AttributeFixForge
[18May2026 14:31:24.216] [main/DEBUG] [net.minecraftforge.fml.javafmlmod.FMLJavaModLanguageProvider/LOADING]: Loading FMLModContainer from classloader cpw.mods.modlauncher.TransformingClassLoader@661e279d - got cpw.mods.cl.ModuleClassLoader@7c2312fa
[18May2026 14:31:24.217] [main/DEBUG] [net.minecraftforge.fml.javafmlmod.FMLModContainer/LOADING]: Creating FMLModContainer instance for xaero.lib.XaeroLibForge
[18May2026 14:31:24.217] [main/DEBUG] [net.minecraftforge.fml.javafmlmod.FMLJavaModLanguageProvider/LOADING]: Loading FMLModContainer from classloader cpw.mods.modlauncher.TransformingClassLoader@661e279d - got cpw.mods.cl.ModuleClassLoader@7c2312fa
[18May2026 14:31:24.218] [main/DEBUG] [net.minecraftforge.fml.javafmlmod.FMLModContainer/LOADING]: Creating FMLModContainer instance for net.mcreator.gnumus.GnumusMod
[18May2026 14:31:24.218] [main/DEBUG] [net.minecraftforge.fml.javafmlmod.FMLJavaModLanguageProvider/LOADING]: Loading FMLModContainer from classloader cpw.mods.modlauncher.TransformingClassLoader@661e279d - got cpw.mods.cl.ModuleClassLoader@7c2312fa
[18May2026 14:31:24.218] [main/DEBUG] [net.minecraftforge.fml.javafmlmod.FMLModContainer/LOADING]: Creating FMLModContainer instance for top.theillusivec4.caelus.Caelus
[18May2026 14:31:24.219] [main/DEBUG] [net.minecraftforge.fml.javafmlmod.FMLJavaModLanguageProvider/LOADING]: Loading FMLModContainer from classloader cpw.mods.modlauncher.TransformingClassLoader@661e279d - got cpw.mods.cl.ModuleClassLoader@7c2312fa
[18May2026 14:31:24.219] [main/DEBUG] [net.minecraftforge.fml.javafmlmod.FMLModContainer/LOADING]: Creating FMLModContainer instance for com.obscuria.obscureapi.ObscureAPI
[18May2026 14:31:24.220] [main/DEBUG] [net.minecraftforge.fml.javafmlmod.FMLJavaModLanguageProvider/LOADING]: Loading FMLModContainer from classloader cpw.mods.modlauncher.TransformingClassLoader@661e279d - got cpw.mods.cl.ModuleClassLoader@7c2312fa
[18May2026 14:31:24.220] [main/DEBUG] [net.minecraftforge.fml.javafmlmod.FMLModContainer/LOADING]: Creating FMLModContainer instance for yesman.epicfight.main.EpicFightMod
[18May2026 14:31:24.222] [main/DEBUG] [net.minecraftforge.fml.javafmlmod.FMLJavaModLanguageProvider/LOADING]: Loading FMLModContainer from classloader cpw.mods.modlauncher.TransformingClassLoader@661e279d - got cpw.mods.cl.ModuleClassLoader@7c2312fa
[18May2026 14:31:24.222] [main/DEBUG] [net.minecraftforge.fml.javafmlmod.FMLModContainer/LOADING]: Creating FMLModContainer instance for reascer.wom.main.WeaponsOfMinecraft
[18May2026 14:31:24.222] [main/DEBUG] [net.minecraftforge.fml.javafmlmod.FMLJavaModLanguageProvider/LOADING]: Loading FMLModContainer from classloader cpw.mods.modlauncher.TransformingClassLoader@661e279d - got cpw.mods.cl.ModuleClassLoader@7c2312fa
[18May2026 14:31:24.222] [main/DEBUG] [net.minecraftforge.fml.javafmlmod.FMLModContainer/LOADING]: Creating FMLModContainer instance for dev.shadowsoffire.fastsuite.FastSuite
[18May2026 14:31:24.223] [main/DEBUG] [net.minecraftforge.fml.javafmlmod.FMLJavaModLanguageProvider/LOADING]: Loading FMLModContainer from classloader cpw.mods.modlauncher.TransformingClassLoader@661e279d - got cpw.mods.cl.ModuleClassLoader@7c2312fa
[18May2026 14:31:24.223] [main/DEBUG] [net.minecraftforge.fml.javafmlmod.FMLModContainer/LOADING]: Creating FMLModContainer instance for com.blamejared.clumps.Clumps
[18May2026 14:31:24.224] [main/DEBUG] [net.minecraftforge.fml.javafmlmod.FMLJavaModLanguageProvider/LOADING]: Loading FMLModContainer from classloader cpw.mods.modlauncher.TransformingClassLoader@661e279d - got cpw.mods.cl.ModuleClassLoader@7c2312fa
[18May2026 14:31:24.224] [main/DEBUG] [net.minecraftforge.fml.javafmlmod.FMLModContainer/LOADING]: Creating FMLModContainer instance for com.minecraftserverzone.mobhealthbar.MobHealthBar
[18May2026 14:31:24.224] [main/DEBUG] [net.minecraftforge.fml.javafmlmod.FMLJavaModLanguageProvider/LOADING]: Loading FMLModContainer from classloader cpw.mods.modlauncher.TransformingClassLoader@661e279d - got cpw.mods.cl.ModuleClassLoader@7c2312fa
[18May2026 14:31:24.225] [main/DEBUG] [net.minecraftforge.fml.javafmlmod.FMLModContainer/LOADING]: Creating FMLModContainer instance for com.tiviacz.travelersbackpack.TravelersBackpack
[18May2026 14:31:24.225] [main/DEBUG] [net.minecraftforge.fml.javafmlmod.FMLJavaModLanguageProvider/LOADING]: Loading FMLModContainer from classloader cpw.mods.modlauncher.TransformingClassLoader@661e279d - got cpw.mods.cl.ModuleClassLoader@7c2312fa
[18May2026 14:31:24.226] [main/DEBUG] [net.minecraftforge.fml.javafmlmod.FMLModContainer/LOADING]: Creating FMLModContainer instance for net.mehvahdjukaar.smarterfarmers.forge.SmarterFarmersForge
[18May2026 14:31:24.226] [main/DEBUG] [net.minecraftforge.fml.javafmlmod.FMLJavaModLanguageProvider/LOADING]: Loading FMLModContainer from classloader cpw.mods.modlauncher.TransformingClassLoader@661e279d - got cpw.mods.cl.ModuleClassLoader@7c2312fa
[18May2026 14:31:24.226] [main/DEBUG] [net.minecraftforge.fml.javafmlmod.FMLModContainer/LOADING]: Creating FMLModContainer instance for com.chaosthedude.explorerscompass.ExplorersCompass
[18May2026 14:31:24.227] [main/DEBUG] [net.minecraftforge.fml.javafmlmod.FMLJavaModLanguageProvider/LOADING]: Loading FMLModContainer from classloader cpw.mods.modlauncher.TransformingClassLoader@661e279d - got cpw.mods.cl.ModuleClassLoader@7c2312fa
[18May2026 14:31:24.227] [main/DEBUG] [net.minecraftforge.fml.javafmlmod.FMLModContainer/LOADING]: Creating FMLModContainer instance for com.github.alexthe666.iceandfire.IceAndFire
[18May2026 14:31:24.229] [main/DEBUG] [net.minecraftforge.fml.lowcodemod.LowCodeModLanguageProvider.LowCodeModTarget/LOADING]: Loading LowCodeModContainer from classloader cpw.mods.modlauncher.TransformingClassLoader@661e279d - got cpw.mods.cl.ModuleClassLoader@7c2312fa
[18May2026 14:31:24.230] [main/DEBUG] [net.minecraftforge.fml.lowcodemod.LowCodeModContainer/LOADING]: Creating LowCodeModContainer for terralith
[18May2026 14:31:24.230] [main/DEBUG] [net.minecraftforge.fml.javafmlmod.FMLJavaModLanguageProvider/LOADING]: Loading FMLModContainer from classloader cpw.mods.modlauncher.TransformingClassLoader@661e279d - got cpw.mods.cl.ModuleClassLoader@7c2312fa
[18May2026 14:31:24.230] [main/DEBUG] [net.minecraftforge.fml.javafmlmod.FMLModContainer/LOADING]: Creating FMLModContainer instance for ca.fxco.memoryleakfix.forge.MemoryLeakFixForge
[18May2026 14:31:24.231] [main/DEBUG] [net.minecraftforge.fml.javafmlmod.FMLJavaModLanguageProvider/LOADING]: Loading FMLModContainer from classloader cpw.mods.modlauncher.TransformingClassLoader@661e279d - got cpw.mods.cl.ModuleClassLoader@7c2312fa
[18May2026 14:31:24.231] [main/DEBUG] [net.minecraftforge.fml.javafmlmod.FMLModContainer/LOADING]: Creating FMLModContainer instance for com.becks.interaction_boxes.InteractionBoxes
[18May2026 14:31:24.231] [main/DEBUG] [net.minecraftforge.fml.javafmlmod.FMLJavaModLanguageProvider/LOADING]: Loading FMLModContainer from classloader cpw.mods.modlauncher.TransformingClassLoader@661e279d - got cpw.mods.cl.ModuleClassLoader@7c2312fa
[18May2026 14:31:24.231] [main/DEBUG] [net.minecraftforge.fml.javafmlmod.FMLModContainer/LOADING]: Creating FMLModContainer instance for com.hollingsworth.arsnouveau.ArsNouveau
[18May2026 14:31:24.233] [main/DEBUG] [net.minecraftforge.fml.javafmlmod.FMLJavaModLanguageProvider/LOADING]: Loading FMLModContainer from classloader cpw.mods.modlauncher.TransformingClassLoader@661e279d - got cpw.mods.cl.ModuleClassLoader@7c2312fa
[18May2026 14:31:24.233] [main/DEBUG] [net.minecraftforge.fml.javafmlmod.FMLModContainer/LOADING]: Creating FMLModContainer instance for com.corosus.watut.loader.forge.WatutModForge
[18May2026 14:31:24.234] [main/DEBUG] [net.minecraftforge.fml.javafmlmod.FMLJavaModLanguageProvider/LOADING]: Loading FMLModContainer from classloader cpw.mods.modlauncher.TransformingClassLoader@661e279d - got cpw.mods.cl.ModuleClassLoader@7c2312fa
[18May2026 14:31:24.234] [main/DEBUG] [net.minecraftforge.fml.javafmlmod.FMLModContainer/LOADING]: Creating FMLModContainer instance for me.lucko.luckperms.forge.loader.ForgeLoaderPlugin
[18May2026 14:31:24.235] [main/DEBUG] [net.minecraftforge.fml.javafmlmod.FMLJavaModLanguageProvider/LOADING]: Loading FMLModContainer from classloader cpw.mods.modlauncher.TransformingClassLoader@661e279d - got cpw.mods.cl.ModuleClassLoader@7c2312fa
[18May2026 14:31:24.235] [main/DEBUG] [net.minecraftforge.fml.javafmlmod.FMLModContainer/LOADING]: Creating FMLModContainer instance for net.aurelj.dungeons_arise_seven_seas.DungeonsAriseSevenSeasMain
[18May2026 14:31:24.235] [main/DEBUG] [net.minecraftforge.fml.javafmlmod.FMLJavaModLanguageProvider/LOADING]: Loading FMLModContainer from classloader cpw.mods.modlauncher.TransformingClassLoader@661e279d - got cpw.mods.cl.ModuleClassLoader@7c2312fa
[18May2026 14:31:24.236] [main/DEBUG] [net.minecraftforge.fml.javafmlmod.FMLModContainer/LOADING]: Creating FMLModContainer instance for net.minecraftforge.common.ForgeMod
[18May2026 14:31:24.240] [main/DEBUG] [net.minecraftforge.fml.lowcodemod.LowCodeModLanguageProvider.LowCodeModTarget/LOADING]: Loading LowCodeModContainer from classloader cpw.mods.modlauncher.TransformingClassLoader@661e279d - got cpw.mods.cl.ModuleClassLoader@7c2312fa
[18May2026 14:31:24.241] [main/DEBUG] [net.minecraftforge.fml.lowcodemod.LowCodeModContainer/LOADING]: Creating LowCodeModContainer for mr_withering_heights
[18May2026 14:31:24.241] [main/DEBUG] [net.minecraftforge.fml.javafmlmod.FMLJavaModLanguageProvider/LOADING]: Loading FMLModContainer from classloader cpw.mods.modlauncher.TransformingClassLoader@661e279d - got cpw.mods.cl.ModuleClassLoader@7c2312fa
[18May2026 14:31:24.241] [main/DEBUG] [net.minecraftforge.fml.javafmlmod.FMLModContainer/LOADING]: Creating FMLModContainer instance for com.yungnickyoung.minecraft.travelerstitles.TravelersTitlesForge
[18May2026 14:31:24.242] [main/DEBUG] [net.minecraftforge.fml.javafmlmod.FMLJavaModLanguageProvider/LOADING]: Loading FMLModContainer from classloader cpw.mods.modlauncher.TransformingClassLoader@661e279d - got cpw.mods.cl.ModuleClassLoader@7c2312fa
[18May2026 14:31:24.242] [main/DEBUG] [net.minecraftforge.fml.javafmlmod.FMLModContainer/LOADING]: Creating FMLModContainer instance for org.tlauncher.forge.ForgeMod
[18May2026 14:31:24.242] [main/DEBUG] [net.minecraftforge.fml.javafmlmod.FMLJavaModLanguageProvider/LOADING]: Loading FMLModContainer from classloader cpw.mods.modlauncher.TransformingClassLoader@661e279d - got cpw.mods.cl.ModuleClassLoader@7c2312fa
[18May2026 14:31:24.242] [main/DEBUG] [net.minecraftforge.fml.javafmlmod.FMLModContainer/LOADING]: Creating FMLModContainer instance for net.aurelj.dungeons_arise.DungeonsAriseMain
[18May2026 14:31:24.243] [main/DEBUG] [net.minecraftforge.fml.javafmlmod.FMLJavaModLanguageProvider/LOADING]: Loading FMLModContainer from classloader cpw.mods.modlauncher.TransformingClassLoader@661e279d - got cpw.mods.cl.ModuleClassLoader@7c2312fa
[18May2026 14:31:24.243] [main/DEBUG] [net.minecraftforge.fml.javafmlmod.FMLModContainer/LOADING]: Creating FMLModContainer instance for net.mcreator.dungeonsandcombat.DungeonsAndCombatMod
[18May2026 14:31:24.244] [main/DEBUG] [net.minecraftforge.fml.javafmlmod.FMLJavaModLanguageProvider/LOADING]: Loading FMLModContainer from classloader cpw.mods.modlauncher.TransformingClassLoader@661e279d - got cpw.mods.cl.ModuleClassLoader@7c2312fa
[18May2026 14:31:24.244] [main/DEBUG] [net.minecraftforge.fml.javafmlmod.FMLModContainer/LOADING]: Creating FMLModContainer instance for net.mcreator.darksoulsexpansion.DarkSoulsExpansionMod
[18May2026 14:31:24.245] [main/DEBUG] [net.minecraftforge.fml.javafmlmod.FMLJavaModLanguageProvider/LOADING]: Loading FMLModContainer from classloader cpw.mods.modlauncher.TransformingClassLoader@661e279d - got cpw.mods.cl.ModuleClassLoader@7c2312fa
[18May2026 14:31:24.245] [main/DEBUG] [net.minecraftforge.fml.javafmlmod.FMLModContainer/LOADING]: Creating FMLModContainer instance for net.mcreator.slu.SluMod
[18May2026 14:31:24.245] [main/DEBUG] [net.minecraftforge.fml.javafmlmod.FMLJavaModLanguageProvider/LOADING]: Loading FMLModContainer from classloader cpw.mods.modlauncher.TransformingClassLoader@661e279d - got cpw.mods.cl.ModuleClassLoader@7c2312fa
[18May2026 14:31:24.246] [main/DEBUG] [net.minecraftforge.fml.javafmlmod.FMLModContainer/LOADING]: Creating FMLModContainer instance for net.mcreator.twm.TwmMod
[18May2026 14:31:24.246] [main/DEBUG] [net.minecraftforge.fml.javafmlmod.FMLJavaModLanguageProvider/LOADING]: Loading FMLModContainer from classloader cpw.mods.modlauncher.TransformingClassLoader@661e279d - got cpw.mods.cl.ModuleClassLoader@7c2312fa
[18May2026 14:31:24.246] [main/DEBUG] [net.minecraftforge.fml.javafmlmod.FMLModContainer/LOADING]: Creating FMLModContainer instance for net.mcreator.borninchaosv.BornInChaosV1Mod
[18May2026 14:31:24.247] [main/DEBUG] [net.minecraftforge.fml.javafmlmod.FMLJavaModLanguageProvider/LOADING]: Loading FMLModContainer from classloader cpw.mods.modlauncher.TransformingClassLoader@661e279d - got cpw.mods.cl.ModuleClassLoader@7c2312fa
[18May2026 14:31:24.247] [main/DEBUG] [net.minecraftforge.fml.javafmlmod.FMLModContainer/LOADING]: Creating FMLModContainer instance for net.mcreator.tohiroores.TohiroOresMod
[18May2026 14:31:24.247] [main/DEBUG] [net.minecraftforge.fml.javafmlmod.FMLJavaModLanguageProvider/LOADING]: Loading FMLModContainer from classloader cpw.mods.modlauncher.TransformingClassLoader@661e279d - got cpw.mods.cl.ModuleClassLoader@7c2312fa
[18May2026 14:31:24.247] [main/DEBUG] [net.minecraftforge.fml.javafmlmod.FMLModContainer/LOADING]: Creating FMLModContainer instance for net.mcreator.realmrpgskeletons.RealmrpgSkeletonsMod
[18May2026 14:31:24.248] [main/DEBUG] [net.minecraftforge.fml.javafmlmod.FMLJavaModLanguageProvider/LOADING]: Loading FMLModContainer from classloader cpw.mods.modlauncher.TransformingClassLoader@661e279d - got cpw.mods.cl.ModuleClassLoader@7c2312fa
[18May2026 14:31:24.248] [main/DEBUG] [net.minecraftforge.fml.javafmlmod.FMLModContainer/LOADING]: Creating FMLModContainer instance for slimeknights.tconstruct.TConstruct
[18May2026 14:31:24.249] [main/DEBUG] [net.minecraftforge.fml.javafmlmod.FMLJavaModLanguageProvider/LOADING]: Loading FMLModContainer from classloader cpw.mods.modlauncher.TransformingClassLoader@661e279d - got cpw.mods.cl.ModuleClassLoader@7c2312fa
[18May2026 14:31:24.249] [main/DEBUG] [net.minecraftforge.fml.javafmlmod.FMLModContainer/LOADING]: Creating FMLModContainer instance for dev.emi.emi.platform.forge.EmiForge
[18May2026 14:31:24.250] [main/DEBUG] [net.minecraftforge.fml.javafmlmod.FMLJavaModLanguageProvider/LOADING]: Loading FMLModContainer from classloader cpw.mods.modlauncher.TransformingClassLoader@661e279d - got cpw.mods.cl.ModuleClassLoader@7c2312fa
[18May2026 14:31:24.250] [main/DEBUG] [net.minecraftforge.fml.javafmlmod.FMLModContainer/LOADING]: Creating FMLModContainer instance for mezz.jei.forge.JustEnoughItems
[18May2026 14:31:24.251] [main/DEBUG] [net.minecraftforge.fml.javafmlmod.FMLJavaModLanguageProvider/LOADING]: Loading FMLModContainer from classloader cpw.mods.modlauncher.TransformingClassLoader@661e279d - got cpw.mods.cl.ModuleClassLoader@7c2312fa
[18May2026 14:31:24.253] [main/DEBUG] [net.minecraftforge.fml.javafmlmod.FMLModContainer/LOADING]: Creating FMLModContainer instance for net.mehvahdjukaar.moonlight.forge.MoonlightForge
[18May2026 14:31:24.254] [main/DEBUG] [net.minecraftforge.fml.javafmlmod.FMLJavaModLanguageProvider/LOADING]: Loading FMLModContainer from classloader cpw.mods.modlauncher.TransformingClassLoader@661e279d - got cpw.mods.cl.ModuleClassLoader@7c2312fa
[18May2026 14:31:24.255] [main/DEBUG] [net.minecraftforge.fml.javafmlmod.FMLModContainer/LOADING]: Creating FMLModContainer instance for dev.gigaherz.toolbelt.ToolBelt
[18May2026 14:31:24.256] [main/DEBUG] [net.minecraftforge.fml.javafmlmod.FMLJavaModLanguageProvider/LOADING]: Loading FMLModContainer from classloader cpw.mods.modlauncher.TransformingClassLoader@661e279d - got cpw.mods.cl.ModuleClassLoader@7c2312fa
[18May2026 14:31:24.257] [main/DEBUG] [net.minecraftforge.fml.javafmlmod.FMLModContainer/LOADING]: Creating FMLModContainer instance for com.bawnorton.mixinsquared.platform.forge.MixinSquaredMod
[18May2026 14:31:24.257] [main/DEBUG] [net.minecraftforge.fml.javafmlmod.FMLJavaModLanguageProvider/LOADING]: Loading FMLModContainer from classloader cpw.mods.modlauncher.TransformingClassLoader@661e279d - got cpw.mods.cl.ModuleClassLoader@7c2312fa
[18May2026 14:31:24.257] [main/DEBUG] [net.minecraftforge.fml.javafmlmod.FMLModContainer/LOADING]: Creating FMLModContainer instance for corgitaco.corgilib.forge.CorgiLibForge
[18May2026 14:31:24.257] [main/DEBUG] [net.minecraftforge.fml.javafmlmod.FMLJavaModLanguageProvider/LOADING]: Loading FMLModContainer from classloader cpw.mods.modlauncher.TransformingClassLoader@661e279d - got cpw.mods.cl.ModuleClassLoader@7c2312fa
[18May2026 14:31:24.257] [main/DEBUG] [net.minecraftforge.fml.javafmlmod.FMLModContainer/LOADING]: Creating FMLModContainer instance for com.sky.weaponmaster.WeaponMaster
[18May2026 14:31:24.260] [main/DEBUG] [thedarkcolour.kotlinforforge.LoggerKt/LOADING]: Loading KotlinModContainer from classloader cpw.mods.modlauncher.TransformingClassLoader@661e279d - got cpw.mods.cl.ModuleClassLoader@7c2312fa}
[18May2026 14:31:24.260] [main/DEBUG] [thedarkcolour.kotlinforforge.LoggerKt/LOADING]: Creating KotlinModContainer instance for thedarkcolour.kotlinforforge.test.KotlinForForge
[18May2026 14:31:24.261] [main/DEBUG] [net.minecraftforge.fml.javafmlmod.FMLJavaModLanguageProvider/LOADING]: Loading FMLModContainer from classloader cpw.mods.modlauncher.TransformingClassLoader@661e279d - got cpw.mods.cl.ModuleClassLoader@7c2312fa
[18May2026 14:31:24.261] [main/DEBUG] [net.minecraftforge.fml.javafmlmod.FMLModContainer/LOADING]: Creating FMLModContainer instance for com.anthonyhilyard.iceberg.Loader
[18May2026 14:31:24.261] [main/DEBUG] [net.minecraftforge.fml.javafmlmod.FMLJavaModLanguageProvider/LOADING]: Loading FMLModContainer from classloader cpw.mods.modlauncher.TransformingClassLoader@661e279d - got cpw.mods.cl.ModuleClassLoader@7c2312fa
[18May2026 14:31:24.261] [main/DEBUG] [net.minecraftforge.fml.javafmlmod.FMLModContainer/LOADING]: Creating FMLModContainer instance for slimeknights.mantle.Mantle
[18May2026 14:31:24.262] [main/DEBUG] [net.minecraftforge.fml.javafmlmod.FMLJavaModLanguageProvider/LOADING]: Loading FMLModContainer from classloader cpw.mods.modlauncher.TransformingClassLoader@661e279d - got cpw.mods.cl.ModuleClassLoader@7c2312fa
[18May2026 14:31:24.262] [main/DEBUG] [net.minecraftforge.fml.javafmlmod.FMLModContainer/LOADING]: Creating FMLModContainer instance for xaero.minimap.XaeroMinimapForge
[18May2026 14:31:24.265] [main/DEBUG] [net.minecraftforge.fml.javafmlmod.FMLJavaModLanguageProvider/LOADING]: Loading FMLModContainer from classloader cpw.mods.modlauncher.TransformingClassLoader@661e279d - got cpw.mods.cl.ModuleClassLoader@7c2312fa
[18May2026 14:31:24.265] [main/DEBUG] [net.minecraftforge.fml.javafmlmod.FMLModContainer/LOADING]: Creating FMLModContainer instance for de.maxhenkel.gravestone.Main
[18May2026 14:31:24.266] [main/DEBUG] [net.minecraftforge.fml.javafmlmod.FMLJavaModLanguageProvider/LOADING]: Loading FMLModContainer from classloader cpw.mods.modlauncher.TransformingClassLoader@661e279d - got cpw.mods.cl.ModuleClassLoader@7c2312fa
[18May2026 14:31:24.266] [main/DEBUG] [net.minecraftforge.fml.javafmlmod.FMLModContainer/LOADING]: Creating FMLModContainer instance for dev.shadowsoffire.fastbench.FastBench
[18May2026 14:31:24.270] [main/DEBUG] [net.minecraftforge.fml.javafmlmod.FMLJavaModLanguageProvider/LOADING]: Loading FMLModContainer from classloader cpw.mods.modlauncher.TransformingClassLoader@661e279d - got cpw.mods.cl.ModuleClassLoader@7c2312fa
[18May2026 14:31:24.270] [main/DEBUG] [net.minecraftforge.fml.javafmlmod.FMLModContainer/LOADING]: Creating FMLModContainer instance for io.redspace.ironsspellbooks.IronsSpellbooks
[18May2026 14:31:24.271] [main/DEBUG] [net.minecraftforge.fml.javafmlmod.FMLJavaModLanguageProvider/LOADING]: Loading FMLModContainer from classloader cpw.mods.modlauncher.TransformingClassLoader@661e279d - got cpw.mods.cl.ModuleClassLoader@7c2312fa
[18May2026 14:31:24.271] [main/DEBUG] [net.minecraftforge.fml.javafmlmod.FMLModContainer/LOADING]: Creating FMLModContainer instance for com.skydude.dacxirons.dacxirons
[18May2026 14:31:24.271] [main/DEBUG] [net.minecraftforge.fml.javafmlmod.FMLJavaModLanguageProvider/LOADING]: Loading FMLModContainer from classloader cpw.mods.modlauncher.TransformingClassLoader@661e279d - got cpw.mods.cl.ModuleClassLoader@7c2312fa
[18May2026 14:31:24.271] [main/DEBUG] [net.minecraftforge.fml.javafmlmod.FMLModContainer/LOADING]: Creating FMLModContainer instance for net.blay09.mods.hardcorerevival.ForgeHardcoreRevival
[18May2026 14:31:24.272] [main/DEBUG] [net.minecraftforge.fml.javafmlmod.FMLJavaModLanguageProvider/LOADING]: Loading FMLModContainer from classloader cpw.mods.modlauncher.TransformingClassLoader@661e279d - got cpw.mods.cl.ModuleClassLoader@7c2312fa
[18May2026 14:31:24.272] [main/DEBUG] [net.minecraftforge.fml.javafmlmod.FMLModContainer/LOADING]: Creating FMLModContainer instance for com.corosus.coroutil.loader.forge.ConfigModForge
[18May2026 14:31:24.273] [main/DEBUG] [net.minecraftforge.fml.javafmlmod.FMLJavaModLanguageProvider/LOADING]: Loading FMLModContainer from classloader cpw.mods.modlauncher.TransformingClassLoader@661e279d - got cpw.mods.cl.ModuleClassLoader@7c2312fa
[18May2026 14:31:24.275] [main/DEBUG] [net.minecraftforge.fml.javafmlmod.FMLModContainer/LOADING]: Creating FMLModContainer instance for dev.shadowsoffire.fastfurnace.FastFurnace
[18May2026 14:31:24.276] [main/DEBUG] [net.minecraftforge.fml.javafmlmod.FMLJavaModLanguageProvider/LOADING]: Loading FMLModContainer from classloader cpw.mods.modlauncher.TransformingClassLoader@661e279d - got cpw.mods.cl.ModuleClassLoader@7c2312fa
[18May2026 14:31:24.276] [main/DEBUG] [net.minecraftforge.fml.javafmlmod.FMLModContainer/LOADING]: Creating FMLModContainer instance for malte0811.ferritecore.ModMainForge
[18May2026 14:31:24.276] [main/DEBUG] [net.minecraftforge.fml.javafmlmod.FMLJavaModLanguageProvider/LOADING]: Loading FMLModContainer from classloader cpw.mods.modlauncher.TransformingClassLoader@661e279d - got cpw.mods.cl.ModuleClassLoader@7c2312fa
[18May2026 14:31:24.276] [main/DEBUG] [net.minecraftforge.fml.javafmlmod.FMLModContainer/LOADING]: Creating FMLModContainer instance for com.github.d0ctorleon.mythsandlegends.forge.MythsAndLegendsForge
[18May2026 14:31:24.277] [main/DEBUG] [net.minecraftforge.fml.javafmlmod.FMLJavaModLanguageProvider/LOADING]: Loading FMLModContainer from classloader cpw.mods.modlauncher.TransformingClassLoader@661e279d - got cpw.mods.cl.ModuleClassLoader@7c2312fa
[18May2026 14:31:24.277] [main/DEBUG] [net.minecraftforge.fml.javafmlmod.FMLModContainer/LOADING]: Creating FMLModContainer instance for com.teammetallurgy.aquaculture.Aquaculture
[18May2026 14:31:24.278] [main/DEBUG] [net.minecraftforge.fml.javafmlmod.FMLJavaModLanguageProvider/LOADING]: Loading FMLModContainer from classloader cpw.mods.modlauncher.TransformingClassLoader@661e279d - got cpw.mods.cl.ModuleClassLoader@7c2312fa
[18May2026 14:31:24.278] [main/DEBUG] [net.minecraftforge.fml.javafmlmod.FMLModContainer/LOADING]: Creating FMLModContainer instance for com.obscuria.aquamirae.Aquamirae
[18May2026 14:31:24.283] [main/DEBUG] [net.minecraftforge.fml.javafmlmod.FMLJavaModLanguageProvider/LOADING]: Loading FMLModContainer from classloader cpw.mods.modlauncher.TransformingClassLoader@661e279d - got cpw.mods.cl.ModuleClassLoader@7c2312fa
[18May2026 14:31:24.303] [main/DEBUG] [net.minecraftforge.fml.javafmlmod.FMLModContainer/LOADING]: Creating FMLModContainer instance for net.cristellib.forge.CristelLibForge
[18May2026 14:31:24.405] [modloading-worker-0/DEBUG] [net.minecraftforge.fml.javafmlmod.AutomaticEventSubscriber/LOADING]: Attempting to inject @EventBusSubscriber classes into the eventbus for kuma_api
[18May2026 14:31:24.407] [modloading-worker-0/DEBUG] [net.minecraftforge.fml.javafmlmod.AutomaticEventSubscriber/LOADING]: Attempting to inject @EventBusSubscriber classes into the eventbus for playeranimator
[18May2026 14:31:24.423] [modloading-worker-0/DEBUG] [net.minecraftforge.fml.config.ConfigTracker/CONFIG]: Config file weaponmaster_ydm-common.toml for weaponmaster_ydm tracking
[18May2026 14:31:24.426] [modloading-worker-0/DEBUG] [net.minecraftforge.fml.javafmlmod.AutomaticEventSubscriber/LOADING]: Attempting to inject @EventBusSubscriber classes into the eventbus for weaponmaster_ydm
[18May2026 14:31:24.427] [modloading-worker-0/DEBUG] [net.minecraftforge.fml.javafmlmod.AutomaticEventSubscriber/LOADING]: Auto-subscribing com.minecraftserverzone.weaponmaster.setup.events_on_server.ModEvents to MOD
[18May2026 14:31:24.432] [modloading-worker-0/DEBUG] [net.minecraftforge.fml.javafmlmod.AutomaticEventSubscriber/LOADING]: Auto-subscribing com.minecraftserverzone.weaponmaster.setup.events_on_server.ForgeEvents to FORGE
[18May2026 14:31:24.433] [modloading-worker-0/DEBUG] [net.minecraftforge.fml.javafmlmod.AutomaticEventSubscriber/LOADING]: Attempting to inject @EventBusSubscriber classes into the eventbus for geckolib
[18May2026 14:31:24.434] [modloading-worker-0/DEBUG] [net.minecraftforge.fml.javafmlmod.AutomaticEventSubscriber/LOADING]: Auto-subscribing software.bernie.example.GeckoLibMod to FORGE
[18May2026 14:31:24.434] [modloading-worker-0/DEBUG] [net.minecraftforge.fml.javafmlmod.AutomaticEventSubscriber/LOADING]: Auto-subscribing software.bernie.example.CommonListener to MOD
[18May2026 14:31:24.452] [modloading-worker-0/DEBUG] [net.minecraftforge.fml.config.ConfigTracker/CONFIG]: Config file nyfsquiver-common.toml for nyfsquiver tracking
[18May2026 14:31:24.464] [modloading-worker-0/DEBUG] [net.minecraftforge.fml.config.ConfigTracker/CONFIG]: Config file nyfsquiver-client.toml for nyfsquiver tracking
[18May2026 14:31:24.499] [modloading-worker-0/DEBUG] [net.minecraftforge.fml.javafmlmod.AutomaticEventSubscriber/LOADING]: Attempting to inject @EventBusSubscriber classes into the eventbus for nyfsquiver
[18May2026 14:31:24.500] [modloading-worker-0/DEBUG] [net.minecraftforge.fml.javafmlmod.AutomaticEventSubscriber/LOADING]: Auto-subscribing com.nyfaria.nyfsquiver.events.CommonModEvent to MOD
[18May2026 14:31:24.501] [modloading-worker-0/DEBUG] [net.minecraftforge.fml.javafmlmod.AutomaticEventSubscriber/LOADING]: Auto-subscribing com.nyfaria.nyfsquiver.events.CommonForgeEvents to FORGE
[18May2026 14:31:24.519] [modloading-worker-0/DEBUG] [xaero.map.WorldMap/]: Loaded xaero.map.platform.services.ForgePlatformHelper@1873be28 for service interface xaero.map.platform.services.IPlatformHelper
[18May2026 14:31:24.534] [modloading-worker-0/DEBUG] [xaero.lib.XaeroLib/]: Loaded xaero.lib.platform.services.PlatformHelperForge@28ebfc6f for service interface xaero.lib.platform.services.IPlatformHelper
[18May2026 14:31:24.583] [modloading-worker-0/INFO] [xaero.map.WorldMap/]: Registering common data for channel xaeroworldmap:main!
[18May2026 14:31:24.631] [modloading-worker-0/INFO] [xaero.map.WorldMap/]: Loading primary common config for channel xaeroworldmap:main!
[18May2026 14:31:24.637] [modloading-worker-0/INFO] [xaero.map.WorldMap/]: Loading server config profiles for channel xaeroworldmap:main!
[18May2026 14:31:24.639] [modloading-worker-0/DEBUG] [mixin/]: Mixing MixinInventoryMenu from fastbench.mixins.json into net.minecraft.world.inventory.InventoryMenu
[18May2026 14:31:24.651] [modloading-worker-0/DEBUG] [net.minecraftforge.fml.javafmlmod.AutomaticEventSubscriber/LOADING]: Attempting to inject @EventBusSubscriber classes into the eventbus for stalwart_dungeons
[18May2026 14:31:24.652] [modloading-worker-0/DEBUG] [net.minecraftforge.fml.javafmlmod.AutomaticEventSubscriber/LOADING]: Auto-subscribing net.mcreator.stalwartdungeons.procedures.ShulkerCannonShootProcedure to FORGE
[18May2026 14:31:24.657] [modloading-worker-0/DEBUG] [net.minecraftforge.fml.javafmlmod.AutomaticEventSubscriber/LOADING]: Auto-subscribing net.mcreator.stalwartdungeons.procedures.SdShieldPrProcedure to FORGE
[18May2026 14:31:24.658] [modloading-worker-0/DEBUG] [net.minecraftforge.fml.javafmlmod.AutomaticEventSubscriber/LOADING]: Auto-subscribing net.mcreator.stalwartdungeons.init.StalwartDungeonsModTabs to MOD
[18May2026 14:31:24.660] [modloading-worker-0/DEBUG] [net.minecraftforge.fml.javafmlmod.AutomaticEventSubscriber/LOADING]: Attempting to inject @EventBusSubscriber classes into the eventbus for xaeroworldmap
[18May2026 14:31:24.661] [modloading-worker-0/DEBUG] [net.minecraftforge.fml.javafmlmod.AutomaticEventSubscriber/LOADING]: Auto-subscribing net.mcreator.stalwartdungeons.init.StalwartDungeonsModFeatures to FORGE
[18May2026 14:31:24.661] [modloading-worker-0/DEBUG] [net.minecraftforge.fml.javafmlmod.AutomaticEventSubscriber/LOADING]: Auto-subscribing net.mcreator.stalwartdungeons.init.StalwartDungeonsModEntities to MOD
[18May2026 14:31:24.664] [modloading-worker-0/DEBUG] [net.minecraftforge.fml.javafmlmod.AutomaticEventSubscriber/LOADING]: Attempting to inject @EventBusSubscriber classes into the eventbus for prism
[18May2026 14:31:24.678] [modloading-worker-0/DEBUG] [net.minecraftforge.fml.javafmlmod.AutomaticEventSubscriber/LOADING]: Attempting to inject @EventBusSubscriber classes into the eventbus for placebo
[18May2026 14:31:24.678] [modloading-worker-0/DEBUG] [net.minecraftforge.fml.javafmlmod.AutomaticEventSubscriber/LOADING]: Auto-subscribing dev.shadowsoffire.placebo.util.PlaceboTaskQueue to FORGE
[18May2026 14:31:24.706] [modloading-worker-0/DEBUG] [net.minecraftforge.fml.config.ConfigTracker/CONFIG]: Config file modernfix-common.toml for modernfix tracking
[18May2026 14:31:24.724] [modloading-worker-0/DEBUG] [ModernFix/]: Removed 34 unneeded annotations from file weaponmaster_ydm-forge-1.20.1-4.2.3.jar
[18May2026 14:31:24.728] [modloading-worker-0/DEBUG] [ModernFix/]: Removed 70 unneeded annotations from file uniquedungeons-0.70.5-74.2.0.jar
[18May2026 14:31:24.739] [modloading-worker-0/DEBUG] [ModernFix/]: Removed 2 unneeded annotations from file kuma-api-forge-20.1.12+1.20.1.jar
[18May2026 14:31:24.740] [modloading-worker-0/DEBUG] [ModernFix/]: Removed 190 unneeded annotations from file geckolib-forge-1.20.1-4.8.3.jar
[18May2026 14:31:24.745] [modloading-worker-0/DEBUG] [ModernFix/]: Removed 178 unneeded annotations from file player-animation-lib-forge-1.0.2-rc1+1.20.jar
[18May2026 14:31:24.753] [modloading-worker-0/DEBUG] [ModernFix/]: Removed 515 unneeded annotations from file aether-1.20.1-1.5.2-neoforge.jar
[18May2026 14:31:24.760] [modloading-worker-0/DEBUG] [ModernFix/]: Removed 21 unneeded annotations from file stalwart-dungeons-1.20.1-1.2.8.jar
[18May2026 14:31:24.767] [modloading-worker-0/DEBUG] [ModernFix/]: Removed 45 unneeded annotations from file nyfsquiver-1.20.1-forge-1.0.1.jar
[18May2026 14:31:24.768] [modloading-worker-0/DEBUG] [ModernFix/]: Removed 49 unneeded annotations from file xaeroworldmap-forge-1.20.1-1.40.16.jar
[18May2026 14:31:24.772] [modloading-worker-0/DEBUG] [ModernFix/]: Removed 1140 unneeded annotations from file goety-2.5.53.1.jar
[18May2026 14:31:24.785] [modloading-worker-0/DEBUG] [ModernFix/]: Removed 8 unneeded annotations from file Prism-1.20.1-forge-1.0.5.jar
[18May2026 14:31:24.786] [modloading-worker-0/DEBUG] [ModernFix/]: Removed 46 unneeded annotations from file Placebo-1.20.1-8.6.3.jar
[18May2026 14:31:24.789] [modloading-worker-0/DEBUG] [net.minecraftforge.fml.config.ConfigTracker/CONFIG]: Config file aether-server.toml for aether tracking
[18May2026 14:31:24.789] [modloading-worker-0/DEBUG] [net.minecraftforge.fml.config.ConfigTracker/CONFIG]: Config file aether-common.toml for aether tracking
[18May2026 14:31:24.789] [modloading-worker-0/DEBUG] [net.minecraftforge.fml.config.ConfigTracker/CONFIG]: Config file aether-client.toml for aether tracking
[18May2026 14:31:24.789] [modloading-worker-0/DEBUG] [net.minecraftforge.fml.javafmlmod.AutomaticEventSubscriber/LOADING]: Attempting to inject @EventBusSubscriber classes into the eventbus for aether
[18May2026 14:31:24.789] [modloading-worker-0/DEBUG] [net.minecraftforge.fml.javafmlmod.AutomaticEventSubscriber/LOADING]: Auto-subscribing com.aetherteam.aether.item.combat.loot.PigSlayerItem to FORGE
[18May2026 14:31:24.790] [modloading-worker-0/DEBUG] [ModernFix/]: Removed 1050 unneeded annotations from file modernfix-forge-5.27.24+mc1.20.1.jar
[18May2026 14:31:24.792] [modloading-worker-0/DEBUG] [ModernFix/]: Removed 188 unneeded annotations from file citadel-2.6.3-1.20.1.jar
[18May2026 14:31:24.797] [modloading-worker-0/DEBUG] [ModernFix/]: Removed 64 unneeded annotations from file YungsApi-1.20-Forge-4.0.6.jar
[18May2026 14:31:24.798] [modloading-worker-0/DEBUG] [ModernFix/]: Removed 690 unneeded annotations from file Kambrik-6.1.1+1.20.1-forge.jar
[18May2026 14:31:24.799] [modloading-worker-0/DEBUG] [ModernFix/]: Removed 39 unneeded annotations from file guardvillagers-1.20.1-1.6.17.jar
[18May2026 14:31:24.802] [modloading-worker-0/DEBUG] [ModernFix/]: Removed 228 unneeded annotations from file sololeveling-0.10.7.5.jar
[18May2026 14:31:24.803] [modloading-worker-0/DEBUG] [net.minecraftforge.fml.javafmlmod.AutomaticEventSubscriber/LOADING]: Auto-subscribing com.aetherteam.aether.item.combat.loot.HolySwordItem to FORGE
[18May2026 14:31:24.804] [modloading-worker-0/DEBUG] [net.minecraftforge.fml.javafmlmod.AutomaticEventSubscriber/LOADING]: Auto-subscribing com.aetherteam.aether.item.combat.loot.FlamingSwordItem to FORGE
[18May2026 14:31:24.804] [modloading-worker-0/DEBUG] [net.minecraftforge.fml.javafmlmod.AutomaticEventSubscriber/LOADING]: Auto-subscribing com.aetherteam.aether.item.combat.SkyrootSwordItem to FORGE
[18May2026 14:31:24.804] [modloading-worker-0/DEBUG] [net.minecraftforge.fml.javafmlmod.AutomaticEventSubscriber/LOADING]: Auto-subscribing com.aetherteam.aether.item.AetherCreativeTabs to MOD
[18May2026 14:31:24.805] [modloading-worker-0/DEBUG] [net.minecraftforge.fml.javafmlmod.AutomaticEventSubscriber/LOADING]: Auto-subscribing com.aetherteam.aether.event.listeners.capability.AetherTimeListener to FORGE
[18May2026 14:31:24.814] [modloading-worker-0/DEBUG] [ModernFix/]: Removed 74 unneeded annotations from file balm-forge-1.20.1-7.3.38-all.jar
[18May2026 14:31:24.815] [modloading-worker-0/DEBUG] [net.minecraftforge.fml.javafmlmod.AutomaticEventSubscriber/LOADING]: Auto-subscribing com.aetherteam.aether.event.listeners.capability.AetherPlayerListener to FORGE
[18May2026 14:31:24.818] [modloading-worker-0/DEBUG] [net.minecraftforge.fml.javafmlmod.AutomaticEventSubscriber/LOADING]: Auto-subscribing com.aetherteam.aether.event.listeners.abilities.WeaponAbilityListener to FORGE
[18May2026 14:31:24.821] [modloading-worker-0/DEBUG] [ModernFix/]: Removed 17 unneeded annotations from file projectile_damage-forge-3.2.2+1.20.1.jar
[18May2026 14:31:24.824] [modloading-worker-0/DEBUG] [ModernFix/]: Removed 388 unneeded annotations from file cloth-config-11.1.136-forge.jar
[18May2026 14:31:24.825] [modloading-worker-0/DEBUG] [net.minecraftforge.fml.javafmlmod.AutomaticEventSubscriber/LOADING]: Auto-subscribing com.aetherteam.aether.event.listeners.abilities.ToolAbilityListener to FORGE
[18May2026 14:31:24.830] [modloading-worker-0/DEBUG] [net.minecraftforge.fml.config.ConfigTracker/CONFIG]: Config file uniquedungeons-city_snow_config.toml for uniquedungeons tracking
[18May2026 14:31:24.831] [modloading-worker-0/DEBUG] [net.minecraftforge.fml.config.ConfigTracker/CONFIG]: Config file uniquedungeons-desert_dungeon_config.toml for uniquedungeons tracking
[18May2026 14:31:24.833] [modloading-worker-0/DEBUG] [ModernFix/]: Removed 548 unneeded annotations from file twilightforest-1.20.1-4.3.2508-universal.jar
[18May2026 14:31:24.835] [modloading-worker-0/DEBUG] [net.minecraftforge.fml.javafmlmod.AutomaticEventSubscriber/LOADING]: Auto-subscribing com.aetherteam.aether.event.listeners.abilities.ArmorAbilityListener to FORGE
[18May2026 14:31:24.836] [modloading-worker-0/DEBUG] [net.minecraftforge.fml.javafmlmod.AutomaticEventSubscriber/LOADING]: Attempting to inject @EventBusSubscriber classes into the eventbus for uniquedungeons
[18May2026 14:31:24.836] [modloading-worker-0/DEBUG] [net.minecraftforge.fml.javafmlmod.AutomaticEventSubscriber/LOADING]: Auto-subscribing com.becks.uniquedungeons.network.eventhandling.VillagerTradeEvents to FORGE
[18May2026 14:31:24.837] [modloading-worker-0/DEBUG] [net.minecraftforge.fml.javafmlmod.AutomaticEventSubscriber/LOADING]: Auto-subscribing com.becks.uniquedungeons.network.eventhandling.MobEvents to MOD
[18May2026 14:31:24.840] [modloading-worker-0/DEBUG] [net.minecraftforge.fml.javafmlmod.AutomaticEventSubscriber/LOADING]: Auto-subscribing com.becks.uniquedungeons.network.eventhandling.GeneralPlayerEventHandler to FORGE
[18May2026 14:31:24.840] [modloading-worker-0/DEBUG] [net.minecraftforge.fml.javafmlmod.AutomaticEventSubscriber/LOADING]: Auto-subscribing com.aetherteam.aether.event.listeners.abilities.AccessoryAbilityListener to FORGE
[18May2026 14:31:24.842] [modloading-worker-0/DEBUG] [net.minecraftforge.fml.javafmlmod.AutomaticEventSubscriber/LOADING]: Auto-subscribing com.becks.uniquedungeons.common.structures.village.VillagePoolAdditionHelper to FORGE
[18May2026 14:31:24.845] [modloading-worker-0/DEBUG] [net.minecraftforge.fml.javafmlmod.AutomaticEventSubscriber/LOADING]: Auto-subscribing com.aetherteam.aether.event.listeners.RecipeListener to FORGE
[18May2026 14:31:24.847] [modloading-worker-0/DEBUG] [ModernFix/]: Removed 739 unneeded annotations from file embeddium-0.3.32-beta.9999+mc1.20.1.jar
[18May2026 14:31:24.856] [modloading-worker-0/DEBUG] [ModernFix/]: Removed 9 unneeded annotations from file morevillagers-forge-1.20.1-5.0.0.jar
[18May2026 14:31:24.857] [modloading-worker-0/DEBUG] [net.minecraftforge.fml.javafmlmod.AutomaticEventSubscriber/LOADING]: Auto-subscribing com.aetherteam.aether.event.listeners.PerkListener to FORGE
[18May2026 14:31:24.859] [modloading-worker-0/DEBUG] [net.minecraftforge.fml.javafmlmod.AutomaticEventSubscriber/LOADING]: Auto-subscribing com.aetherteam.aether.event.listeners.ItemListener to FORGE
[18May2026 14:31:24.860] [modloading-worker-0/DEBUG] [net.minecraftforge.fml.javafmlmod.AutomaticEventSubscriber/LOADING]: Auto-subscribing com.aetherteam.aether.event.listeners.EntityListener to FORGE
[18May2026 14:31:24.863] [modloading-worker-0/DEBUG] [ModernFix/]: Removed 751 unneeded annotations from file block_factorys_bosses-2.1.1-forge-1.20.1.jar
[18May2026 14:31:24.867] [modloading-worker-0/DEBUG] [net.minecraftforge.fml.config.ConfigTracker/CONFIG]: Config file citadel-common.toml for citadel tracking
[18May2026 14:31:24.870] [modloading-worker-0/DEBUG] [ModernFix/]: Removed 1 unneeded annotations from file MoreBows-1.0.13+1.20.x.forge.jar
[18May2026 14:31:24.870] [modloading-worker-0/DEBUG] [ModernFix/]: Removed 21 unneeded annotations from file endrem_forge-5.3.3-R-1.20.1.jar
[18May2026 14:31:24.872] [modloading-worker-0/DEBUG] [net.minecraftforge.fml.javafmlmod.AutomaticEventSubscriber/LOADING]: Attempting to inject @EventBusSubscriber classes into the eventbus for citadel
[18May2026 14:31:24.872] [modloading-worker-0/DEBUG] [net.minecraftforge.fml.javafmlmod.AutomaticEventSubscriber/LOADING]: Auto-subscribing com.github.alexthe666.citadel.ServerProxy to MOD
[18May2026 14:31:24.873] [modloading-worker-0/DEBUG] [ModernFix/]: Removed 34 unneeded annotations from file lionfishapi-3.0.jar
[18May2026 14:31:24.877] [modloading-worker-0/DEBUG] [ModernFix/]: Removed 2012 unneeded annotations from file spark-1.10.53-forge.jar
[18May2026 14:31:24.876] [modloading-worker-0/DEBUG] [net.minecraftforge.fml.javafmlmod.AutomaticEventSubscriber/LOADING]: Auto-subscribing com.aetherteam.aether.event.listeners.DimensionListener to FORGE
[18May2026 14:31:24.879] [modloading-worker-0/DEBUG] [mixin/]: Mixing MixinLevelEvent from architectury.mixins.json into net.minecraftforge.event.level.LevelEvent
[18May2026 14:31:24.884] [modloading-worker-0/DEBUG] [ModernFix/]: Removed 889 unneeded annotations from file Bountiful-6.0.4+1.20.1-forge.jar
[18May2026 14:31:24.885] [modloading-worker-0/DEBUG] [ModernFix/]: Removed 565 unneeded annotations from file L_Enders_Cataclysm-3.27-curios-fix.jar
[18May2026 14:31:24.894] [modloading-worker-0/DEBUG] [net.minecraftforge.fml.javafmlmod.AutomaticEventSubscriber/LOADING]: Auto-subscribing com.aetherteam.aether.entity.AetherEntityTypes to MOD
[18May2026 14:31:24.897] [modloading-worker-0/DEBUG] [net.minecraftforge.fml.javafmlmod.AutomaticEventSubscriber/LOADING]: Auto-subscribing com.aetherteam.aether.data.ReloadListeners to FORGE
[18May2026 14:31:24.900] [modloading-worker-0/DEBUG] [ModernFix/]: Removed 289 unneeded annotations from file curios-forge-5.14.1+1.20.1.jar
[18May2026 14:31:24.901] [modloading-worker-0/DEBUG] [ModernFix/]: Removed 101 unneeded annotations from file Patchouli-1.20.1-85-FORGE.jar
[18May2026 14:31:24.905] [modloading-worker-0/DEBUG] [mixin/]: Mixing ServerResourcesMixin from placebo.mixins.json into net.minecraft.server.ReloadableServerResources
[18May2026 14:31:24.906] [modloading-worker-0/DEBUG] [mixin/]: Mixing ReloadableServerResourcesMixin from balm.mixins.json into net.minecraft.server.ReloadableServerResources
[18May2026 14:31:24.906] [modloading-worker-0/DEBUG] [ModernFix/]: Removed 111 unneeded annotations from file more_bows_and_arrows-merged-1.20.1-5.0.1.jar
[18May2026 14:31:24.906] [modloading-worker-0/DEBUG] [mixin/]: Renaming synthetic method lambda$loadResources$0(Lnet/minecraft/server/ReloadableServerResources;)V to md740d9a$lambda$loadResources$0$0 in balm.mixins.json:ReloadableServerResourcesMixin
[18May2026 14:31:24.907] [modloading-worker-0/DEBUG] [mixin/]: Mixing ServerResourcesMixin from fastsuite.mixins.json into net.minecraft.server.ReloadableServerResources
[18May2026 14:31:24.908] [modloading-worker-0/DEBUG] [mixin/]: Mixing ReloadableServerResourcesMixin from moonlight-common.mixins.json into net.minecraft.server.ReloadableServerResources
[18May2026 14:31:24.916] [modloading-worker-0/DEBUG] [net.minecraftforge.fml.javafmlmod.AutomaticEventSubscriber/LOADING]: Auto-subscribing com.aetherteam.aether.command.AetherCommands to FORGE
[18May2026 14:31:24.918] [modloading-worker-0/DEBUG] [net.minecraftforge.fml.javafmlmod.AutomaticEventSubscriber/LOADING]: Auto-subscribing com.aetherteam.aether.capability.AetherCapabilities to MOD
[18May2026 14:31:24.930] [modloading-worker-0/DEBUG] [net.minecraftforge.fml.javafmlmod.AutomaticEventSubscriber/LOADING]: Auto-subscribing com.aetherteam.aether.capability.AetherCapabilities$Registration to FORGE
[18May2026 14:31:24.930] [modloading-worker-0/DEBUG] [mixin/]: Mixing perf.forge_cap_retrieval.AttachCapabilitiesEventMixin from modernfix-modernfix.mixins.json into net.minecraftforge.event.AttachCapabilitiesEvent
[18May2026 14:31:24.976] [modloading-worker-0/DEBUG] [mixin/]: Mixing AbstractCriterionTriggerer from kambrik.mixins.json into net.minecraft.advancements.critereon.SimpleCriterionTrigger
[18May2026 14:31:24.981] [modloading-worker-0/DEBUG] [mixin/]: kambrik.mixins.json:AbstractCriterionTriggerer: Class version 61 required is higher than the class version supported by the current version of Mixin (JAVA_8 supports class version 52)
[18May2026 14:31:25.096] [modloading-worker-0/DEBUG] [net.minecraftforge.fml.javafmlmod.AutomaticEventSubscriber/LOADING]: Attempting to inject @EventBusSubscriber classes into the eventbus for yungsapi
[18May2026 14:31:25.113] [modloading-worker-0/DEBUG] [net.minecraftforge.fml.config.ConfigTracker/CONFIG]: Config file guardvillagers-common.toml for guardvillagers tracking
[18May2026 14:31:25.119] [modloading-worker-0/WARN] [net.minecraftforge.common.ForgeConfigSpec/CORE]: Configuration file /workspaces/VAlhalla-server/server/config/guardvillagers-common.toml is not correct. Correcting
[18May2026 14:31:25.121] [modloading-worker-0/DEBUG] [net.minecraftforge.common.ForgeConfigSpec/CORE]: The comment on key villager stuff.Profession Whitelist for guard conversion does not match the spec. This may create a backup.
[18May2026 14:31:25.123] [modloading-worker-0/DEBUG] [net.minecraftforge.common.ForgeConfigSpec/CORE]: The comment on key guard stuff.Structure pieces that spawn guards does not match the spec. This may create a backup.
[18May2026 14:31:25.129] [modloading-worker-0/DEBUG] [net.minecraftforge.fml.config.ConfigTracker/CONFIG]: Config file guardvillagers-client.toml for guardvillagers tracking
[18May2026 14:31:25.143] [modloading-worker-0/DEBUG] [ModernFix/]: Removed 36722 unneeded annotations from file Cobblemon-forge-1.5.2+1.20.1.jar
[18May2026 14:31:25.154] [modloading-worker-0/DEBUG] [net.minecraftforge.fml.javafmlmod.AutomaticEventSubscriber/LOADING]: Attempting to inject @EventBusSubscriber classes into the eventbus for guardvillagers
[18May2026 14:31:25.154] [modloading-worker-0/DEBUG] [net.minecraftforge.fml.javafmlmod.AutomaticEventSubscriber/LOADING]: Auto-subscribing tallestegg.guardvillagers.VillagerToGuard to FORGE
[18May2026 14:31:25.155] [modloading-worker-0/DEBUG] [net.minecraftforge.fml.javafmlmod.AutomaticEventSubscriber/LOADING]: Auto-subscribing tallestegg.guardvillagers.HandlerEvents to FORGE
[18May2026 14:31:25.166] [modloading-worker-0/DEBUG] [net.minecraftforge.fml.javafmlmod.AutomaticEventSubscriber/LOADING]: Auto-subscribing tallestegg.guardvillagers.configuration.GuardConfig to MOD
[18May2026 14:31:25.169] [modloading-worker-0/DEBUG] [net.minecraftforge.fml.javafmlmod.AutomaticEventSubscriber/LOADING]: Auto-subscribing tallestegg.guardvillagers.client.GuardSounds to MOD
[18May2026 14:31:25.169] [modloading-worker-0/DEBUG] [net.minecraftforge.fml.javafmlmod.AutomaticEventSubscriber/LOADING]: Auto-subscribing tallestegg.guardvillagers.GuardEntityType to MOD
[18May2026 14:31:25.169] [modloading-worker-0/DEBUG] [net.minecraftforge.fml.javafmlmod.AutomaticEventSubscriber/LOADING]: Auto-subscribing tallestegg.guardvillagers.GuardItems to MOD
[18May2026 14:31:25.214] [modloading-worker-0/DEBUG] [ModernFix/]: Removed 46 unneeded annotations from file cumulus_menus-1.20.1-1.0.0-neoforge.jar
[18May2026 14:31:25.216] [modloading-worker-0/DEBUG] [ModernFix/]: Removed 281 unneeded annotations from file architectury-9.2.14-forge.jar
[18May2026 14:31:25.218] [modloading-worker-0/DEBUG] [ModernFix/]: Removed 2091 unneeded annotations from file Adorn-5.0.1+1.20.1-forge.jar
[18May2026 14:31:25.219] [modloading-worker-0/DEBUG] [ModernFix/]: Removed 121 unneeded annotations from file YungsBetterEndIsland-1.20-Forge-2.0.6.jar
[18May2026 14:31:25.220] [modloading-worker-0/DEBUG] [ModernFix/]: Removed 17 unneeded annotations from file monolib-forge-1.20.1-4.0.2.jar
[18May2026 14:31:25.220] [modloading-worker-0/DEBUG] [ModernFix/]: Removed 21 unneeded annotations from file nitrogen_internals-1.20.1-1.0.12-neoforge.jar
[18May2026 14:31:25.221] [modloading-worker-0/DEBUG] [ModernFix/]: Removed 41 unneeded annotations from file huge-structure-blocks-1.0.9-forge.jar
[18May2026 14:31:25.221] [modloading-worker-0/DEBUG] [ModernFix/]: Removed 10 unneeded annotations from file RuneCraft-1.20-(v.3.8.7a).jar
[18May2026 14:31:25.221] [modloading-worker-0/DEBUG] [ModernFix/]: Removed 13 unneeded annotations from file epicpaladins-1.0.2-1.20.1-forge.jar
[18May2026 14:31:25.225] [modloading-worker-0/DEBUG] [ModernFix/]: Removed 158 unneeded annotations from file soulslike-weaponry-1.3.1-1.20.1-forge.jar
[18May2026 14:31:25.227] [modloading-worker-0/DEBUG] [ModernFix/]: Removed 1298 unneeded annotations from file radium-mc1.20.1-0.12.4+git.26c9d8e.jar
[18May2026 14:31:25.229] [modloading-worker-0/DEBUG] [ModernFix/]: Removed 5 unneeded annotations from file humancompanions-1.20.1-1.7.6.jar
[18May2026 14:31:25.229] [modloading-worker-0/DEBUG] [ModernFix/]: Removed 46 unneeded annotations from file too_many_bows-forge-4.0.1.jar
[18May2026 14:31:25.230] [modloading-worker-0/DEBUG] [ModernFix/]: Removed 99 unneeded annotations from file lithostitched-forge-1.20.1-1.4.11.jar
[18May2026 14:31:25.231] [modloading-worker-0/DEBUG] [ModernFix/]: Removed 67 unneeded annotations from file irons_lib-1.20.1-1.0.2.jar
[18May2026 14:31:25.231] [modloading-worker-0/DEBUG] [ModernFix/]: Removed 5 unneeded annotations from file AttributeFix-Forge-1.20.1-21.0.5.jar
[18May2026 14:31:25.231] [modloading-worker-0/DEBUG] [ModernFix/]: Removed 16 unneeded annotations from file xaerolib-forge-1.20.1-1.1.15.jar
[18May2026 14:31:25.232] [modloading-worker-0/DEBUG] [ModernFix/]: Removed 9 unneeded annotations from file gnumus_settlement_[Forge]1.20.1_v1.0.jar
[18May2026 14:31:25.233] [modloading-worker-0/DEBUG] [ModernFix/]: Removed 16 unneeded annotations from file caelus-forge-3.2.0+1.20.1.jar
[18May2026 14:31:25.234] [modloading-worker-0/DEBUG] [ModernFix/]: Removed 129 unneeded annotations from file obscure_api-18.jar
[18May2026 14:31:25.235] [modloading-worker-0/DEBUG] [ModernFix/]: Removed 630 unneeded annotations from file epic-fight-20.14.17-mc1.20.1-forge.jar
[18May2026 14:31:25.239] [modloading-worker-0/DEBUG] [ModernFix/]: Removed 119 unneeded annotations from file WeaponsOfMiracles-2.0.15-mc1.20.1-forge.jar
[18May2026 14:31:25.240] [modloading-worker-0/DEBUG] [ModernFix/]: Removed 17 unneeded annotations from file FastSuite-1.20.1-5.1.2.jar
[18May2026 14:31:25.240] [modloading-worker-0/DEBUG] [ModernFix/]: Removed 32 unneeded annotations from file Clumps-forge-1.20.1-12.0.0.4.jar
[18May2026 14:31:25.240] [modloading-worker-0/DEBUG] [ModernFix/]: Removed 2 unneeded annotations from file mobhealthbar-forge-1.20.x-2.3.0.jar
[18May2026 14:31:25.241] [modloading-worker-0/DEBUG] [ModernFix/]: Removed 88 unneeded annotations from file travelersbackpack-forge-1.20.1-9.1.54.jar
[18May2026 14:31:25.242] [modloading-worker-0/DEBUG] [ModernFix/]: Removed 35 unneeded annotations from file smarterfarmers-1.20-2.1.2.jar
[18May2026 14:31:25.242] [modloading-worker-0/DEBUG] [ModernFix/]: Removed 24 unneeded annotations from file ExplorersCompass-1.20.1-1.4.0-forge.jar
[18May2026 14:31:25.242] [modloading-worker-0/DEBUG] [ModernFix/]: Removed 632 unneeded annotations from file iceandfire-2.1.13-1.20.1-beta-5.jar
[18May2026 14:31:25.246] [modloading-worker-0/DEBUG] [ModernFix/]: Removed 61 unneeded annotations from file memoryleakfix-forge-1.17+-1.1.5.jar
[18May2026 14:31:25.246] [modloading-worker-0/DEBUG] [ModernFix/]: Removed 24 unneeded annotations from file interaction_boxes-0.693.jar
[18May2026 14:31:25.248] [modloading-worker-0/DEBUG] [ModernFix/]: Removed 646 unneeded annotations from file ars_nouveau-1.20.1-4.12.7-all.jar
[18May2026 14:31:25.253] [modloading-worker-0/DEBUG] [ModernFix/]: Removed 73 unneeded annotations from file watut-forge-1.20.1-1.2.3.jar
[18May2026 14:31:25.253] [modloading-worker-0/DEBUG] [ModernFix/]: Removed 25 unneeded annotations from file LuckPerms-Forge-5.4.102.jar
[18May2026 14:31:25.255] [modloading-worker-0/DEBUG] [ModernFix/]: Removed 824 unneeded annotations from file forge-1.20.1-47.4.0-universal.jar
[18May2026 14:31:25.258] [modloading-worker-0/DEBUG] [ModernFix/]: Removed 12 unneeded annotations from file TravelersTitles-1.20-Forge-4.0.2.jar
[18May2026 14:31:25.258] [modloading-worker-0/DEBUG] [ModernFix/]: Removed 25 unneeded annotations from file tl_skin_cape_forge_1.20-1.38.jar
[18May2026 14:31:25.263] [modloading-worker-0/DEBUG] [ModernFix/]: Removed 2775 unneeded annotations from file server-1.20.1-20230612.114412-srg.jar
[18May2026 14:31:25.300] [modloading-worker-0/DEBUG] [ModernFix/]: Removed 204 unneeded annotations from file dungeons_and_combat-1.2.4-forge-1.20.1.jar
[18May2026 14:31:25.305] [modloading-worker-0/DEBUG] [ModernFix/]: Removed 96 unneeded annotations from file DarkSoulsExpansionv5.2.1.jar
[18May2026 14:31:25.307] [modloading-worker-0/DEBUG] [ModernFix/]: Removed 286 unneeded annotations from file slu_9990.3.1.20.1-remade.jar
[18May2026 14:31:25.315] [modloading-worker-0/DEBUG] [ModernFix/]: Removed 12 unneeded annotations from file twm-1.3.1-forge-1.20.1.jar
[18May2026 14:31:25.316] [modloading-worker-0/DEBUG] [ModernFix/]: Removed 93 unneeded annotations from file born_in_chaos_[Forge]1.20.1_1.7.5.jar
[18May2026 14:31:25.320] [modloading-worker-0/DEBUG] [ModernFix/]: Removed 12 unneeded annotations from file tohiro_ores-1.0.9-forge-1.20.1.jar
[18May2026 14:31:25.329] [modloading-worker-0/DEBUG] [ModernFix/]: Removed 1152 unneeded annotations from file TConstruct-1.20.1-3.11.2.166.jar
[18May2026 14:31:25.342] [modloading-worker-0/DEBUG] [ModernFix/]: Removed 207 unneeded annotations from file emi-1.1.24+1.20.1+forge.jar
[18May2026 14:31:25.346] [modloading-worker-0/DEBUG] [ModernFix/]: Removed 327 unneeded annotations from file jei-1.20.1-forge-15.20.0.130.jar
[18May2026 14:31:25.356] [modloading-worker-0/DEBUG] [ModernFix/]: Removed 627 unneeded annotations from file moonlight-1.20-2.16.32-forge.jar
[18May2026 14:31:25.357] [modloading-worker-0/DEBUG] [ModernFix/]: Removed 55 unneeded annotations from file ToolBelt-1.20.1-1.20.03.jar
[18May2026 14:31:25.358] [modloading-worker-0/DEBUG] [ModernFix/]: Removed 78 unneeded annotations from file Corgilib-Forge-1.20.1-4.0.3.4.jar
[18May2026 14:31:25.358] [modloading-worker-0/DEBUG] [ModernFix/]: Removed 99 unneeded annotations from file weaponmaster-1.4.3-1.20.1.jar
[18May2026 14:31:25.359] [modloading-worker-0/DEBUG] [ModernFix/]: Removed 4 unneeded annotations from file kffmod-4.12.0.jar
[18May2026 14:31:25.359] [modloading-worker-0/DEBUG] [ModernFix/]: Removed 56 unneeded annotations from file Iceberg-1.20.1-forge-1.1.25.jar
[18May2026 14:31:25.360] [modloading-worker-0/DEBUG] [ModernFix/]: Removed 395 unneeded annotations from file Mantle-1.20.1-1.11.104.jar
[18May2026 14:31:25.366] [modloading-worker-0/DEBUG] [ModernFix/]: Removed 73 unneeded annotations from file xaerominimap-forge-1.20.1-25.3.13.jar
[18May2026 14:31:25.370] [modloading-worker-0/DEBUG] [ModernFix/]: Removed 47 unneeded annotations from file gravestone-forge-1.20.1-1.0.35.jar
[18May2026 14:31:25.371] [modloading-worker-0/DEBUG] [ModernFix/]: Removed 25 unneeded annotations from file FastWorkbench-1.20.1-8.0.4.jar
[18May2026 14:31:25.375] [modloading-worker-0/DEBUG] [ModernFix/]: Removed 511 unneeded annotations from file irons_spellbooks-1.20.1-3.15.6.jar
[18May2026 14:31:25.378] [modloading-worker-0/DEBUG] [ModernFix/]: Removed 34 unneeded annotations from file dacxirons-1.5.4.jar
[18May2026 14:31:25.379] [modloading-worker-0/DEBUG] [ModernFix/]: Removed 22 unneeded annotations from file hardcorerevival-forge-1.20.1-12.0.11.jar
[18May2026 14:31:25.379] [modloading-worker-0/DEBUG] [ModernFix/]: Removed 5 unneeded annotations from file coroutil-forge-1.20.1-1.3.7.jar
[18May2026 14:31:25.379] [modloading-worker-0/DEBUG] [ModernFix/]: Removed 8 unneeded annotations from file FastFurnace-1.20.1-8.0.2.jar
[18May2026 14:31:25.379] [modloading-worker-0/DEBUG] [ModernFix/]: Removed 134 unneeded annotations from file ferritecore-6.0.1-forge.jar
[18May2026 14:31:25.379] [modloading-worker-0/DEBUG] [ModernFix/]: Removed 21 unneeded annotations from file Myths_and_Legends-1.6.1-forge.jar
[18May2026 14:31:25.380] [modloading-worker-0/DEBUG] [ModernFix/]: Removed 97 unneeded annotations from file Aquaculture-1.20.1-2.5.7.jar
[18May2026 14:31:25.381] [modloading-worker-0/DEBUG] [ModernFix/]: Removed 150 unneeded annotations from file aquamirae-forge-1.20.1-6.4.0.jar
[18May2026 14:31:25.382] [modloading-worker-0/DEBUG] [ModernFix/]: Removed 15 unneeded annotations from file cristellib-1.1.6-forge.jar
[18May2026 14:31:25.383] [modloading-worker-0/DEBUG] [net.minecraftforge.fml.javafmlmod.AutomaticEventSubscriber/LOADING]: Attempting to inject @EventBusSubscriber classes into the eventbus for modernfix
[18May2026 14:31:25.482] [modloading-worker-0/INFO] [STDOUT/]: [io.ejekta.kambrik.KambrikModForge:<clinit>:22]: Service loaders found: [io.ejekta.kambrik.bridge.KambrikSharedApiForge@20d4574e]
[18May2026 14:31:25.538] [modloading-worker-0/DEBUG] [net.minecraftforge.fml.javafmlmod.AutomaticEventSubscriber/LOADING]: Attempting to inject @EventBusSubscriber classes into the eventbus for balm
[18May2026 14:31:25.545] [modloading-worker-0/DEBUG] [net.minecraftforge.fml.javafmlmod.AutomaticEventSubscriber/LOADING]: Attempting to inject @EventBusSubscriber classes into the eventbus for projectile_damage
[18May2026 14:31:25.545] [modloading-worker-0/DEBUG] [net.minecraftforge.fml.javafmlmod.AutomaticEventSubscriber/LOADING]: Attempting to inject @EventBusSubscriber classes into the eventbus for cloth_config
[18May2026 14:31:25.551] [modloading-worker-0/DEBUG] [mixin/]: Mixing invoker.BooleanRuleInvoker from mixins.cobblemon-common.json into net.minecraft.world.level.GameRules$BooleanValue
[18May2026 14:31:25.551] [modloading-worker-0/DEBUG] [mixin/]: Renaming @Invoker method cobblemon$create(Z)Lnet/minecraft/world/level/GameRules$Type; to cobblemon$create_$md$740d9a$0 in mixins.cobblemon-common.json:invoker.BooleanRuleInvoker
[18May2026 14:31:25.557] [modloading-worker-0/DEBUG] [mixin/]: Mixing collections.gamerules.GameRulesMixin from lithium.mixins.json into net.minecraft.world.level.GameRules
[18May2026 14:31:25.557] [modloading-worker-0/DEBUG] [mixin/]: lithium.mixins.json:collections.gamerules.GameRulesMixin: Class version 61 required is higher than the class version supported by the current version of Mixin (JAVA_16 supports class version 60)
[18May2026 14:31:25.581] [modloading-worker-0/DEBUG] [net.minecraftforge.fml.config.ConfigTracker/CONFIG]: Config file twilightforest-common.toml for twilightforest tracking
[18May2026 14:31:25.583] [modloading-worker-0/DEBUG] [net.minecraftforge.fml.config.ConfigTracker/CONFIG]: Config file twilightforest-client.toml for twilightforest tracking
[18May2026 14:31:25.590] [modloading-worker-0/DEBUG] [mixin/]: Mixing ConditionHackMixin from moonlight.mixins.json into net.minecraft.server.packs.resources.SimplePreparableReloadListener
[18May2026 14:31:25.616] [modloading-worker-0/DEBUG] [thedarkcolour.kotlinforforge.LoggerKt/LOADING]: Attempting to inject @EventBusSubscriber kotlin objects in to the event bus for kambrik
[18May2026 14:31:25.629] [modloading-worker-0/DEBUG] [net.minecraftforge.fml.javafmlmod.AutomaticEventSubscriber/LOADING]: Attempting to inject @EventBusSubscriber classes into the eventbus for embeddium
[18May2026 14:31:25.629] [modloading-worker-0/DEBUG] [net.minecraftforge.fml.javafmlmod.AutomaticEventSubscriber/LOADING]: Attempting to inject @EventBusSubscriber classes into the eventbus for rubidium
[18May2026 14:31:25.633] [modloading-worker-0/DEBUG] [net.minecraftforge.fml.javafmlmod.AutomaticEventSubscriber/LOADING]: Attempting to inject @EventBusSubscriber classes into the eventbus for advancementplaques
[18May2026 14:31:25.633] [modloading-worker-0/DEBUG] [net.minecraftforge.fml.javafmlmod.AutomaticEventSubscriber/LOADING]: Auto-subscribing com.anthonyhilyard.advancementplaques.config.AdvancementPlaquesConfig to MOD
[18May2026 14:31:25.638] [modloading-worker-0/DEBUG] [net.minecraftforge.fml.javafmlmod.AutomaticEventSubscriber/LOADING]: Auto-subscribing com.anthonyhilyard.advancementplaques.AdvancementPlaques to MOD
[18May2026 14:31:25.654] [modloading-worker-0/DEBUG] [net.minecraftforge.fml.config.ConfigTracker/CONFIG]: Config file morevillagers-common.toml for morevillagers tracking
[18May2026 14:31:25.656] [modloading-worker-0/DEBUG] [net.minecraftforge.fml.javafmlmod.AutomaticEventSubscriber/LOADING]: Attempting to inject @EventBusSubscriber classes into the eventbus for morevillagers
[18May2026 14:31:25.656] [modloading-worker-0/DEBUG] [net.minecraftforge.fml.javafmlmod.AutomaticEventSubscriber/LOADING]: Auto-subscribing com.samebutdifferent.morevillagers.registry.forge.MVConfigForge to FORGE
[18May2026 14:31:25.837] [modloading-worker-0/DEBUG] [mixin/]: Mixing accessor.AnimationControllerAccessor from block_factorys_bosses.mixins.json into software.bernie.geckolib.core.animation.AnimationController
[18May2026 14:31:25.946] [modloading-worker-0/DEBUG] [mixin/]: Mixing server.GeoModelMixin from block_factorys_bosses.mixins.json into software.bernie.geckolib.model.GeoModel
[18May2026 14:31:26.084] [modloading-worker-0/DEBUG] [net.minecraftforge.fml.config.ConfigTracker/CONFIG]: Config file block_factorys_bosses-client.toml for block_factorys_bosses tracking
[18May2026 14:31:26.113] [modloading-worker-0/DEBUG] [net.minecraftforge.fml.config.ConfigTracker/CONFIG]: Config file block_factorys_bosses-server.toml for block_factorys_bosses tracking
[18May2026 14:31:26.117] [modloading-worker-0/DEBUG] [net.minecraftforge.fml.javafmlmod.AutomaticEventSubscriber/LOADING]: Attempting to inject @EventBusSubscriber classes into the eventbus for block_factorys_bosses
[18May2026 14:31:26.118] [modloading-worker-0/DEBUG] [net.minecraftforge.fml.javafmlmod.AutomaticEventSubscriber/LOADING]: Auto-subscribing net.unusual.block_factorys_bosses.util.BossesRiseRemapper to FORGE
[18May2026 14:31:26.120] [modloading-worker-0/DEBUG] [net.minecraftforge.fml.javafmlmod.AutomaticEventSubscriber/LOADING]: Attempting to inject @EventBusSubscriber classes into the eventbus for sololeveling
[18May2026 14:31:26.122] [modloading-worker-0/DEBUG] [net.minecraftforge.fml.javafmlmod.AutomaticEventSubscriber/LOADING]: Auto-subscribing net.solocraft.world.inventory.ShopMenu to FORGE
[18May2026 14:31:26.125] [modloading-worker-0/DEBUG] [net.minecraftforge.fml.javafmlmod.AutomaticEventSubscriber/LOADING]: Auto-subscribing net.unusual.block_factorys_bosses.util.BossHandling$CommonHandler to FORGE
[18May2026 14:31:26.128] [modloading-worker-0/DEBUG] [mixin/]: Mixing server.ServerBossEventMixin from block_factorys_bosses.mixins.json into net.minecraft.server.level.ServerBossEvent
[18May2026 14:31:26.133] [modloading-worker-0/DEBUG] [net.minecraftforge.fml.javafmlmod.AutomaticEventSubscriber/LOADING]: Auto-subscribing net.solocraft.world.inventory.SelectionBoxGUIMenu to FORGE
[18May2026 14:31:26.135] [modloading-worker-0/DEBUG] [net.minecraftforge.fml.javafmlmod.AutomaticEventSubscriber/LOADING]: Auto-subscribing net.unusual.block_factorys_bosses.structures.KrakenShipStructure to FORGE
[18May2026 14:31:26.136] [modloading-worker-0/DEBUG] [net.minecraftforge.fml.javafmlmod.AutomaticEventSubscriber/LOADING]: Auto-subscribing net.solocraft.world.inventory.FoodGuiMenu to FORGE
[18May2026 14:31:26.139] [modloading-worker-0/DEBUG] [net.minecraftforge.fml.javafmlmod.AutomaticEventSubscriber/LOADING]: Auto-subscribing net.solocraft.world.features.treedecorators.DungeonBiomeSnowTrunkDecorator to MOD
[18May2026 14:31:26.142] [modloading-worker-0/DEBUG] [mixin/]: Mixing common.RandomStateAccessor from lithostitched.mixins.json into net.minecraft.world.level.levelgen.RandomState
[18May2026 14:31:26.146] [modloading-worker-0/DEBUG] [net.minecraftforge.fml.javafmlmod.AutomaticEventSubscriber/LOADING]: Auto-subscribing net.solocraft.world.features.treedecorators.DungeonBiomeSnowLeaveDecorator to MOD
[18May2026 14:31:26.147] [modloading-worker-0/DEBUG] [net.minecraftforge.fml.javafmlmod.AutomaticEventSubscriber/LOADING]: Auto-subscribing net.solocraft.world.features.treedecorators.DungeonBiomeSnowFruitDecorator to MOD
[18May2026 14:31:26.148] [modloading-worker-0/DEBUG] [net.minecraftforge.fml.javafmlmod.AutomaticEventSubscriber/LOADING]: Auto-subscribing net.solocraft.world.dimension.SystemVoidDimensionDimension to FORGE
[18May2026 14:31:26.149] [modloading-worker-0/DEBUG] [net.minecraftforge.coremod.transformer.CoreModBaseTransformer/COREMOD]: Transforming m_226857_ with desc (Lnet/minecraft/world/level/levelgen/structure/pieces/StructurePieceSerializationContext;Lnet/minecraft/nbt/CompoundTag;J)Lnet/minecraft/world/level/levelgen/structure/StructureStart;
[18May2026 14:31:26.151] [modloading-worker-0/DEBUG] [mixin/]: Mixing accessor.BoundingBoxAccessor from yungsapi.mixins.json into net.minecraft.world.level.levelgen.structure.BoundingBox
[18May2026 14:31:26.152] [modloading-worker-0/DEBUG] [mixin/]: Mixing accessor.BoundingBoxAccessor from cataclysm.mixins.json into net.minecraft.world.level.levelgen.structure.BoundingBox
[18May2026 14:31:26.153] [modloading-worker-0/DEBUG] [mixin/]: Unexpected: Registered method setMinY(I)V in net.minecraft.world.level.levelgen.structure.BoundingBox was not merged
[18May2026 14:31:26.153] [modloading-worker-0/DEBUG] [mixin/]: Unexpected: Registered method setMaxZ(I)V in net.minecraft.world.level.levelgen.structure.BoundingBox was not merged
[18May2026 14:31:26.153] [modloading-worker-0/DEBUG] [mixin/]: Unexpected: Registered method setMinX(I)V in net.minecraft.world.level.levelgen.structure.BoundingBox was not merged
[18May2026 14:31:26.153] [modloading-worker-0/DEBUG] [mixin/]: Unexpected: Registered method setMinZ(I)V in net.minecraft.world.level.levelgen.structure.BoundingBox was not merged
[18May2026 14:31:26.153] [modloading-worker-0/DEBUG] [mixin/]: Unexpected: Registered method setMaxY(I)V in net.minecraft.world.level.levelgen.structure.BoundingBox was not merged
[18May2026 14:31:26.153] [modloading-worker-0/DEBUG] [mixin/]: Unexpected: Registered method setMaxX(I)V in net.minecraft.world.level.levelgen.structure.BoundingBox was not merged
[18May2026 14:31:26.155] [modloading-worker-0/DEBUG] [mixin/]: Mixing accessor.StructureManagerAccessor from cataclysm.mixins.json into net.minecraft.world.level.StructureManager
[18May2026 14:31:26.161] [modloading-worker-0/DEBUG] [net.minecraftforge.fml.javafmlmod.AutomaticEventSubscriber/LOADING]: Auto-subscribing net.unusual.block_factorys_bosses.procedures.NoHitBossBattleTriggerProcedure to FORGE
[18May2026 14:31:26.161] [modloading-worker-0/DEBUG] [net.minecraftforge.fml.javafmlmod.AutomaticEventSubscriber/LOADING]: Auto-subscribing net.solocraft.world.dimension.SystemVoidDimensionDimension$DimensionSpecialEffectsHandler to MOD
[18May2026 14:31:26.162] [modloading-worker-0/DEBUG] [net.minecraftforge.fml.javafmlmod.AutomaticEventSubscriber/LOADING]: Auto-subscribing net.solocraft.world.dimension.SurvivalDimensionDimension to FORGE
[18May2026 14:31:26.163] [modloading-worker-0/DEBUG] [net.minecraftforge.fml.javafmlmod.AutomaticEventSubscriber/LOADING]: Auto-subscribing net.solocraft.world.dimension.SurvivalDimensionDimension$DimensionSpecialEffectsHandler to MOD
[18May2026 14:31:26.163] [modloading-worker-0/DEBUG] [net.minecraftforge.fml.javafmlmod.AutomaticEventSubscriber/LOADING]: Auto-subscribing net.solocraft.world.dimension.DungeonDimensionThroneRoomDimension to FORGE
[18May2026 14:31:26.164] [modloading-worker-0/DEBUG] [net.minecraftforge.fml.javafmlmod.AutomaticEventSubscriber/LOADING]: Auto-subscribing net.solocraft.world.dimension.DungeonDimensionThroneRoomDimension$DimensionSpecialEffectsHandler to MOD
[18May2026 14:31:26.164] [modloading-worker-0/DEBUG] [net.minecraftforge.fml.javafmlmod.AutomaticEventSubscriber/LOADING]: Auto-subscribing net.solocraft.world.dimension.DungeonDimensionSnowDimension to FORGE
[18May2026 14:31:26.165] [modloading-worker-0/DEBUG] [net.minecraftforge.fml.javafmlmod.AutomaticEventSubscriber/LOADING]: Auto-subscribing net.solocraft.world.dimension.DungeonDimensionSnowDimension$DimensionSpecialEffectsHandler to MOD
[18May2026 14:31:26.166] [modloading-worker-0/DEBUG] [net.minecraftforge.fml.javafmlmod.AutomaticEventSubscriber/LOADING]: Auto-subscribing net.unusual.block_factorys_bosses.procedures.BossCancelDie2Procedure to FORGE
[18May2026 14:31:26.166] [modloading-worker-0/DEBUG] [net.minecraftforge.fml.javafmlmod.AutomaticEventSubscriber/LOADING]: Auto-subscribing net.unusual.block_factorys_bosses.network.BlockFactorysBossesModVariables to FORGE
[18May2026 14:31:26.170] [modloading-worker-0/DEBUG] [net.minecraftforge.fml.javafmlmod.AutomaticEventSubscriber/LOADING]: Auto-subscribing net.unusual.block_factorys_bosses.network.BlockFactorysBossesModVariables$EventBusVariableHandlers to FORGE
[18May2026 14:31:26.167] [modloading-worker-0/DEBUG] [net.minecraftforge.fml.javafmlmod.AutomaticEventSubscriber/LOADING]: Auto-subscribing net.solocraft.world.dimension.DungeonDimensionSewersDimension to FORGE
[18May2026 14:31:26.171] [modloading-worker-0/DEBUG] [net.minecraftforge.fml.javafmlmod.AutomaticEventSubscriber/LOADING]: Auto-subscribing net.solocraft.world.dimension.DungeonDimensionSewersDimension$DimensionSpecialEffectsHandler to MOD
[18May2026 14:31:26.172] [modloading-worker-0/DEBUG] [net.minecraftforge.fml.javafmlmod.AutomaticEventSubscriber/LOADING]: Auto-subscribing net.solocraft.world.dimension.DungeonDimensionRandomLargeDimension to FORGE
[18May2026 14:31:26.172] [modloading-worker-0/DEBUG] [net.minecraftforge.fml.javafmlmod.AutomaticEventSubscriber/LOADING]: Auto-subscribing net.solocraft.world.dimension.DungeonDimensionRandomLargeDimension$DimensionSpecialEffectsHandler to MOD
[18May2026 14:31:26.173] [modloading-worker-0/DEBUG] [net.minecraftforge.fml.javafmlmod.AutomaticEventSubscriber/LOADING]: Auto-subscribing net.solocraft.world.dimension.DungeonDimensionRandomKamishDimension to FORGE
[18May2026 14:31:26.174] [modloading-worker-0/DEBUG] [net.minecraftforge.fml.javafmlmod.AutomaticEventSubscriber/LOADING]: Auto-subscribing net.solocraft.world.dimension.DungeonDimensionRandomKamishDimension$DimensionSpecialEffectsHandler to MOD
[18May2026 14:31:26.177] [modloading-worker-0/DEBUG] [net.minecraftforge.fml.javafmlmod.AutomaticEventSubscriber/LOADING]: Auto-subscribing net.solocraft.world.dimension.DungeonDimensionRandomDimension to FORGE
[18May2026 14:31:26.175] [modloading-worker-0/DEBUG] [net.minecraftforge.fml.javafmlmod.AutomaticEventSubscriber/LOADING]: Auto-subscribing net.unusual.block_factorys_bosses.item.WarriorSwordItem to FORGE
[18May2026 14:31:26.179] [modloading-worker-0/DEBUG] [net.minecraftforge.fml.javafmlmod.AutomaticEventSubscriber/LOADING]: Auto-subscribing net.unusual.block_factorys_bosses.item.UnderworldArenaKeyItem to FORGE
[18May2026 14:31:26.180] [modloading-worker-0/DEBUG] [net.minecraftforge.fml.javafmlmod.AutomaticEventSubscriber/LOADING]: Auto-subscribing net.solocraft.world.dimension.DungeonDimensionRandomDimension$DimensionSpecialEffectsHandler to MOD
[18May2026 14:31:26.180] [modloading-worker-0/DEBUG] [net.minecraftforge.fml.javafmlmod.AutomaticEventSubscriber/LOADING]: Auto-subscribing net.unusual.block_factorys_bosses.item.KnightItem to MOD
[18May2026 14:31:26.181] [modloading-worker-0/DEBUG] [net.minecraftforge.fml.javafmlmod.AutomaticEventSubscriber/LOADING]: Auto-subscribing net.unusual.block_factorys_bosses.item.DragonBonesItem to FORGE
[18May2026 14:31:26.181] [modloading-worker-0/DEBUG] [net.minecraftforge.fml.javafmlmod.AutomaticEventSubscriber/LOADING]: Auto-subscribing net.solocraft.world.dimension.DungeonDimensionLushDimension to FORGE
[18May2026 14:31:26.183] [modloading-worker-0/DEBUG] [net.minecraftforge.fml.javafmlmod.AutomaticEventSubscriber/LOADING]: Auto-subscribing net.unusual.block_factorys_bosses.init.BossesRiseEntities to MOD
[18May2026 14:31:26.183] [modloading-worker-0/DEBUG] [net.minecraftforge.fml.javafmlmod.AutomaticEventSubscriber/LOADING]: Auto-subscribing net.solocraft.world.dimension.DungeonDimensionLushDimension$DimensionSpecialEffectsHandler to MOD
[18May2026 14:31:26.184] [modloading-worker-0/DEBUG] [net.minecraftforge.fml.javafmlmod.AutomaticEventSubscriber/LOADING]: Auto-subscribing net.solocraft.world.dimension.DungeonDimensionLabDimension to FORGE
[18May2026 14:31:26.187] [modloading-worker-0/DEBUG] [net.minecraftforge.fml.javafmlmod.AutomaticEventSubscriber/LOADING]: Auto-subscribing net.solocraft.world.dimension.DungeonDimensionLabDimension$DimensionSpecialEffectsHandler to MOD
[18May2026 14:31:26.187] [modloading-worker-0/DEBUG] [net.minecraftforge.fml.javafmlmod.AutomaticEventSubscriber/LOADING]: Auto-subscribing net.solocraft.world.dimension.DungeonDimensionKasakaDimension to FORGE
[18May2026 14:31:26.184] [modloading-worker-0/DEBUG] [net.minecraftforge.fml.javafmlmod.AutomaticEventSubscriber/LOADING]: Auto-subscribing net.unusual.block_factorys_bosses.init.BossesRiseBlockEntities to FORGE
[18May2026 14:31:26.189] [modloading-worker-0/DEBUG] [net.minecraftforge.fml.javafmlmod.AutomaticEventSubscriber/LOADING]: Auto-subscribing net.unusual.block_factorys_bosses.init.BossesRiseAttributes to MOD
[18May2026 14:31:26.189] [modloading-worker-0/DEBUG] [net.minecraftforge.fml.javafmlmod.AutomaticEventSubscriber/LOADING]: Auto-subscribing net.solocraft.world.dimension.DungeonDimensionKasakaDimension$DimensionSpecialEffectsHandler to MOD
[18May2026 14:31:26.190] [modloading-worker-0/DEBUG] [net.minecraftforge.fml.javafmlmod.AutomaticEventSubscriber/LOADING]: Auto-subscribing net.solocraft.world.dimension.DungeonDimensionIgrisDimension to FORGE
[18May2026 14:31:26.190] [modloading-worker-0/DEBUG] [net.minecraftforge.fml.javafmlmod.AutomaticEventSubscriber/LOADING]: Auto-subscribing net.solocraft.world.dimension.DungeonDimensionIgrisDimension$DimensionSpecialEffectsHandler to MOD
[18May2026 14:31:26.191] [modloading-worker-0/DEBUG] [net.minecraftforge.fml.javafmlmod.AutomaticEventSubscriber/LOADING]: Auto-subscribing net.solocraft.world.dimension.DungeonDimensionBeruDimension to FORGE
[18May2026 14:31:26.192] [modloading-worker-0/DEBUG] [net.minecraftforge.fml.javafmlmod.AutomaticEventSubscriber/LOADING]: Auto-subscribing net.solocraft.world.dimension.DungeonDimensionBeruDimension$DimensionSpecialEffectsHandler to MOD
[18May2026 14:31:26.193] [modloading-worker-0/DEBUG] [net.minecraftforge.fml.javafmlmod.AutomaticEventSubscriber/LOADING]: Auto-subscribing net.unusual.block_factorys_bosses.event.StructureDestructionEvents to FORGE
[18May2026 14:31:26.193] [modloading-worker-0/DEBUG] [net.minecraftforge.fml.javafmlmod.AutomaticEventSubscriber/LOADING]: Auto-subscribing net.solocraft.procedures.XpmultiplierProcedure to FORGE
[18May2026 14:31:26.194] [modloading-worker-0/DEBUG] [net.minecraftforge.fml.javafmlmod.AutomaticEventSubscriber/LOADING]: Auto-subscribing net.solocraft.procedures.XPGainTShadowProcedure to FORGE
[18May2026 14:31:26.195] [modloading-worker-0/DEBUG] [net.minecraftforge.fml.javafmlmod.AutomaticEventSubscriber/LOADING]: Auto-subscribing net.solocraft.procedures.XPGainProcedure to FORGE
[18May2026 14:31:26.197] [modloading-worker-0/DEBUG] [net.minecraftforge.fml.javafmlmod.AutomaticEventSubscriber/LOADING]: Auto-subscribing net.unusual.block_factorys_bosses.event.DragonArmorEvents to FORGE
[18May2026 14:31:26.199] [modloading-worker-0/DEBUG] [net.minecraftforge.fml.javafmlmod.AutomaticEventSubscriber/LOADING]: Auto-subscribing net.solocraft.procedures.WorldGriefingFixTemporaryProcedure to FORGE
[18May2026 14:31:26.200] [modloading-worker-0/DEBUG] [net.minecraftforge.fml.javafmlmod.AutomaticEventSubscriber/LOADING]: Auto-subscribing net.solocraft.procedures.WillPowerFeedbackLeaveProcedure to FORGE
[18May2026 14:31:26.202] [modloading-worker-0/DEBUG] [net.minecraftforge.fml.javafmlmod.AutomaticEventSubscriber/LOADING]: Auto-subscribing net.solocraft.procedures.WillPowerDamageProcedure to FORGE
[18May2026 14:31:26.202] [modloading-worker-0/DEBUG] [net.minecraftforge.fml.javafmlmod.AutomaticEventSubscriber/LOADING]: Auto-subscribing net.unusual.block_factorys_bosses.entity.projectile.PoisonSpitPrEntity to FORGE
[18May2026 14:31:26.205] [modloading-worker-0/DEBUG] [net.minecraftforge.fml.javafmlmod.AutomaticEventSubscriber/LOADING]: Auto-subscribing net.solocraft.procedures.WakeUpDetectionProcedure to FORGE
[18May2026 14:31:26.206] [modloading-worker-0/DEBUG] [net.minecraftforge.fml.javafmlmod.AutomaticEventSubscriber/LOADING]: Auto-subscribing net.solocraft.procedures.UpforceSlashDamageProcedure to FORGE
[18May2026 14:31:26.209] [modloading-worker-0/DEBUG] [mixin/]: Mixing DamageSourcesMixin from soulsweapons.mixins.json into net.minecraft.world.damagesource.DamageSources
[18May2026 14:31:26.210] [modloading-worker-0/DEBUG] [mixin/]: Mixing common.MixinDamageSources from mixins.epicfight.json into net.minecraft.world.damagesource.DamageSources
[18May2026 14:31:26.218] [modloading-worker-0/DEBUG] [net.minecraftforge.fml.javafmlmod.AutomaticEventSubscriber/LOADING]: Auto-subscribing net.solocraft.procedures.UnlockSkillMurderiousIntentProcedure to FORGE
[18May2026 14:31:26.219] [modloading-worker-0/DEBUG] [net.minecraftforge.fml.javafmlmod.AutomaticEventSubscriber/LOADING]: Auto-subscribing net.solocraft.procedures.TrainingOnTickProcedure to FORGE
[18May2026 14:31:26.220] [modloading-worker-0/DEBUG] [net.minecraftforge.fml.javafmlmod.AutomaticEventSubscriber/LOADING]: Auto-subscribing net.solocraft.procedures.TrainingLossProcedure to FORGE
[18May2026 14:31:26.224] [modloading-worker-0/DEBUG] [net.minecraftforge.fml.javafmlmod.AutomaticEventSubscriber/LOADING]: Auto-subscribing net.solocraft.procedures.TrainingBotOnInitialEntitySpawnProcedure to FORGE
[18May2026 14:31:26.224] [modloading-worker-0/DEBUG] [mixin/]: Mixing perf.faster_capabilities.CapabilityDispatcherMixin from modernfix-modernfix.mixins.json into net.minecraftforge.common.capabilities.CapabilityDispatcher
[18May2026 14:31:26.233] [modloading-worker-0/DEBUG] [net.minecraftforge.fml.javafmlmod.AutomaticEventSubscriber/LOADING]: Auto-subscribing net.solocraft.procedures.TankerDamageDealProcedure to FORGE
[18May2026 14:31:26.239] [modloading-worker-0/DEBUG] [net.minecraftforge.fml.javafmlmod.AutomaticEventSubscriber/LOADING]: Auto-subscribing net.solocraft.procedures.TankLeapLandProcedure to FORGE
[18May2026 14:31:26.240] [modloading-worker-0/DEBUG] [net.minecraftforge.fml.javafmlmod.AutomaticEventSubscriber/LOADING]: Auto-subscribing net.solocraft.procedures.TankLeapFallDamageProcedure to FORGE
[18May2026 14:31:26.243] [modloading-worker-0/DEBUG] [net.minecraftforge.fml.javafmlmod.AutomaticEventSubscriber/LOADING]: Auto-subscribing net.solocraft.procedures.TankInvincibilityProcedure to FORGE
[18May2026 14:31:26.244] [modloading-worker-0/DEBUG] [net.minecraftforge.fml.javafmlmod.AutomaticEventSubscriber/LOADING]: Auto-subscribing net.unusual.block_factorys_bosses.entity.boss.yeti.YetiEntity$YetiEvents to FORGE
[18May2026 14:31:26.244] [modloading-worker-0/DEBUG] [net.minecraftforge.fml.javafmlmod.AutomaticEventSubscriber/LOADING]: Auto-subscribing net.solocraft.procedures.SwordOfLightOnHitProcedure to FORGE
[18May2026 14:31:26.245] [modloading-worker-0/DEBUG] [net.minecraftforge.fml.javafmlmod.AutomaticEventSubscriber/LOADING]: Auto-subscribing net.solocraft.procedures.SwordDanceOnKillProcedure to FORGE
[18May2026 14:31:26.247] [modloading-worker-0/DEBUG] [net.minecraftforge.fml.javafmlmod.AutomaticEventSubscriber/LOADING]: Auto-subscribing net.solocraft.procedures.SwordDanceOnHitProcedure to FORGE
[18May2026 14:31:26.246] [modloading-worker-0/DEBUG] [net.minecraftforge.fml.javafmlmod.AutomaticEventSubscriber/LOADING]: Auto-subscribing net.unusual.block_factorys_bosses.entity.boss.AbstractStateBossEntity to FORGE
[18May2026 14:31:26.250] [modloading-worker-0/DEBUG] [net.minecraftforge.fml.javafmlmod.AutomaticEventSubscriber/LOADING]: Auto-subscribing net.solocraft.procedures.SwingRandomChaProcedure to FORGE
[18May2026 14:31:26.251] [modloading-worker-0/DEBUG] [mixin/]: Mixing perf.attribute_supplier_dedup.AttributeSupplierBuilderMixin from modernfix-modernfix.mixins.json into net.minecraft.world.entity.ai.attributes.AttributeSupplier$Builder
[18May2026 14:31:26.251] [modloading-worker-0/DEBUG] [mixin/]: Renaming synthetic method lambda$deduplicateInstances$0(Lnet/minecraft/world/entity/ai/attributes/Attribute;Lnet/minecraft/world/entity/ai/attributes/AttributeInstance;)Lnet/minecraft/world/entity/ai/attributes/AttributeInstance; to md740d9a$lambda$deduplicateInstances$0$0 in modernfix-modernfix.mixins.json:perf.attribute_supplier_dedup.AttributeSupplierBuilderMixin
[18May2026 14:31:26.255] [modloading-worker-0/DEBUG] [net.minecraftforge.fml.javafmlmod.AutomaticEventSubscriber/LOADING]: Auto-subscribing net.solocraft.procedures.SurvivalDimensionTickUpdateProcedure to FORGE
[18May2026 14:31:26.261] [modloading-worker-0/DEBUG] [mixin/]: Mixing ai.task.launch.BrainMixin from lithium.mixins.json into net.minecraft.world.entity.ai.Brain
[18May2026 14:31:26.261] [modloading-worker-0/DEBUG] [mixin/]: lithium.mixins.json:ai.task.launch.BrainMixin: Class version 61 required is higher than the class version supported by the current version of Mixin (JAVA_16 supports class version 60)
[18May2026 14:31:26.265] [modloading-worker-0/DEBUG] [mixin/]: Mixing ai.task.memory_change_counting.BrainMixin from lithium.mixins.json into net.minecraft.world.entity.ai.Brain
[18May2026 14:31:26.267] [modloading-worker-0/DEBUG] [mixin/]: lithium.mixins.json:ai.task.memory_change_counting.BrainMixin: Class version 61 required is higher than the class version supported by the current version of Mixin (JAVA_16 supports class version 60)
[18May2026 14:31:26.268] [modloading-worker-0/DEBUG] [mixin/]: Mixing collections.brain.BrainMixin from lithium.mixins.json into net.minecraft.world.entity.ai.Brain
[18May2026 14:31:26.270] [modloading-worker-0/DEBUG] [mixin/]: lithium.mixins.json:collections.brain.BrainMixin: Class version 61 required is higher than the class version supported by the current version of Mixin (JAVA_16 supports class version 60)
[18May2026 14:31:26.275] [modloading-worker-0/DEBUG] [mixin/]: Mixing accessor.BrainAccessor from moonlight-common.mixins.json into net.minecraft.world.entity.ai.Brain
[18May2026 14:31:26.283] [modloading-worker-0/DEBUG] [net.minecraftforge.fml.javafmlmod.AutomaticEventSubscriber/LOADING]: Auto-subscribing net.solocraft.procedures.SummonLimitProcedure to FORGE
[18May2026 14:31:26.285] [modloading-worker-0/DEBUG] [net.minecraftforge.fml.javafmlmod.AutomaticEventSubscriber/LOADING]: Auto-subscribing net.solocraft.procedures.SufficationNullfyProcedure to FORGE
[18May2026 14:31:26.288] [modloading-worker-0/DEBUG] [net.minecraftforge.fml.javafmlmod.AutomaticEventSubscriber/LOADING]: Auto-subscribing net.solocraft.procedures.StrengthUpdateProcedure to FORGE
[18May2026 14:31:26.290] [modloading-worker-0/DEBUG] [mixin/]: Mixing collections.attributes.AttributeContainerMixin from lithium.mixins.json into net.minecraft.world.entity.ai.attributes.AttributeMap
[18May2026 14:31:26.291] [modloading-worker-0/DEBUG] [mixin/]: lithium.mixins.json:collections.attributes.AttributeContainerMixin: Class version 61 required is higher than the class version supported by the current version of Mixin (JAVA_16 supports class version 60)
[18May2026 14:31:26.299] [modloading-worker-0/DEBUG] [net.minecraftforge.fml.javafmlmod.AutomaticEventSubscriber/LOADING]: Auto-subscribing net.solocraft.procedures.StormBreatheTickProcedure to FORGE
[18May2026 14:31:26.304] [modloading-worker-0/DEBUG] [net.minecraftforge.fml.javafmlmod.AutomaticEventSubscriber/LOADING]: Auto-subscribing net.solocraft.procedures.StealthAgroAdjustment2Procedure to FORGE
[18May2026 14:31:26.304] [modloading-worker-0/DEBUG] [net.minecraftforge.fml.javafmlmod.AutomaticEventSubscriber/LOADING]: Auto-subscribing net.solocraft.procedures.StatueOfGodKillResetProcedure to FORGE
[18May2026 14:31:26.314] [modloading-worker-0/DEBUG] [net.minecraftforge.fml.javafmlmod.AutomaticEventSubscriber/LOADING]: Auto-subscribing net.unusual.block_factorys_bosses.entity.boss.AbstractBossEntity to FORGE
[18May2026 14:31:26.315] [modloading-worker-0/DEBUG] [net.minecraftforge.fml.javafmlmod.AutomaticEventSubscriber/LOADING]: Auto-subscribing net.solocraft.procedures.SpeedUpdateProcedure to FORGE
[18May2026 14:31:26.316] [modloading-worker-0/DEBUG] [net.minecraftforge.fml.javafmlmod.AutomaticEventSubscriber/LOADING]: Auto-subscribing net.solocraft.procedures.SnowScreenOnTickProcedure to FORGE
[18May2026 14:31:26.318] [modloading-worker-0/DEBUG] [net.minecraftforge.fml.javafmlmod.AutomaticEventSubscriber/LOADING]: Auto-subscribing net.solocraft.procedures.SlashFurryProcProcedure to FORGE
[18May2026 14:31:26.319] [modloading-worker-0/DEBUG] [net.minecraftforge.fml.javafmlmod.AutomaticEventSubscriber/LOADING]: Auto-subscribing net.solocraft.procedures.SkillStringResetProcedure to FORGE
[18May2026 14:31:26.323] [modloading-worker-0/DEBUG] [net.minecraftforge.fml.javafmlmod.AutomaticEventSubscriber/LOADING]: Auto-subscribing net.unusual.block_factorys_bosses.entity.IParticleAttachment$Listen to FORGE
[18May2026 14:31:26.326] [modloading-worker-0/DEBUG] [net.minecraftforge.fml.javafmlmod.AutomaticEventSubscriber/LOADING]: Auto-subscribing net.unusual.block_factorys_bosses.data.BossesRiseDataGen to MOD
[18May2026 14:31:26.327] [modloading-worker-0/DEBUG] [net.minecraftforge.fml.javafmlmod.AutomaticEventSubscriber/LOADING]: Auto-subscribing net.solocraft.procedures.ShardSpawnAnimationProcedure to FORGE
[18May2026 14:31:26.328] [modloading-worker-0/DEBUG] [net.minecraftforge.fml.javafmlmod.AutomaticEventSubscriber/LOADING]: Auto-subscribing net.solocraft.procedures.ShadowsReturningMonarchProcedure to FORGE
[18May2026 14:31:26.329] [modloading-worker-0/DEBUG] [net.minecraftforge.fml.javafmlmod.AutomaticEventSubscriber/LOADING]: Auto-subscribing net.solocraft.procedures.ShadowStorageTiersProcedure to FORGE
[18May2026 14:31:26.335] [modloading-worker-0/DEBUG] [net.minecraftforge.fml.javafmlmod.AutomaticEventSubscriber/LOADING]: Auto-subscribing net.solocraft.procedures.ShadowStepHittingEntityProcedure to FORGE
[18May2026 14:31:26.335] [modloading-worker-0/DEBUG] [net.minecraftforge.fml.javafmlmod.AutomaticEventSubscriber/LOADING]: Auto-subscribing net.solocraft.procedures.ShadowOwnerHitNegProcedure to FORGE
[18May2026 14:31:26.338] [modloading-worker-0/DEBUG] [net.minecraftforge.fml.javafmlmod.AutomaticEventSubscriber/LOADING]: Auto-subscribing net.solocraft.procedures.ShadowNegDamageUsingOwnerManaProcedure to FORGE
[18May2026 14:31:26.340] [modloading-worker-0/DEBUG] [net.minecraftforge.fml.javafmlmod.AutomaticEventSubscriber/LOADING]: Auto-subscribing net.solocraft.procedures.ShadowExtractionShowProcedure to FORGE
[18May2026 14:31:26.344] [modloading-worker-0/DEBUG] [net.minecraftforge.fml.javafmlmod.AutomaticEventSubscriber/LOADING]: Auto-subscribing net.solocraft.procedures.ShadowEntityHurtOwnerOrEachotherProcedure to FORGE
[18May2026 14:31:26.345] [modloading-worker-0/DEBUG] [net.minecraftforge.fml.javafmlmod.AutomaticEventSubscriber/LOADING]: Auto-subscribing net.solocraft.procedures.ShadowEntTickProcedure to FORGE
[18May2026 14:31:26.337] [modloading-worker-0/DEBUG] [net.minecraftforge.fml.javafmlmod.AutomaticEventSubscriber/LOADING]: Auto-subscribing net.unusual.block_factorys_bosses.command.PosDebugCommand to FORGE
[18May2026 14:31:26.346] [modloading-worker-0/DEBUG] [net.minecraftforge.fml.javafmlmod.AutomaticEventSubscriber/LOADING]: Auto-subscribing net.unusual.block_factorys_bosses.capability.entity.RollCap$RollCapHandler to FORGE
[18May2026 14:31:26.349] [modloading-worker-0/DEBUG] [net.minecraftforge.fml.javafmlmod.AutomaticEventSubscriber/LOADING]: Auto-subscribing net.solocraft.procedures.ShadowDeathReviveProcedure to FORGE
[18May2026 14:31:26.360] [modloading-worker-0/DEBUG] [net.minecraftforge.fml.javafmlmod.AutomaticEventSubscriber/LOADING]: Auto-subscribing net.solocraft.procedures.SetUpPlayerAnimationsProcedure to MOD
[18May2026 14:31:26.367] [modloading-worker-0/DEBUG] [net.minecraftforge.fml.javafmlmod.AutomaticEventSubscriber/LOADING]: Auto-subscribing net.unusual.block_factorys_bosses.capability.entity.PlayerVariablesCap$PlayerVariables to FORGE
[18May2026 14:31:26.367] [modloading-worker-0/DEBUG] [net.minecraftforge.fml.javafmlmod.AutomaticEventSubscriber/LOADING]: Auto-subscribing net.solocraft.procedures.SenseEffectProcedure to FORGE
[18May2026 14:31:26.372] [modloading-worker-0/DEBUG] [net.minecraftforge.fml.javafmlmod.AutomaticEventSubscriber/LOADING]: Auto-subscribing net.solocraft.procedures.SenseEffect2Procedure to FORGE
[18May2026 14:31:26.373] [modloading-worker-0/DEBUG] [net.minecraftforge.fml.javafmlmod.AutomaticEventSubscriber/LOADING]: Auto-subscribing net.solocraft.procedures.RushAttackProcedureProcedure to FORGE
[18May2026 14:31:26.374] [modloading-worker-0/DEBUG] [net.minecraftforge.fml.javafmlmod.AutomaticEventSubscriber/LOADING]: Auto-subscribing net.solocraft.procedures.RunningProcedure to FORGE
[18May2026 14:31:26.384] [modloading-worker-0/DEBUG] [net.minecraftforge.fml.javafmlmod.AutomaticEventSubscriber/LOADING]: Auto-subscribing net.solocraft.procedures.RotationDeviceFuncProcedure to FORGE
[18May2026 14:31:26.385] [modloading-worker-0/DEBUG] [net.minecraftforge.fml.javafmlmod.AutomaticEventSubscriber/LOADING]: Auto-subscribing net.unusual.block_factorys_bosses.capability.entity.PlayerAnimationCap$PlayerAnimationHandler to FORGE
[18May2026 14:31:26.387] [modloading-worker-0/DEBUG] [net.minecraftforge.fml.javafmlmod.AutomaticEventSubscriber/LOADING]: Auto-subscribing net.solocraft.procedures.RespawnStatResetProcedure to FORGE
[18May2026 14:31:26.391] [modloading-worker-0/DEBUG] [net.minecraftforge.fml.javafmlmod.AutomaticEventSubscriber/LOADING]: Auto-subscribing net.solocraft.procedures.ResistanceEffectProcedure to FORGE
[18May2026 14:31:26.392] [modloading-worker-0/DEBUG] [net.minecraftforge.fml.javafmlmod.AutomaticEventSubscriber/LOADING]: Auto-subscribing net.solocraft.procedures.ResetProcedure to FORGE
[18May2026 14:31:26.391] [modloading-worker-0/DEBUG] [net.minecraftforge.fml.javafmlmod.AutomaticEventSubscriber/LOADING]: Auto-subscribing net.unusual.block_factorys_bosses.capability.entity.GauntletCap$GauntletCapabilityHandler to FORGE
[18May2026 14:31:26.394] [modloading-worker-0/DEBUG] [net.minecraftforge.fml.javafmlmod.AutomaticEventSubscriber/LOADING]: Auto-subscribing net.solocraft.procedures.ResetAfterReadjustingMonarchLimitProcedure to FORGE
[18May2026 14:31:26.395] [modloading-worker-0/DEBUG] [net.minecraftforge.fml.javafmlmod.AutomaticEventSubscriber/LOADING]: Auto-subscribing net.solocraft.procedures.RegenUnlockProcedureProcedure to FORGE
[18May2026 14:31:26.405] [modloading-worker-0/DEBUG] [net.minecraftforge.fml.javafmlmod.AutomaticEventSubscriber/LOADING]: Auto-subscribing net.solocraft.procedures.RegenProcedure to FORGE
[18May2026 14:31:26.405] [modloading-worker-0/DEBUG] [net.minecraftforge.fml.javafmlmod.AutomaticEventSubscriber/LOADING]: Auto-subscribing net.solocraft.procedures.RankingStringToNumProcedure to FORGE
[18May2026 14:31:26.406] [modloading-worker-0/DEBUG] [net.minecraftforge.fml.javafmlmod.AutomaticEventSubscriber/LOADING]: Auto-subscribing net.solocraft.procedures.ProgressionGainDaggerProcedure to FORGE
[18May2026 14:31:26.407] [modloading-worker-0/DEBUG] [net.minecraftforge.fml.javafmlmod.AutomaticEventSubscriber/LOADING]: Auto-subscribing net.unusual.block_factorys_bosses.block.entity.KrakenSpawnerBlockEntity$PiratePoint to FORGE
[18May2026 14:31:26.408] [modloading-worker-0/DEBUG] [net.minecraftforge.fml.javafmlmod.AutomaticEventSubscriber/LOADING]: Auto-subscribing net.unusual.block_factorys_bosses.BossesRise to FORGE
[18May2026 14:31:26.409] [modloading-worker-0/DEBUG] [net.minecraftforge.fml.javafmlmod.AutomaticEventSubscriber/LOADING]: Auto-subscribing net.solocraft.procedures.PortalResetProcedure to FORGE
[18May2026 14:31:26.411] [modloading-worker-0/DEBUG] [net.minecraftforge.fml.javafmlmod.AutomaticEventSubscriber/LOADING]: Auto-subscribing net.solocraft.procedures.PortalImmortalityProcedure to FORGE
[18May2026 14:31:26.413] [modloading-worker-0/DEBUG] [net.minecraftforge.fml.javafmlmod.AutomaticEventSubscriber/LOADING]: Attempting to inject @EventBusSubscriber classes into the eventbus for morebows
[18May2026 14:31:26.414] [modloading-worker-0/DEBUG] [net.minecraftforge.fml.javafmlmod.AutomaticEventSubscriber/LOADING]: Auto-subscribing net.solocraft.procedures.PhantomLeapSaveProcedure to FORGE
[18May2026 14:31:26.415] [modloading-worker-0/DEBUG] [net.minecraftforge.fml.config.ConfigTracker/CONFIG]: Config file endrem.toml for endrem tracking
[18May2026 14:31:26.417] [modloading-worker-0/DEBUG] [net.minecraftforge.fml.javafmlmod.AutomaticEventSubscriber/LOADING]: Auto-subscribing net.solocraft.procedures.PartyMemberDisableDamageProcedure to FORGE
[18May2026 14:31:26.419] [modloading-worker-0/DEBUG] [net.minecraftforge.fml.javafmlmod.AutomaticEventSubscriber/LOADING]: Auto-subscribing net.solocraft.procedures.OverlayPanelWelcomeJoinProcedure to FORGE
[18May2026 14:31:26.422] [modloading-worker-0/DEBUG] [net.minecraftforge.fml.javafmlmod.AutomaticEventSubscriber/LOADING]: Auto-subscribing net.solocraft.procedures.OverlayPanelWelcomeConditionProcedure to FORGE
[18May2026 14:31:26.423] [modloading-worker-0/DEBUG] [net.minecraftforge.fml.javafmlmod.AutomaticEventSubscriber/LOADING]: Auto-subscribing net.solocraft.procedures.OverlayPanelWelcomeAlphaTickProcedure to FORGE
[18May2026 14:31:26.423] [modloading-worker-0/DEBUG] [net.minecraftforge.fml.javafmlmod.AutomaticEventSubscriber/LOADING]: Attempting to inject @EventBusSubscriber classes into the eventbus for endrem
[18May2026 14:31:26.424] [modloading-worker-0/DEBUG] [net.minecraftforge.fml.javafmlmod.AutomaticEventSubscriber/LOADING]: Auto-subscribing com.teamremastered.endrem.registers.RegisterHandler to MOD
[18May2026 14:31:26.425] [modloading-worker-0/DEBUG] [net.minecraftforge.fml.javafmlmod.AutomaticEventSubscriber/LOADING]: Auto-subscribing com.teamremastered.endrem.events.ModEvents to FORGE
[18May2026 14:31:26.425] [modloading-worker-0/DEBUG] [net.minecraftforge.fml.javafmlmod.AutomaticEventSubscriber/LOADING]: Auto-subscribing net.solocraft.procedures.MythicDaggerToolInHandTickProcedure to FORGE
[18May2026 14:31:26.426] [modloading-worker-0/DEBUG] [net.minecraftforge.fml.javafmlmod.AutomaticEventSubscriber/LOADING]: Auto-subscribing net.solocraft.procedures.MutilationTargetingTickProcedure to FORGE
[18May2026 14:31:26.431] [modloading-worker-0/DEBUG] [net.minecraftforge.fml.javafmlmod.AutomaticEventSubscriber/LOADING]: Auto-subscribing net.solocraft.procedures.MonarchOfWhiteFlamesPassiveProcedure to FORGE
[18May2026 14:31:26.431] [modloading-worker-0/DEBUG] [net.minecraftforge.fml.javafmlmod.AutomaticEventSubscriber/LOADING]: Attempting to inject @EventBusSubscriber classes into the eventbus for tbsfbsp
[18May2026 14:31:26.434] [modloading-worker-0/DEBUG] [net.minecraftforge.fml.javafmlmod.AutomaticEventSubscriber/LOADING]: Auto-subscribing net.solocraft.procedures.MeleeActDaggerTickProcedure to FORGE
[18May2026 14:31:26.435] [modloading-worker-0/DEBUG] [net.minecraftforge.fml.javafmlmod.AutomaticEventSubscriber/LOADING]: Auto-subscribing net.solocraft.procedures.MaxXPProcedure to FORGE
[18May2026 14:31:26.438] [modloading-worker-0/DEBUG] [net.minecraftforge.fml.javafmlmod.AutomaticEventSubscriber/LOADING]: Auto-subscribing net.solocraft.procedures.MasteryGainProcedure to FORGE
[18May2026 14:31:26.439] [modloading-worker-0/DEBUG] [net.minecraftforge.fml.javafmlmod.AutomaticEventSubscriber/LOADING]: Auto-subscribing net.solocraft.procedures.ManaRegenProcedure to FORGE
[18May2026 14:31:26.440] [modloading-worker-0/DEBUG] [net.minecraftforge.fml.javafmlmod.AutomaticEventSubscriber/LOADING]: Attempting to inject @EventBusSubscriber classes into the eventbus for lionfishapi
[18May2026 14:31:26.445] [modloading-worker-0/DEBUG] [net.minecraftforge.fml.javafmlmod.AutomaticEventSubscriber/LOADING]: Auto-subscribing com.github.L_Ender.lionfishapi.LionfishAPI to FORGE
[18May2026 14:31:26.445] [modloading-worker-0/DEBUG] [net.minecraftforge.fml.javafmlmod.AutomaticEventSubscriber/LOADING]: Auto-subscribing com.github.L_Ender.lionfishapi.CommonProxy to MOD
[18May2026 14:31:26.446] [modloading-worker-0/DEBUG] [net.minecraftforge.fml.javafmlmod.AutomaticEventSubscriber/LOADING]: Attempting to inject @EventBusSubscriber classes into the eventbus for spark
[18May2026 14:31:26.446] [modloading-worker-0/DEBUG] [net.minecraftforge.fml.javafmlmod.AutomaticEventSubscriber/LOADING]: Auto-subscribing net.solocraft.procedures.MainQuest1SetProcedure to FORGE
[18May2026 14:31:26.447] [modloading-worker-0/DEBUG] [net.minecraftforge.fml.javafmlmod.AutomaticEventSubscriber/LOADING]: Auto-subscribing net.solocraft.procedures.MPRejoinResetProcedure to FORGE
[18May2026 14:31:26.447] [modloading-worker-0/DEBUG] [net.minecraftforge.fml.javafmlmod.AutomaticEventSubscriber/LOADING]: Auto-subscribing net.solocraft.procedures.MPDeathResetProcedure to FORGE
[18May2026 14:31:26.448] [modloading-worker-0/DEBUG] [net.minecraftforge.fml.javafmlmod.AutomaticEventSubscriber/LOADING]: Auto-subscribing net.solocraft.procedures.LoreAccurateRankProcedure to FORGE
[18May2026 14:31:26.449] [modloading-worker-0/DEBUG] [net.minecraftforge.fml.javafmlmod.AutomaticEventSubscriber/LOADING]: Auto-subscribing net.solocraft.procedures.LightningStormTickProcedure to FORGE
[18May2026 14:31:26.456] [modloading-worker-0/DEBUG] [net.minecraftforge.fml.javafmlmod.AutomaticEventSubscriber/LOADING]: Auto-subscribing net.solocraft.procedures.LevelUpProcedure to FORGE
[18May2026 14:31:26.459] [modloading-worker-0/DEBUG] [net.minecraftforge.fml.javafmlmod.AutomaticEventSubscriber/LOADING]: Auto-subscribing net.solocraft.procedures.KnightResistanceProcedure to FORGE
[18May2026 14:31:26.462] [modloading-worker-0/DEBUG] [net.minecraftforge.fml.javafmlmod.AutomaticEventSubscriber/LOADING]: Auto-subscribing net.solocraft.procedures.KillDailyStartProcedure to FORGE
[18May2026 14:31:26.463] [modloading-worker-0/DEBUG] [net.minecraftforge.fml.javafmlmod.AutomaticEventSubscriber/LOADING]: Auto-subscribing net.solocraft.procedures.KasakaVenomProcedure to FORGE
[18May2026 14:31:26.463] [modloading-worker-0/DEBUG] [net.minecraftforge.fml.javafmlmod.AutomaticEventSubscriber/LOADING]: Auto-subscribing net.solocraft.procedures.KasakaEntityDiesProcedure to FORGE
[18May2026 14:31:26.466] [modloading-worker-0/DEBUG] [net.minecraftforge.fml.javafmlmod.AutomaticEventSubscriber/LOADING]: Auto-subscribing net.solocraft.procedures.KasakaDungeonDeathResetProcedure to FORGE
[18May2026 14:31:26.467] [modloading-worker-0/DEBUG] [net.minecraftforge.fml.javafmlmod.AutomaticEventSubscriber/LOADING]: Auto-subscribing net.solocraft.procedures.KargalganSelfHarmCancelProcedure to FORGE
[18May2026 14:31:26.469] [modloading-worker-0/DEBUG] [net.minecraftforge.fml.javafmlmod.AutomaticEventSubscriber/LOADING]: Auto-subscribing net.solocraft.procedures.JoiningPartySecondProcedure to FORGE
[18May2026 14:31:26.471] [modloading-worker-0/DEBUG] [net.minecraftforge.fml.javafmlmod.AutomaticEventSubscriber/LOADING]: Auto-subscribing net.solocraft.procedures.JobkeyObtainProcedure to FORGE
[18May2026 14:31:26.477] [modloading-worker-0/DEBUG] [com.Polarice3.Goety.Goety/CORE]: Found existing goety directory : /workspaces/VAlhalla-server/server/config/goety
[18May2026 14:31:26.477] [modloading-worker-0/DEBUG] [net.minecraftforge.fml.javafmlmod.AutomaticEventSubscriber/LOADING]: Auto-subscribing net.solocraft.procedures.JobChangeTimerProcedure to FORGE
[18May2026 14:31:26.478] [modloading-worker-0/DEBUG] [net.minecraftforge.fml.javafmlmod.AutomaticEventSubscriber/LOADING]: Auto-subscribing net.solocraft.procedures.JobChangeInvulnerabilityProcedure to FORGE
[18May2026 14:31:26.478] [modloading-worker-0/DEBUG] [net.minecraftforge.fml.javafmlmod.AutomaticEventSubscriber/LOADING]: Auto-subscribing net.solocraft.procedures.JobAdvTimerProcedure to FORGE
[18May2026 14:31:26.479] [modloading-worker-0/DEBUG] [net.minecraftforge.fml.javafmlmod.AutomaticEventSubscriber/LOADING]: Auto-subscribing net.solocraft.procedures.JobAdvPointGainProcedure to FORGE
[18May2026 14:31:26.480] [modloading-worker-0/DEBUG] [net.minecraftforge.fml.javafmlmod.AutomaticEventSubscriber/LOADING]: Auto-subscribing net.solocraft.procedures.IsInDungeonProcedure to FORGE
[18May2026 14:31:26.481] [modloading-worker-0/DEBUG] [net.minecraftforge.fml.javafmlmod.AutomaticEventSubscriber/LOADING]: Auto-subscribing net.solocraft.procedures.IsGateClearedProcedure to FORGE
[18May2026 14:31:26.481] [modloading-worker-0/DEBUG] [net.minecraftforge.fml.javafmlmod.AutomaticEventSubscriber/LOADING]: Auto-subscribing net.solocraft.procedures.IntelligenceUpdateProcedure to FORGE
[18May2026 14:31:26.482] [modloading-worker-0/DEBUG] [net.minecraftforge.fml.javafmlmod.AutomaticEventSubscriber/LOADING]: Auto-subscribing net.solocraft.procedures.InstanceQueryTimerTickProcedure to FORGE
[18May2026 14:31:26.484] [modloading-worker-0/DEBUG] [net.minecraftforge.fml.javafmlmod.AutomaticEventSubscriber/LOADING]: Auto-subscribing net.solocraft.procedures.InstanceDungeonResetProcedure to FORGE
[18May2026 14:31:26.485] [modloading-worker-0/DEBUG] [net.minecraftforge.fml.javafmlmod.AutomaticEventSubscriber/LOADING]: Auto-subscribing net.solocraft.procedures.ImpactFrameResetProcedure to FORGE
[18May2026 14:31:26.486] [modloading-worker-0/DEBUG] [net.minecraftforge.fml.javafmlmod.AutomaticEventSubscriber/LOADING]: Auto-subscribing net.solocraft.procedures.IgrisOnHitProcedure to FORGE
[18May2026 14:31:26.487] [modloading-worker-0/DEBUG] [net.minecraftforge.fml.javafmlmod.AutomaticEventSubscriber/LOADING]: Auto-subscribing net.solocraft.procedures.IgrisHurtProcedure to FORGE
[18May2026 14:31:26.487] [modloading-worker-0/DEBUG] [net.minecraftforge.fml.javafmlmod.AutomaticEventSubscriber/LOADING]: Auto-subscribing net.solocraft.procedures.IgrisEntityDiesProcedure to FORGE
[18May2026 14:31:26.483] [modloading-worker-0/DEBUG] [net.minecraftforge.fml.config.ConfigTracker/CONFIG]: Config file goety/goety.toml for goety tracking
[18May2026 14:31:26.489] [modloading-worker-0/DEBUG] [net.minecraftforge.fml.javafmlmod.AutomaticEventSubscriber/LOADING]: Auto-subscribing net.solocraft.procedures.IceDashDamageProcedure to FORGE
[18May2026 14:31:26.490] [modloading-worker-0/DEBUG] [net.minecraftforge.fml.javafmlmod.AutomaticEventSubscriber/LOADING]: Auto-subscribing net.solocraft.procedures.HunterSetTargetProcedure to FORGE
[18May2026 14:31:26.491] [modloading-worker-0/DEBUG] [net.minecraftforge.fml.javafmlmod.AutomaticEventSubscriber/LOADING]: Auto-subscribing net.solocraft.procedures.HunterHurtProcedure to FORGE
[18May2026 14:31:26.491] [modloading-worker-0/DEBUG] [net.minecraftforge.fml.javafmlmod.AutomaticEventSubscriber/LOADING]: Auto-subscribing net.solocraft.procedures.HealthUpdateProcedure to FORGE
[18May2026 14:31:26.494] [modloading-worker-0/DEBUG] [thedarkcolour.kotlinforforge.LoggerKt/LOADING]: Attempting to inject @EventBusSubscriber kotlin objects in to the event bus for bountiful
[18May2026 14:31:26.494] [modloading-worker-0/DEBUG] [net.minecraftforge.fml.javafmlmod.AutomaticEventSubscriber/LOADING]: Auto-subscribing net.solocraft.procedures.HealerDamageRecieveProcedure to FORGE
[18May2026 14:31:26.495] [modloading-worker-0/DEBUG] [net.minecraftforge.fml.javafmlmod.AutomaticEventSubscriber/LOADING]: Auto-subscribing net.solocraft.procedures.GoldGainProcedure to FORGE
[18May2026 14:31:26.495] [modloading-worker-0/DEBUG] [net.minecraftforge.fml.javafmlmod.AutomaticEventSubscriber/LOADING]: Auto-subscribing net.solocraft.procedures.GoblinKingDiesProcedure to FORGE
[18May2026 14:31:26.497] [modloading-worker-0/DEBUG] [net.minecraftforge.fml.javafmlmod.AutomaticEventSubscriber/LOADING]: Auto-subscribing net.solocraft.procedures.GlobalGateTimerProcedure to FORGE
[18May2026 14:31:26.498] [modloading-worker-0/DEBUG] [net.minecraftforge.fml.javafmlmod.AutomaticEventSubscriber/LOADING]: Auto-subscribing net.solocraft.procedures.GetTheResistanceProcedure to FORGE
[18May2026 14:31:26.502] [modloading-worker-0/DEBUG] [net.minecraftforge.fml.javafmlmod.AutomaticEventSubscriber/LOADING]: Auto-subscribing net.solocraft.procedures.GemGolemDeathProcedure to FORGE
[18May2026 14:31:26.503] [modloading-worker-0/DEBUG] [net.minecraftforge.fml.javafmlmod.AutomaticEventSubscriber/LOADING]: Auto-subscribing net.solocraft.procedures.FxPuddleHurtProcedure to FORGE
[18May2026 14:31:26.504] [modloading-worker-0/DEBUG] [net.minecraftforge.fml.javafmlmod.AutomaticEventSubscriber/LOADING]: Auto-subscribing net.solocraft.procedures.FuturisticGolemDiesProcedure to FORGE
[18May2026 14:31:26.504] [modloading-worker-0/DEBUG] [net.minecraftforge.fml.javafmlmod.AutomaticEventSubscriber/LOADING]: Auto-subscribing net.solocraft.procedures.FrostChargeProcedure to FORGE
[18May2026 14:31:26.508] [modloading-worker-0/DEBUG] [net.minecraftforge.fml.javafmlmod.AutomaticEventSubscriber/LOADING]: Auto-subscribing net.solocraft.procedures.FireReleaseAOEProcedure to FORGE
[18May2026 14:31:26.509] [modloading-worker-0/DEBUG] [net.minecraftforge.fml.javafmlmod.AutomaticEventSubscriber/LOADING]: Auto-subscribing net.solocraft.procedures.FireFlyHitsSomeoneProcedure to FORGE
[18May2026 14:31:26.510] [modloading-worker-0/DEBUG] [net.minecraftforge.fml.javafmlmod.AutomaticEventSubscriber/LOADING]: Auto-subscribing net.solocraft.procedures.FireChargeIncreaseProcedure to FORGE
[18May2026 14:31:26.511] [modloading-worker-0/DEBUG] [net.minecraftforge.fml.javafmlmod.AutomaticEventSubscriber/LOADING]: Auto-subscribing net.solocraft.procedures.FighterDamageDealProcedure to FORGE
[18May2026 14:31:26.515] [modloading-worker-0/DEBUG] [net.minecraftforge.fml.javafmlmod.AutomaticEventSubscriber/LOADING]: Auto-subscribing net.solocraft.procedures.FatigueResetProcedure to FORGE
[18May2026 14:31:26.516] [modloading-worker-0/DEBUG] [net.minecraftforge.fml.javafmlmod.AutomaticEventSubscriber/LOADING]: Auto-subscribing net.solocraft.procedures.FatigueProcedure to FORGE
[18May2026 14:31:26.517] [modloading-worker-0/DEBUG] [net.minecraftforge.fml.javafmlmod.AutomaticEventSubscriber/LOADING]: Auto-subscribing net.solocraft.procedures.FatigueGameruleSetProcedure to FORGE
[18May2026 14:31:26.525] [modloading-worker-0/DEBUG] [net.minecraftforge.fml.javafmlmod.AutomaticEventSubscriber/LOADING]: Auto-subscribing net.solocraft.procedures.FatigueEffectProcedure to FORGE
[18May2026 14:31:26.526] [modloading-worker-0/DEBUG] [net.minecraftforge.fml.javafmlmod.AutomaticEventSubscriber/LOADING]: Auto-subscribing net.solocraft.procedures.Fatigue2Procedure to FORGE
[18May2026 14:31:26.526] [modloading-worker-0/DEBUG] [net.minecraftforge.fml.javafmlmod.AutomaticEventSubscriber/LOADING]: Auto-subscribing net.solocraft.procedures.Fatigue1Procedure to FORGE
[18May2026 14:31:26.530] [modloading-worker-0/DEBUG] [net.minecraftforge.fml.javafmlmod.AutomaticEventSubscriber/LOADING]: Auto-subscribing net.solocraft.procedures.EventTempProcedure to FORGE
[18May2026 14:31:26.533] [modloading-worker-0/DEBUG] [net.minecraftforge.fml.config.ConfigTracker/CONFIG]: Config file goety/goety-attributes.toml for goety tracking
[18May2026 14:31:26.534] [modloading-worker-0/DEBUG] [net.minecraftforge.fml.javafmlmod.AutomaticEventSubscriber/LOADING]: Auto-subscribing net.solocraft.procedures.EventTemp1Procedure to FORGE
[18May2026 14:31:26.534] [modloading-worker-0/DEBUG] [net.minecraftforge.fml.javafmlmod.AutomaticEventSubscriber/LOADING]: Auto-subscribing net.solocraft.procedures.EvaluationTimerProcedure to FORGE
[18May2026 14:31:26.536] [modloading-worker-0/DEBUG] [net.minecraftforge.fml.javafmlmod.AutomaticEventSubscriber/LOADING]: Auto-subscribing net.solocraft.procedures.EntityLoadedLevelPresetProcedure to FORGE
[18May2026 14:31:26.539] [modloading-worker-0/DEBUG] [net.minecraftforge.fml.javafmlmod.AutomaticEventSubscriber/LOADING]: Auto-subscribing net.solocraft.procedures.DungeonResetProcedure to FORGE
[18May2026 14:31:26.541] [modloading-worker-0/DEBUG] [net.minecraftforge.fml.javafmlmod.AutomaticEventSubscriber/LOADING]: Auto-subscribing net.solocraft.procedures.DungeonRankingProcedure to FORGE
[18May2026 14:31:26.543] [modloading-worker-0/DEBUG] [net.minecraftforge.fml.javafmlmod.AutomaticEventSubscriber/LOADING]: Auto-subscribing net.solocraft.procedures.DungeonRankPowerBalancementProcedure to FORGE
[18May2026 14:31:26.543] [modloading-worker-0/DEBUG] [net.minecraftforge.fml.javafmlmod.AutomaticEventSubscriber/LOADING]: Auto-subscribing net.solocraft.procedures.DungeonPortalSpawnProcedure to FORGE
[18May2026 14:31:26.545] [modloading-worker-0/DEBUG] [net.minecraftforge.fml.javafmlmod.AutomaticEventSubscriber/LOADING]: Auto-subscribing net.solocraft.procedures.DungeonMobLootDropProcedure to FORGE
[18May2026 14:31:26.549] [modloading-worker-0/DEBUG] [net.minecraftforge.fml.javafmlmod.AutomaticEventSubscriber/LOADING]: Auto-subscribing net.solocraft.procedures.DunThroneTeleportAndSpawnProcedure to FORGE
[18May2026 14:31:26.549] [modloading-worker-0/DEBUG] [net.minecraftforge.fml.javafmlmod.AutomaticEventSubscriber/LOADING]: Auto-subscribing net.solocraft.procedures.DunThroneDetectionProcedure to FORGE
[18May2026 14:31:26.550] [modloading-worker-0/DEBUG] [net.minecraftforge.fml.javafmlmod.AutomaticEventSubscriber/LOADING]: Auto-subscribing net.solocraft.procedures.DunSewersTeleportAndSpawnProcedure to FORGE
[18May2026 14:31:26.554] [modloading-worker-0/DEBUG] [net.minecraftforge.fml.javafmlmod.AutomaticEventSubscriber/LOADING]: Auto-subscribing net.solocraft.procedures.DunSewersDetectionProcedure to FORGE
[18May2026 14:31:26.554] [modloading-worker-0/DEBUG] [net.minecraftforge.fml.javafmlmod.AutomaticEventSubscriber/LOADING]: Auto-subscribing net.solocraft.procedures.DunRandomTeleportAndSpawnProcedure to FORGE
[18May2026 14:31:26.555] [modloading-worker-0/DEBUG] [net.minecraftforge.fml.javafmlmod.AutomaticEventSubscriber/LOADING]: Auto-subscribing net.solocraft.procedures.DunRandomLargeTeleportAndSpawnProcedure to FORGE
[18May2026 14:31:26.559] [modloading-worker-0/DEBUG] [net.minecraftforge.fml.javafmlmod.AutomaticEventSubscriber/LOADING]: Auto-subscribing net.solocraft.procedures.DunRandomLargeDetectionProcedure to FORGE
[18May2026 14:31:26.560] [modloading-worker-0/DEBUG] [net.minecraftforge.fml.javafmlmod.AutomaticEventSubscriber/LOADING]: Auto-subscribing net.solocraft.procedures.DunRandomKamishTeleportProcedure to FORGE
[18May2026 14:31:26.561] [modloading-worker-0/DEBUG] [net.minecraftforge.fml.javafmlmod.AutomaticEventSubscriber/LOADING]: Auto-subscribing net.solocraft.procedures.DunRandomDetectionProcedure to FORGE
[18May2026 14:31:26.564] [modloading-worker-0/DEBUG] [net.minecraftforge.fml.javafmlmod.AutomaticEventSubscriber/LOADING]: Auto-subscribing net.solocraft.procedures.DunLushTeleportAndSpawnProcedure to FORGE
[18May2026 14:31:26.566] [modloading-worker-0/DEBUG] [net.minecraftforge.fml.javafmlmod.AutomaticEventSubscriber/LOADING]: Auto-subscribing net.solocraft.procedures.DunLushDetectionProcedure to FORGE
[18May2026 14:31:26.569] [modloading-worker-0/DEBUG] [net.minecraftforge.fml.javafmlmod.AutomaticEventSubscriber/LOADING]: Auto-subscribing net.solocraft.procedures.DunLabTeleportAndSpawningProcedure to FORGE
[18May2026 14:31:26.570] [modloading-worker-0/DEBUG] [net.minecraftforge.fml.javafmlmod.AutomaticEventSubscriber/LOADING]: Auto-subscribing net.solocraft.procedures.DunLabDetectionProcedure to FORGE
[18May2026 14:31:26.570] [modloading-worker-0/DEBUG] [net.minecraftforge.fml.javafmlmod.AutomaticEventSubscriber/LOADING]: Auto-subscribing net.solocraft.procedures.DunKasakaTeleportAndSpawnProcedure to FORGE
[18May2026 14:31:26.573] [modloading-worker-0/DEBUG] [net.minecraftforge.fml.javafmlmod.AutomaticEventSubscriber/LOADING]: Auto-subscribing net.solocraft.procedures.DunKasakaDetectionProcedure to FORGE
[18May2026 14:31:26.575] [modloading-worker-0/DEBUG] [net.minecraftforge.fml.javafmlmod.AutomaticEventSubscriber/LOADING]: Auto-subscribing net.solocraft.procedures.DunIgrisTeleportAndSpawnProcedure to FORGE
[18May2026 14:31:26.577] [modloading-worker-0/DEBUG] [net.minecraftforge.fml.javafmlmod.AutomaticEventSubscriber/LOADING]: Auto-subscribing net.solocraft.procedures.DunIgrisDetectionProcedure to FORGE
[18May2026 14:31:26.578] [modloading-worker-0/DEBUG] [net.minecraftforge.fml.config.ConfigTracker/CONFIG]: Config file goety/goety-spells.toml for goety tracking
[18May2026 14:31:26.579] [modloading-worker-0/DEBUG] [net.minecraftforge.fml.config.ConfigTracker/CONFIG]: Config file cataclysm-client.toml for cataclysm tracking
[18May2026 14:31:26.578] [modloading-worker-0/DEBUG] [net.minecraftforge.fml.javafmlmod.AutomaticEventSubscriber/LOADING]: Auto-subscribing net.solocraft.procedures.DunBeruTeleportAndSpawnProcedure to FORGE
[18May2026 14:31:26.579] [modloading-worker-0/DEBUG] [net.minecraftforge.fml.config.ConfigTracker/CONFIG]: Config file cataclysm-common.toml for cataclysm tracking
[18May2026 14:31:26.580] [modloading-worker-0/DEBUG] [net.minecraftforge.fml.javafmlmod.AutomaticEventSubscriber/LOADING]: Auto-subscribing net.solocraft.procedures.DunBeruDetectionProcedure to FORGE
[18May2026 14:31:26.583] [modloading-worker-0/DEBUG] [net.minecraftforge.fml.javafmlmod.AutomaticEventSubscriber/LOADING]: Auto-subscribing net.solocraft.procedures.DualWieldingDamageProcedure to FORGE
[18May2026 14:31:26.584] [modloading-worker-0/DEBUG] [net.minecraftforge.fml.javafmlmod.AutomaticEventSubscriber/LOADING]: Auto-subscribing net.solocraft.procedures.DomainChargeProcedure to FORGE
[18May2026 14:31:26.585] [modloading-worker-0/DEBUG] [net.minecraftforge.fml.javafmlmod.AutomaticEventSubscriber/LOADING]: Auto-subscribing net.solocraft.procedures.DimensionChangeStatResetProcedure to FORGE
[18May2026 14:31:26.588] [modloading-worker-0/DEBUG] [net.minecraftforge.fml.javafmlmod.AutomaticEventSubscriber/LOADING]: Auto-subscribing net.solocraft.procedures.DashResetProcedure to FORGE
[18May2026 14:31:26.588] [modloading-worker-0/DEBUG] [net.minecraftforge.fml.javafmlmod.AutomaticEventSubscriber/LOADING]: Auto-subscribing net.solocraft.procedures.DamageIndicatorDataProcedure to FORGE
[18May2026 14:31:26.589] [modloading-worker-0/DEBUG] [net.minecraftforge.fml.javafmlmod.AutomaticEventSubscriber/LOADING]: Auto-subscribing net.solocraft.procedures.DailytaskTimerProcedure to FORGE
[18May2026 14:31:26.590] [modloading-worker-0/DEBUG] [net.minecraftforge.fml.javafmlmod.AutomaticEventSubscriber/LOADING]: Auto-subscribing net.solocraft.procedures.DailySelectorProcedure to FORGE
[18May2026 14:31:26.594] [modloading-worker-0/DEBUG] [net.minecraftforge.fml.javafmlmod.AutomaticEventSubscriber/LOADING]: Auto-subscribing net.solocraft.procedures.DRPB1Procedure to FORGE
[18May2026 14:31:26.594] [modloading-worker-0/DEBUG] [net.minecraftforge.fml.javafmlmod.AutomaticEventSubscriber/LOADING]: Auto-subscribing net.solocraft.procedures.CriticalAttackTickProcedure to FORGE
[18May2026 14:31:26.595] [modloading-worker-0/DEBUG] [net.minecraftforge.fml.javafmlmod.AutomaticEventSubscriber/LOADING]: Auto-subscribing net.solocraft.procedures.CreativeResetProcedure to FORGE
[18May2026 14:31:26.596] [modloading-worker-0/DEBUG] [net.minecraftforge.fml.javafmlmod.AutomaticEventSubscriber/LOADING]: Auto-subscribing net.solocraft.procedures.Counting1DayProcedure to FORGE
[18May2026 14:31:26.599] [modloading-worker-0/DEBUG] [net.minecraftforge.fml.javafmlmod.AutomaticEventSubscriber/LOADING]: Auto-subscribing net.solocraft.procedures.ClassSelectorGiveProcedure to FORGE
[18May2026 14:31:26.597] [modloading-worker-0/DEBUG] [net.minecraftforge.fml.config.ConfigTracker/CONFIG]: Config file goety/goety-brews.toml for goety tracking
[18May2026 14:31:26.600] [modloading-worker-0/DEBUG] [net.minecraftforge.fml.javafmlmod.AutomaticEventSubscriber/LOADING]: Auto-subscribing net.solocraft.procedures.ClassPassivesProcedure to FORGE
[18May2026 14:31:26.603] [modloading-worker-0/DEBUG] [net.minecraftforge.fml.javafmlmod.AutomaticEventSubscriber/LOADING]: Auto-subscribing net.solocraft.procedures.BuffResetProcedure to FORGE
[18May2026 14:31:26.604] [modloading-worker-0/DEBUG] [net.minecraftforge.fml.javafmlmod.AutomaticEventSubscriber/LOADING]: Auto-subscribing net.solocraft.procedures.BossKilledProcedure to FORGE
[18May2026 14:31:26.605] [modloading-worker-0/DEBUG] [net.minecraftforge.fml.javafmlmod.AutomaticEventSubscriber/LOADING]: Auto-subscribing net.solocraft.procedures.BossInheritNBTProcedure to FORGE
[18May2026 14:31:26.606] [modloading-worker-0/DEBUG] [net.minecraftforge.fml.javafmlmod.AutomaticEventSubscriber/LOADING]: Auto-subscribing net.solocraft.procedures.BloodRedComIgrisOnInitialEntitySpawnProcedure to FORGE
[18May2026 14:31:26.607] [modloading-worker-0/DEBUG] [net.minecraftforge.fml.javafmlmod.AutomaticEventSubscriber/LOADING]: Auto-subscribing net.solocraft.procedures.BloodEffectProcedure to FORGE
[18May2026 14:31:26.610] [modloading-worker-0/DEBUG] [net.minecraftforge.fml.javafmlmod.AutomaticEventSubscriber/LOADING]: Auto-subscribing net.solocraft.procedures.BeruPunchesProcedure to FORGE
[18May2026 14:31:26.611] [modloading-worker-0/DEBUG] [net.minecraftforge.fml.javafmlmod.AutomaticEventSubscriber/LOADING]: Auto-subscribing net.solocraft.procedures.BeruEntityDiesProcedure to FORGE
[18May2026 14:31:26.612] [modloading-worker-0/DEBUG] [net.minecraftforge.fml.javafmlmod.AutomaticEventSubscriber/LOADING]: Auto-subscribing net.solocraft.procedures.BeforePlayerHurtProcedure to FORGE
[18May2026 14:31:26.615] [modloading-worker-0/DEBUG] [net.minecraftforge.fml.javafmlmod.AutomaticEventSubscriber/LOADING]: Auto-subscribing net.solocraft.procedures.BearTrapSufficationPreventionProcedure to FORGE
[18May2026 14:31:26.616] [modloading-worker-0/DEBUG] [net.minecraftforge.fml.javafmlmod.AutomaticEventSubscriber/LOADING]: Auto-subscribing net.solocraft.procedures.BearTrapEntityIsHurtProcedure to FORGE
[18May2026 14:31:26.616] [modloading-worker-0/DEBUG] [net.minecraftforge.fml.javafmlmod.AutomaticEventSubscriber/LOADING]: Auto-subscribing net.solocraft.procedures.BackStepChargeProcedure to FORGE
[18May2026 14:31:26.616] [modloading-worker-0/DEBUG] [net.minecraftforge.fml.config.ConfigTracker/CONFIG]: Config file goety/goety-mobs.toml for goety tracking
[18May2026 14:31:26.617] [modloading-worker-0/DEBUG] [net.minecraftforge.fml.javafmlmod.AutomaticEventSubscriber/LOADING]: Auto-subscribing net.solocraft.procedures.AvoidHurtingElderBeastProcedure to FORGE
[18May2026 14:31:26.620] [modloading-worker-0/DEBUG] [net.minecraftforge.fml.javafmlmod.AutomaticEventSubscriber/LOADING]: Auto-subscribing net.solocraft.procedures.AutoAriseProcedure to FORGE
[18May2026 14:31:26.621] [modloading-worker-0/DEBUG] [net.minecraftforge.fml.javafmlmod.AutomaticEventSubscriber/LOADING]: Auto-subscribing net.solocraft.procedures.AuraEffectGeneralProcedure to FORGE
[18May2026 14:31:26.626] [modloading-worker-0/DEBUG] [net.minecraftforge.fml.javafmlmod.AutomaticEventSubscriber/LOADING]: Auto-subscribing net.solocraft.procedures.AttributeBugFixBelow0Procedure to FORGE
[18May2026 14:31:26.627] [modloading-worker-0/DEBUG] [net.minecraftforge.fml.config.ConfigTracker/CONFIG]: Config file goety/goety-items.toml for goety tracking
[18May2026 14:31:26.628] [modloading-worker-0/DEBUG] [net.minecraftforge.fml.javafmlmod.AutomaticEventSubscriber/LOADING]: Auto-subscribing net.solocraft.procedures.AssassinDamageDealProcedure to FORGE
[18May2026 14:31:26.629] [modloading-worker-0/DEBUG] [net.minecraftforge.fml.javafmlmod.AutomaticEventSubscriber/LOADING]: Auto-subscribing net.solocraft.procedures.AriseDetectEntityProcedure to FORGE
[18May2026 14:31:26.632] [modloading-worker-0/DEBUG] [net.minecraftforge.fml.javafmlmod.AutomaticEventSubscriber/LOADING]: Auto-subscribing net.solocraft.procedures.AndreTargetSetProcedure to FORGE
[18May2026 14:31:26.632] [modloading-worker-0/DEBUG] [net.minecraftforge.fml.javafmlmod.AutomaticEventSubscriber/LOADING]: Auto-subscribing net.solocraft.procedures.AfterImagesStealthProcedure to FORGE
[18May2026 14:31:26.633] [modloading-worker-0/DEBUG] [net.minecraftforge.fml.javafmlmod.AutomaticEventSubscriber/LOADING]: Auto-subscribing net.solocraft.procedures.AdvancementGrantProcedure to FORGE
[18May2026 14:31:26.634] [modloading-worker-0/DEBUG] [net.minecraftforge.fml.javafmlmod.AutomaticEventSubscriber/LOADING]: Auto-subscribing net.solocraft.procedures.Ability3ResetProcedure to FORGE
[18May2026 14:31:26.639] [modloading-worker-0/DEBUG] [net.minecraftforge.fml.javafmlmod.AutomaticEventSubscriber/LOADING]: Auto-subscribing net.solocraft.network.WTJoinButtonMessage to MOD
[18May2026 14:31:26.639] [modloading-worker-0/DEBUG] [net.minecraftforge.fml.javafmlmod.AutomaticEventSubscriber/LOADING]: Auto-subscribing net.solocraft.network.UseSkillMessage to MOD
[18May2026 14:31:26.640] [modloading-worker-0/DEBUG] [net.minecraftforge.fml.javafmlmod.AutomaticEventSubscriber/LOADING]: Auto-subscribing net.solocraft.network.UnlockedSkillsTab7ButtonMessage to MOD
[18May2026 14:31:26.641] [modloading-worker-0/DEBUG] [net.minecraftforge.fml.javafmlmod.AutomaticEventSubscriber/LOADING]: Auto-subscribing net.solocraft.network.UnlockedSkillsTab6ButtonMessage to MOD
[18May2026 14:31:26.645] [modloading-worker-0/DEBUG] [net.minecraftforge.fml.javafmlmod.AutomaticEventSubscriber/LOADING]: Auto-subscribing net.solocraft.network.UnlockedSkillsTab5ButtonMessage to MOD
[18May2026 14:31:26.645] [modloading-worker-0/DEBUG] [net.minecraftforge.fml.javafmlmod.AutomaticEventSubscriber/LOADING]: Auto-subscribing net.solocraft.network.UnlockedSkillsTab4ButtonMessage to MOD
[18May2026 14:31:26.646] [modloading-worker-0/DEBUG] [net.minecraftforge.fml.javafmlmod.AutomaticEventSubscriber/LOADING]: Auto-subscribing net.solocraft.network.UnlockedSkillsTab3ButtonMessage to MOD
[18May2026 14:31:26.647] [modloading-worker-0/DEBUG] [net.minecraftforge.fml.javafmlmod.AutomaticEventSubscriber/LOADING]: Auto-subscribing net.solocraft.network.UnlockedSkillsTab2ButtonMessage to MOD
[18May2026 14:31:26.648] [modloading-worker-0/DEBUG] [net.minecraftforge.fml.javafmlmod.AutomaticEventSubscriber/LOADING]: Auto-subscribing net.solocraft.network.UnlockedSkillsTab1ButtonMessage to MOD
[18May2026 14:31:26.648] [modloading-worker-0/DEBUG] [net.minecraftforge.fml.javafmlmod.AutomaticEventSubscriber/LOADING]: Auto-subscribing net.solocraft.network.TripleJumpMessage to MOD
[18May2026 14:31:26.649] [modloading-worker-0/DEBUG] [net.minecraftforge.fml.javafmlmod.AutomaticEventSubscriber/LOADING]: Auto-subscribing net.solocraft.network.TrainingMessage to MOD
[18May2026 14:31:26.651] [modloading-worker-0/DEBUG] [net.minecraftforge.fml.javafmlmod.AutomaticEventSubscriber/LOADING]: Auto-subscribing net.solocraft.network.TrainingGUIButtonMessage to MOD
[18May2026 14:31:26.653] [modloading-worker-0/DEBUG] [net.minecraftforge.fml.javafmlmod.AutomaticEventSubscriber/LOADING]: Auto-subscribing net.solocraft.network.StorepotionButtonMessage to MOD
[18May2026 14:31:26.654] [modloading-worker-0/DEBUG] [net.minecraftforge.fml.javafmlmod.AutomaticEventSubscriber/LOADING]: Auto-subscribing net.solocraft.network.StoreWeaponButtonMessage to MOD
[18May2026 14:31:26.655] [modloading-worker-0/DEBUG] [net.minecraftforge.fml.javafmlmod.AutomaticEventSubscriber/LOADING]: Auto-subscribing net.solocraft.network.StorePotionNewButtonMessage to MOD
[18May2026 14:31:26.659] [modloading-worker-0/DEBUG] [net.minecraftforge.fml.javafmlmod.AutomaticEventSubscriber/LOADING]: Auto-subscribing net.solocraft.network.StoreGUIButtonMessage to MOD
[18May2026 14:31:26.659] [modloading-worker-0/DEBUG] [net.minecraftforge.fml.javafmlmod.AutomaticEventSubscriber/LOADING]: Auto-subscribing net.solocraft.network.SpecialCraftingGUIButtonMessage to MOD
[18May2026 14:31:26.660] [modloading-worker-0/DEBUG] [net.minecraftforge.fml.javafmlmod.AutomaticEventSubscriber/LOADING]: Auto-subscribing net.solocraft.network.SololevelingModVariables to MOD
[18May2026 14:31:26.662] [modloading-worker-0/DEBUG] [net.minecraftforge.fml.javafmlmod.AutomaticEventSubscriber/LOADING]: Auto-subscribing net.solocraft.network.SololevelingModVariables$PlayerVariablesProvider to FORGE
[18May2026 14:31:26.664] [modloading-worker-0/DEBUG] [net.minecraftforge.fml.javafmlmod.AutomaticEventSubscriber/LOADING]: Auto-subscribing net.solocraft.network.SololevelingModVariables$EventBusVariableHandlers to FORGE
[18May2026 14:31:26.672] [modloading-worker-0/DEBUG] [net.minecraftforge.fml.javafmlmod.AutomaticEventSubscriber/LOADING]: Auto-subscribing net.solocraft.network.SkillCycleButtonMessage to MOD
[18May2026 14:31:26.676] [modloading-worker-0/DEBUG] [net.minecraftforge.fml.javafmlmod.AutomaticEventSubscriber/LOADING]: Auto-subscribing net.solocraft.network.ShopSlotMessage to MOD
[18May2026 14:31:26.677] [modloading-worker-0/DEBUG] [net.minecraftforge.fml.javafmlmod.AutomaticEventSubscriber/LOADING]: Auto-subscribing net.solocraft.network.ShopButtonMessage to MOD
[18May2026 14:31:26.677] [modloading-worker-0/DEBUG] [net.minecraftforge.fml.javafmlmod.AutomaticEventSubscriber/LOADING]: Auto-subscribing net.solocraft.network.ShadowSummonGUIButtonMessage to MOD
[18May2026 14:31:26.678] [modloading-worker-0/DEBUG] [net.minecraftforge.fml.javafmlmod.AutomaticEventSubscriber/LOADING]: Auto-subscribing net.solocraft.network.ShadowGUIButtonMessage to MOD
[18May2026 14:31:26.682] [modloading-worker-0/DEBUG] [net.minecraftforge.fml.javafmlmod.AutomaticEventSubscriber/LOADING]: Auto-subscribing net.solocraft.network.ShadowExchangeSaveButtonMessage to MOD
[18May2026 14:31:26.683] [modloading-worker-0/DEBUG] [net.minecraftforge.fml.javafmlmod.AutomaticEventSubscriber/LOADING]: Auto-subscribing net.solocraft.network.ShadowExchangeSETButtonMessage to MOD
[18May2026 14:31:26.683] [modloading-worker-0/DEBUG] [net.minecraftforge.fml.javafmlmod.AutomaticEventSubscriber/LOADING]: Auto-subscribing net.solocraft.network.ShadowExchangeMainGUIButtonMessage to MOD
[18May2026 14:31:26.687] [modloading-worker-0/DEBUG] [net.minecraftforge.fml.javafmlmod.AutomaticEventSubscriber/LOADING]: Auto-subscribing net.solocraft.network.SelectionBoxGUIButtonMessage to MOD
[18May2026 14:31:26.688] [modloading-worker-0/DEBUG] [net.minecraftforge.fml.javafmlmod.AutomaticEventSubscriber/LOADING]: Auto-subscribing net.solocraft.network.RewardPanelButtonMessage to MOD
[18May2026 14:31:26.688] [modloading-worker-0/DEBUG] [net.minecraftforge.fml.javafmlmod.AutomaticEventSubscriber/LOADING]: Auto-subscribing net.solocraft.network.QuestInfoMessage to MOD
[18May2026 14:31:26.689] [modloading-worker-0/DEBUG] [net.minecraftforge.fml.javafmlmod.AutomaticEventSubscriber/LOADING]: Auto-subscribing net.solocraft.network.PanelReworkButtonMessage to MOD
[18May2026 14:31:26.690] [modloading-worker-0/DEBUG] [net.minecraftforge.fml.javafmlmod.AutomaticEventSubscriber/LOADING]: Auto-subscribing net.solocraft.network.PanelRework2ButtonMessage to MOD
[18May2026 14:31:26.691] [modloading-worker-0/DEBUG] [net.minecraftforge.fml.javafmlmod.AutomaticEventSubscriber/LOADING]: Auto-subscribing net.solocraft.network.PanelEarlyButtonMessage to MOD
[18May2026 14:31:26.692] [modloading-worker-0/DEBUG] [net.minecraftforge.fml.javafmlmod.AutomaticEventSubscriber/LOADING]: Auto-subscribing net.solocraft.network.OpenPanelMessage to MOD
[18May2026 14:31:26.692] [modloading-worker-0/DEBUG] [net.minecraftforge.fml.javafmlmod.AutomaticEventSubscriber/LOADING]: Auto-subscribing net.solocraft.network.MiscItemsButtonMessage to MOD
[18May2026 14:31:26.693] [modloading-worker-0/DEBUG] [net.minecraftforge.fml.javafmlmod.AutomaticEventSubscriber/LOADING]: Auto-subscribing net.solocraft.network.HuntersJoinButtonMessage to MOD
[18May2026 14:31:26.698] [modloading-worker-0/DEBUG] [net.minecraftforge.fml.javafmlmod.AutomaticEventSubscriber/LOADING]: Auto-subscribing net.solocraft.network.FoodGuiButtonMessage to MOD
[18May2026 14:31:26.698] [modloading-worker-0/DEBUG] [net.minecraftforge.fml.javafmlmod.AutomaticEventSubscriber/LOADING]: Auto-subscribing net.solocraft.network.FireGriamoreButtonMessage to MOD
[18May2026 14:31:26.699] [modloading-worker-0/DEBUG] [net.minecraftforge.fml.javafmlmod.AutomaticEventSubscriber/LOADING]: Auto-subscribing net.solocraft.network.EquippedAbilitiesButtonMessage to MOD
[18May2026 14:31:26.700] [modloading-worker-0/DEBUG] [net.minecraftforge.fml.javafmlmod.AutomaticEventSubscriber/LOADING]: Auto-subscribing net.solocraft.network.DailyQuestsButtonMessage to MOD
[18May2026 14:31:26.704] [modloading-worker-0/DEBUG] [net.minecraftforge.fml.javafmlmod.AutomaticEventSubscriber/LOADING]: Auto-subscribing net.solocraft.network.DMessage to MOD
[18May2026 14:31:26.704] [modloading-worker-0/DEBUG] [net.minecraftforge.fml.javafmlmod.AutomaticEventSubscriber/LOADING]: Auto-subscribing net.solocraft.network.ChooseClassButtonMessage to MOD
[18May2026 14:31:26.705] [modloading-worker-0/DEBUG] [net.minecraftforge.fml.javafmlmod.AutomaticEventSubscriber/LOADING]: Auto-subscribing net.solocraft.network.AhjinJoinButtonMessage to MOD
[18May2026 14:31:26.706] [modloading-worker-0/DEBUG] [net.minecraftforge.fml.javafmlmod.AutomaticEventSubscriber/LOADING]: Auto-subscribing net.solocraft.network.Ability4Message to MOD
[18May2026 14:31:26.709] [modloading-worker-0/DEBUG] [net.minecraftforge.fml.javafmlmod.AutomaticEventSubscriber/LOADING]: Auto-subscribing net.solocraft.network.Ability3Message to MOD
[18May2026 14:31:26.710] [modloading-worker-0/DEBUG] [net.minecraftforge.fml.javafmlmod.AutomaticEventSubscriber/LOADING]: Auto-subscribing net.solocraft.network.Ability2Message to MOD
[18May2026 14:31:26.711] [modloading-worker-0/DEBUG] [net.minecraftforge.fml.javafmlmod.AutomaticEventSubscriber/LOADING]: Auto-subscribing net.solocraft.network.Ability1Message to MOD
[18May2026 14:31:26.711] [modloading-worker-0/DEBUG] [net.minecraftforge.fml.javafmlmod.AutomaticEventSubscriber/LOADING]: Auto-subscribing net.solocraft.network.AbilitiesGUIButtonMessage to MOD
[18May2026 14:31:26.712] [modloading-worker-0/DEBUG] [net.minecraftforge.fml.javafmlmod.AutomaticEventSubscriber/LOADING]: Auto-subscribing net.solocraft.network.Ab8Message to MOD
[18May2026 14:31:26.713] [modloading-worker-0/DEBUG] [net.minecraftforge.fml.javafmlmod.AutomaticEventSubscriber/LOADING]: Auto-subscribing net.solocraft.network.Ab7Message to MOD
[18May2026 14:31:26.717] [modloading-worker-0/DEBUG] [net.minecraftforge.fml.javafmlmod.AutomaticEventSubscriber/LOADING]: Auto-subscribing net.solocraft.network.Ab6Message to MOD
[18May2026 14:31:26.718] [modloading-worker-0/DEBUG] [net.minecraftforge.fml.javafmlmod.AutomaticEventSubscriber/LOADING]: Auto-subscribing net.solocraft.network.Ab5Message to MOD
[18May2026 14:31:26.721] [modloading-worker-0/DEBUG] [net.minecraftforge.fml.javafmlmod.AutomaticEventSubscriber/LOADING]: Auto-subscribing net.solocraft.network.Ab4Message to MOD
[18May2026 14:31:26.722] [modloading-worker-0/DEBUG] [net.minecraftforge.fml.javafmlmod.AutomaticEventSubscriber/LOADING]: Auto-subscribing net.solocraft.network.Ab3Message to MOD
[18May2026 14:31:26.723] [modloading-worker-0/DEBUG] [net.minecraftforge.fml.javafmlmod.AutomaticEventSubscriber/LOADING]: Auto-subscribing net.solocraft.network.Ab2Message to MOD
[18May2026 14:31:26.724] [modloading-worker-0/DEBUG] [net.minecraftforge.fml.javafmlmod.AutomaticEventSubscriber/LOADING]: Auto-subscribing net.solocraft.network.Ab1Message to MOD
[18May2026 14:31:26.724] [modloading-worker-0/DEBUG] [net.minecraftforge.fml.javafmlmod.AutomaticEventSubscriber/LOADING]: Auto-subscribing net.solocraft.init.SololevelingModTabs to MOD
[18May2026 14:31:26.729] [modloading-worker-0/DEBUG] [net.minecraftforge.fml.javafmlmod.AutomaticEventSubscriber/LOADING]: Auto-subscribing net.solocraft.init.SololevelingModGameRules to MOD
[18May2026 14:31:26.729] [modloading-worker-0/DEBUG] [net.minecraftforge.fml.javafmlmod.AutomaticEventSubscriber/LOADING]: Auto-subscribing net.solocraft.init.SololevelingModEntities to MOD
[18May2026 14:31:26.730] [modloading-worker-0/DEBUG] [net.minecraftforge.fml.javafmlmod.AutomaticEventSubscriber/LOADING]: Auto-subscribing net.solocraft.init.ItemAnimationFactory to FORGE
[18May2026 14:31:26.730] [modloading-worker-0/DEBUG] [net.minecraftforge.fml.javafmlmod.AutomaticEventSubscriber/LOADING]: Auto-subscribing net.solocraft.init.EntityAnimationFactory to FORGE
[18May2026 14:31:26.731] [modloading-worker-0/DEBUG] [net.minecraftforge.fml.javafmlmod.AutomaticEventSubscriber/LOADING]: Auto-subscribing net.solocraft.command.SpawnrandomlargeCommand to FORGE
[18May2026 14:31:26.734] [modloading-worker-0/DEBUG] [net.minecraftforge.fml.javafmlmod.AutomaticEventSubscriber/LOADING]: Auto-subscribing net.solocraft.command.SpawnrandomCommand to FORGE
[18May2026 14:31:26.735] [modloading-worker-0/DEBUG] [net.minecraftforge.fml.javafmlmod.AutomaticEventSubscriber/LOADING]: Auto-subscribing net.solocraft.command.SpawnlushCommand to FORGE
[18May2026 14:31:26.735] [modloading-worker-0/DEBUG] [net.minecraftforge.fml.javafmlmod.AutomaticEventSubscriber/LOADING]: Auto-subscribing net.solocraft.command.SpawnlabCommand to FORGE
[18May2026 14:31:26.737] [modloading-worker-0/DEBUG] [net.minecraftforge.fml.javafmlmod.AutomaticEventSubscriber/LOADING]: Auto-subscribing net.solocraft.command.SpawnkargalgandungeonCommand to FORGE
[18May2026 14:31:26.739] [modloading-worker-0/DEBUG] [net.minecraftforge.fml.javafmlmod.AutomaticEventSubscriber/LOADING]: Auto-subscribing net.solocraft.command.SpawninstanceCommand to FORGE
[18May2026 14:31:26.740] [modloading-worker-0/DEBUG] [net.minecraftforge.fml.javafmlmod.AutomaticEventSubscriber/LOADING]: Auto-subscribing net.solocraft.command.SpawnigrisCommand to FORGE
[18May2026 14:31:26.743] [modloading-worker-0/DEBUG] [net.minecraftforge.fml.javafmlmod.AutomaticEventSubscriber/LOADING]: Auto-subscribing net.solocraft.command.SpawnberuCommand to FORGE
[18May2026 14:31:26.747] [modloading-worker-0/DEBUG] [net.minecraftforge.fml.javafmlmod.AutomaticEventSubscriber/LOADING]: Auto-subscribing net.solocraft.command.SpawnancientgolemCommand to FORGE
[18May2026 14:31:26.750] [modloading-worker-0/DEBUG] [net.minecraftforge.fml.javafmlmod.AutomaticEventSubscriber/LOADING]: Auto-subscribing net.solocraft.command.SoloResetStatsCommand to FORGE
[18May2026 14:31:26.751] [modloading-worker-0/DEBUG] [net.minecraftforge.fml.javafmlmod.AutomaticEventSubscriber/LOADING]: Auto-subscribing net.solocraft.command.SoloResetPortalsCommand to FORGE
[18May2026 14:31:26.752] [modloading-worker-0/DEBUG] [net.minecraftforge.fml.javafmlmod.AutomaticEventSubscriber/LOADING]: Auto-subscribing net.solocraft.command.SoloDungeonStuckCommand to FORGE
[18May2026 14:31:26.753] [modloading-worker-0/DEBUG] [net.minecraftforge.fml.javafmlmod.AutomaticEventSubscriber/LOADING]: Auto-subscribing net.solocraft.command.SoloCustomHudCommand to FORGE
[18May2026 14:31:26.755] [modloading-worker-0/DEBUG] [net.minecraftforge.fml.javafmlmod.AutomaticEventSubscriber/LOADING]: Auto-subscribing net.solocraft.command.SlrCommand to FORGE
[18May2026 14:31:26.760] [modloading-worker-0/DEBUG] [net.minecraftforge.fml.javafmlmod.AutomaticEventSubscriber/LOADING]: Auto-subscribing net.solocraft.command.CreatePartyCommand to FORGE
[18May2026 14:31:26.761] [modloading-worker-0/DEBUG] [net.minecraftforge.fml.javafmlmod.AutomaticEventSubscriber/LOADING]: Auto-subscribing net.solocraft.block.listener.ClientListener to MOD
[18May2026 14:31:26.761] [modloading-worker-0/DEBUG] [net.minecraftforge.fml.javafmlmod.AutomaticEventSubscriber/LOADING]: Auto-subscribing net.solocraft.ScreenShakeCe to MOD
[18May2026 14:31:26.762] [modloading-worker-0/DEBUG] [net.minecraftforge.fml.javafmlmod.AutomaticEventSubscriber/LOADING]: Auto-subscribing net.solocraft.ScreenShakeCe$ForgeBusEvents to FORGE
[18May2026 14:31:26.775] [modloading-worker-0/DEBUG] [net.minecraftforge.fml.config.ConfigTracker/CONFIG]: Config file curios-client.toml for curios tracking
[18May2026 14:31:26.778] [modloading-worker-0/DEBUG] [net.minecraftforge.fml.config.ConfigTracker/CONFIG]: Config file curios-common.toml for curios tracking
[18May2026 14:31:26.780] [modloading-worker-0/DEBUG] [net.minecraftforge.fml.config.ConfigTracker/CONFIG]: Config file curios-server.toml for curios tracking
[18May2026 14:31:26.780] [modloading-worker-0/DEBUG] [net.minecraftforge.fml.javafmlmod.AutomaticEventSubscriber/LOADING]: Attempting to inject @EventBusSubscriber classes into the eventbus for curios
[18May2026 14:31:26.786] [modloading-worker-0/DEBUG] [net.minecraftforge.fml.config.ConfigTracker/CONFIG]: Config file patchouli-client.toml for patchouli tracking
[18May2026 14:31:26.787] [modloading-worker-0/DEBUG] [net.minecraftforge.fml.javafmlmod.AutomaticEventSubscriber/LOADING]: Attempting to inject @EventBusSubscriber classes into the eventbus for patchouli
[18May2026 14:31:26.787] [modloading-worker-0/DEBUG] [net.minecraftforge.fml.javafmlmod.AutomaticEventSubscriber/LOADING]: Auto-subscribing vazkii.patchouli.forge.common.ForgeModInitializer to MOD
[18May2026 14:31:26.798] [modloading-worker-0/DEBUG] [MonoLib/]: Loaded com.cursee.monolib.platform.ForgePlatformHelper@794d1b5f for service interface com.cursee.monolib.platform.services.IPlatformHelper
[18May2026 14:31:26.799] [modloading-worker-0/DEBUG] [MonoLib/]: Loaded com.cursee.monolib.platform.ForgeRegisterHelper@3a9f33a8 for service interface com.cursee.monolib.platform.services.IRegisterHelper
[18May2026 14:31:26.800] [modloading-worker-0/DEBUG] [MonoLib/]: Loaded io.github.jason13official.monolib.platform.ForgePlatformHelper@41474b98 for service interface io.github.jason13official.monolib.platform.services.IPlatformHelper
[18May2026 14:31:26.847] [modloading-worker-0/DEBUG] [net.minecraftforge.fml.javafmlmod.AutomaticEventSubscriber/LOADING]: Attempting to inject @EventBusSubscriber classes into the eventbus for twilightforest
[18May2026 14:31:26.848] [modloading-worker-0/DEBUG] [net.minecraftforge.fml.javafmlmod.AutomaticEventSubscriber/LOADING]: Auto-subscribing twilightforest.util.TFRemapper to FORGE
[18May2026 14:31:26.849] [modloading-worker-0/DEBUG] [net.minecraftforge.fml.javafmlmod.AutomaticEventSubscriber/LOADING]: Auto-subscribing twilightforest.loot.modifiers.GiantToolGroupingModifier to FORGE
[18May2026 14:31:26.854] [modloading-worker-0/DEBUG] [net.minecraftforge.fml.javafmlmod.AutomaticEventSubscriber/LOADING]: Attempting to inject @EventBusSubscriber classes into the eventbus for more_bows_and_arrows
[18May2026 14:31:26.857] [modloading-worker-0/DEBUG] [net.minecraftforge.fml.javafmlmod.AutomaticEventSubscriber/LOADING]: Auto-subscribing twilightforest.item.OreMagnetItem to FORGE
[18May2026 14:31:26.859] [modloading-worker-0/DEBUG] [net.minecraftforge.fml.javafmlmod.AutomaticEventSubscriber/LOADING]: Auto-subscribing twilightforest.item.FierySwordItem to FORGE
[18May2026 14:31:26.862] [modloading-worker-0/DEBUG] [net.minecraftforge.fml.javafmlmod.AutomaticEventSubscriber/LOADING]: Auto-subscribing twilightforest.init.TFEntities to MOD
[18May2026 14:31:26.863] [modloading-worker-0/DEBUG] [net.minecraftforge.fml.javafmlmod.AutomaticEventSubscriber/LOADING]: Auto-subscribing twilightforest.init.TFCaveCarvers to MOD
[18May2026 14:31:26.879] [modloading-worker-0/DEBUG] [net.minecraftforge.fml.javafmlmod.AutomaticEventSubscriber/LOADING]: Auto-subscribing twilightforest.events.ToolEvents to FORGE
[18May2026 14:31:26.885] [modloading-worker-0/DEBUG] [net.minecraftforge.fml.javafmlmod.AutomaticEventSubscriber/LOADING]: Auto-subscribing twilightforest.events.ProgressionEvents to FORGE
[18May2026 14:31:26.888] [modloading-worker-0/DEBUG] [net.minecraftforge.fml.javafmlmod.AutomaticEventSubscriber/LOADING]: Auto-subscribing twilightforest.events.MiscEvents to FORGE
[18May2026 14:31:26.902] [modloading-worker-0/DEBUG] [net.minecraftforge.fml.javafmlmod.AutomaticEventSubscriber/LOADING]: Auto-subscribing twilightforest.events.HostileMountEvents to FORGE
[18May2026 14:31:26.904] [modloading-worker-0/DEBUG] [net.minecraftforge.fml.javafmlmod.AutomaticEventSubscriber/LOADING]: Auto-subscribing twilightforest.events.EntityEvents to FORGE
[18May2026 14:31:26.922] [modloading-worker-0/DEBUG] [net.minecraftforge.fml.javafmlmod.AutomaticEventSubscriber/LOADING]: Auto-subscribing twilightforest.events.CharmEvents to FORGE
[18May2026 14:31:26.928] [modloading-worker-0/DEBUG] [net.minecraftforge.fml.javafmlmod.AutomaticEventSubscriber/LOADING]: Auto-subscribing twilightforest.events.CapabilityEvents to FORGE
[18May2026 14:31:26.933] [modloading-worker-0/DEBUG] [net.minecraftforge.fml.javafmlmod.AutomaticEventSubscriber/LOADING]: Auto-subscribing twilightforest.data.DataGenerators to MOD
[18May2026 14:31:26.935] [modloading-worker-0/DEBUG] [net.minecraftforge.fml.javafmlmod.AutomaticEventSubscriber/LOADING]: Auto-subscribing twilightforest.TFTickHandler to FORGE
[18May2026 14:31:26.947] [modloading-worker-0/DEBUG] [net.minecraftforge.fml.javafmlmod.AutomaticEventSubscriber/LOADING]: Auto-subscribing twilightforest.TFConfig to MOD
[18May2026 14:31:26.948] [modloading-worker-0/DEBUG] [net.minecraftforge.fml.javafmlmod.AutomaticEventSubscriber/LOADING]: Auto-subscribing twilightforest.TFConfig$ConfigSync to FORGE
[18May2026 14:31:26.950] [modloading-worker-0/INFO] [com.aetherteam.cumulus.Cumulus/]: Disabling Cumulus as it is on server.
[18May2026 14:31:26.953] [modloading-worker-0/DEBUG] [net.minecraftforge.fml.javafmlmod.AutomaticEventSubscriber/LOADING]: Attempting to inject @EventBusSubscriber classes into the eventbus for cumulus_menus
[18May2026 14:31:27.014] [modloading-worker-0/INFO] [com.cobblemon.mod.common.Cobblemon/]: Booting LaxPermissionValidator, permissions will be checked using Minecrafts permission level system, see https://minecraft.fandom.com/wiki/Permission_level
[18May2026 14:31:27.021] [modloading-worker-0/DEBUG] [mixin/]: Mixing LootTableMixin from balm.mixins.json into net.minecraft.world.level.storage.loot.LootTable
[18May2026 14:31:27.023] [modloading-worker-0/DEBUG] [mixin/]: Mixing LootTableAccessor from mixins.runecraft.json into net.minecraft.world.level.storage.loot.LootTable
[18May2026 14:31:27.029] [modloading-worker-0/INFO] [com.cobblemon.mod.common.Cobblemon/]: Launching Cobblemon 1.5.2 
[18May2026 14:31:27.053] [modloading-worker-0/INFO] [com.cobblemon.mod.common.Cobblemon/]: Booting ForgePermissionApiPermissionValidator, player permissions will be checked using MinecraftForge' PermissionAPI, non player command sources will use Minecraft' permission level system, see https://docs.minecraftforge.net/en/latest/ and https://minecraft.fandom.com/wiki/Permission_level
[18May2026 14:31:27.054] [modloading-worker-0/DEBUG] [net.minecraftforge.fml.javafmlmod.AutomaticEventSubscriber/LOADING]: Attempting to inject @EventBusSubscriber classes into the eventbus for cataclysm
[18May2026 14:31:27.055] [modloading-worker-0/DEBUG] [net.minecraftforge.fml.javafmlmod.AutomaticEventSubscriber/LOADING]: Auto-subscribing com.github.L_Ender.cataclysm.world.CMWorldRegistry to MOD
[18May2026 14:31:27.056] [modloading-worker-0/DEBUG] [net.minecraftforge.fml.javafmlmod.AutomaticEventSubscriber/LOADING]: Auto-subscribing com.github.L_Ender.cataclysm.init.ModEntities to MOD
[18May2026 14:31:27.057] [modloading-worker-0/DEBUG] [net.minecraftforge.fml.javafmlmod.AutomaticEventSubscriber/LOADING]: Auto-subscribing com.github.L_Ender.cataclysm.init.ModAttribute to MOD
[18May2026 14:31:27.057] [modloading-worker-0/DEBUG] [net.minecraftforge.fml.javafmlmod.AutomaticEventSubscriber/LOADING]: Auto-subscribing com.github.L_Ender.cataclysm.event.ServerEventHandler to FORGE
[18May2026 14:31:27.058] [modloading-worker-0/DEBUG] [net.minecraftforge.fml.javafmlmod.AutomaticEventSubscriber/LOADING]: Auto-subscribing com.github.L_Ender.cataclysm.CommonProxy to MOD
[18May2026 14:31:27.058] [modloading-worker-0/DEBUG] [net.minecraftforge.fml.javafmlmod.AutomaticEventSubscriber/LOADING]: Auto-subscribing com.github.L_Ender.cataclysm.Cataclysm to FORGE
[18May2026 14:31:27.062] [modloading-worker-0/DEBUG] [net.minecraftforge.fml.config.ConfigTracker/CONFIG]: Config file aiimprovements-common.toml for aiimprovements tracking
[18May2026 14:31:27.064] [modloading-worker-0/DEBUG] [net.minecraftforge.fml.javafmlmod.AutomaticEventSubscriber/LOADING]: Attempting to inject @EventBusSubscriber classes into the eventbus for aiimprovements
[18May2026 14:31:27.064] [modloading-worker-0/DEBUG] [net.minecraftforge.fml.javafmlmod.AutomaticEventSubscriber/LOADING]: Auto-subscribing com.builtbroken.ai.improvements.modifier.ModifierSystem to FORGE
[18May2026 14:31:27.064] [modloading-worker-0/DEBUG] [net.minecraftforge.fml.javafmlmod.AutomaticEventSubscriber/LOADING]: Attempting to inject @EventBusSubscriber classes into the eventbus for architectury
[18May2026 14:31:27.065] [modloading-worker-0/DEBUG] [net.minecraftforge.fml.javafmlmod.AutomaticEventSubscriber/LOADING]: Auto-subscribing dev.architectury.registry.level.entity.trade.forge.TradeRegistryImpl to FORGE
[18May2026 14:31:27.071] [modloading-worker-0/DEBUG] [net.minecraftforge.fml.javafmlmod.AutomaticEventSubscriber/LOADING]: Auto-subscribing com.builtbroken.ai.improvements.AIImprovements to MOD
[18May2026 14:31:27.073] [modloading-worker-0/DEBUG] [net.minecraftforge.fml.javafmlmod.AutomaticEventSubscriber/LOADING]: Auto-subscribing dev.architectury.registry.forge.ReloadListenerRegistryImpl to FORGE
[18May2026 14:31:27.074] [modloading-worker-0/DEBUG] [net.minecraftforge.fml.javafmlmod.AutomaticEventSubscriber/LOADING]: Auto-subscribing dev.architectury.networking.forge.NetworkManagerImpl to FORGE
[18May2026 14:31:27.081] [modloading-worker-0/INFO] [dev.architectury.networking.forge.NetworkManagerImpl/]: Registering C2S receiver with id architectury:sync_ids
[18May2026 14:31:27.093] [modloading-worker-0/DEBUG] [betterendisland/]: Loaded com.yungnickyoung.minecraft.betterendisland.services.ForgePlatformHelper@60cf4116 for service interface com.yungnickyoung.minecraft.betterendisland.services.IPlatformHelper
[18May2026 14:31:27.093] [modloading-worker-0/DEBUG] [betterendisland/]: Loaded com.yungnickyoung.minecraft.betterendisland.services.ForgeModulesLoader@1c34566e for service interface com.yungnickyoung.minecraft.betterendisland.services.IModulesLoader
[18May2026 14:31:27.097] [modloading-worker-0/DEBUG] [net.minecraftforge.fml.config.ConfigTracker/CONFIG]: Config file betterendisland-forge-1_20.toml for betterendisland tracking
[18May2026 14:31:27.101] [modloading-worker-0/DEBUG] [net.minecraftforge.fml.javafmlmod.AutomaticEventSubscriber/LOADING]: Attempting to inject @EventBusSubscriber classes into the eventbus for betterendisland
[18May2026 14:31:27.117] [modloading-worker-0/DEBUG] [net.minecraftforge.fml.javafmlmod.AutomaticEventSubscriber/LOADING]: Attempting to inject @EventBusSubscriber classes into the eventbus for monolib
[18May2026 14:31:27.122] [modloading-worker-0/DEBUG] [net.minecraftforge.fml.javafmlmod.AutomaticEventSubscriber/LOADING]: Attempting to inject @EventBusSubscriber classes into the eventbus for nitrogen_internals
[18May2026 14:31:27.123] [modloading-worker-0/DEBUG] [net.minecraftforge.fml.javafmlmod.AutomaticEventSubscriber/LOADING]: Auto-subscribing com.aetherteam.nitrogen.event.listeners.TooltipListeners to FORGE
[18May2026 14:31:27.124] [modloading-worker-0/DEBUG] [net.minecraftforge.fml.javafmlmod.AutomaticEventSubscriber/LOADING]: Auto-subscribing com.aetherteam.nitrogen.Nitrogen to FORGE
[18May2026 14:31:27.128] [modloading-worker-0/DEBUG] [net.minecraftforge.fml.javafmlmod.AutomaticEventSubscriber/LOADING]: Attempting to inject @EventBusSubscriber classes into the eventbus for hugestructureblocks
[18May2026 14:31:27.159] [modloading-worker-0/DEBUG] [net.minecraftforge.fml.config.ConfigTracker/CONFIG]: Config file runecraft-server.toml for runecraft tracking
[18May2026 14:31:27.160] [modloading-worker-0/DEBUG] [net.minecraftforge.fml.config.ConfigTracker/CONFIG]: Config file runecraft-client.toml for runecraft tracking
[18May2026 14:31:27.160] [modloading-worker-0/DEBUG] [net.minecraftforge.fml.config.ConfigTracker/CONFIG]: Config file runecraft-common.toml for runecraft tracking
[18May2026 14:31:27.171] [modloading-worker-0/DEBUG] [mixin/]: Mixing PersistentDataAccessor from mythsandlegends-common.cobblemon.mixins.json into com.cobblemon.mod.common.pokemon.Pokemon
[18May2026 14:31:27.363] [modloading-worker-0/DEBUG] [net.minecraftforge.fml.javafmlmod.AutomaticEventSubscriber/LOADING]: Attempting to inject @EventBusSubscriber classes into the eventbus for runecraft
[18May2026 14:31:27.363] [modloading-worker-0/DEBUG] [net.minecraftforge.fml.javafmlmod.AutomaticEventSubscriber/LOADING]: Auto-subscribing xxrexraptorxx.runecraft.world.LootTableInjection to FORGE
[18May2026 14:31:27.374] [modloading-worker-0/DEBUG] [net.minecraftforge.fml.javafmlmod.AutomaticEventSubscriber/LOADING]: Auto-subscribing xxrexraptorxx.runecraft.world.Events to FORGE
[18May2026 14:31:27.393] [modloading-worker-0/DEBUG] [net.minecraftforge.fml.javafmlmod.AutomaticEventSubscriber/LOADING]: Auto-subscribing xxrexraptorxx.runecraft.utils.Config to FORGE
[18May2026 14:31:27.393] [modloading-worker-0/DEBUG] [net.minecraftforge.fml.javafmlmod.AutomaticEventSubscriber/LOADING]: Auto-subscribing xxrexraptorxx.runecraft.datagen.DataGenerators to MOD
[18May2026 14:31:27.394] [modloading-worker-0/DEBUG] [net.minecraftforge.fml.javafmlmod.AutomaticEventSubscriber/LOADING]: Attempting to inject @EventBusSubscriber classes into the eventbus for t_and_t
[18May2026 14:31:27.478] [modloading-worker-0/DEBUG] [net.minecraftforge.fml.javafmlmod.AutomaticEventSubscriber/LOADING]: Attempting to inject @EventBusSubscriber classes into the eventbus for epicpaladins
[18May2026 14:31:27.484] [modloading-worker-0/DEBUG] [net.minecraftforge.fml.javafmlmod.AutomaticEventSubscriber/LOADING]: Auto-subscribing net.veroxuniverse.epicpaladins.EpicPaladinsMod$ClientModEvents to MOD
[18May2026 14:31:27.509] [modloading-worker-0/DEBUG] [mixin/]: Mixing accessor.CriteriaTriggersAccessor from yungsapi.mixins.json into net.minecraft.advancements.CriteriaTriggers
[18May2026 14:31:27.510] [modloading-worker-0/DEBUG] [mixin/]: Renaming @Accessor method getValues()Ljava/util/Map; to getValues_$md$740d9a$0 in yungsapi.mixins.json:accessor.CriteriaTriggersAccessor
[18May2026 14:31:27.512] [modloading-worker-0/DEBUG] [mixin/]: Mixing accessor.CriteriaTriggersAccessor from cataclysm.mixins.json into net.minecraft.advancements.CriteriaTriggers
[18May2026 14:31:27.512] [modloading-worker-0/DEBUG] [mixin/]: Renaming @Accessor method getValues()Ljava/util/Map; to getValues_$md$740d9a$1 in cataclysm.mixins.json:accessor.CriteriaTriggersAccessor
[18May2026 14:31:27.652] [modloading-worker-0/DEBUG] [mixin/]: Mixing invoker.AdornRegisterInvoker from mixins.cobblemon-common.json into juuxel.adorn.block.variant.BlockVariantSets
[18May2026 14:31:27.688] [modloading-worker-0/INFO] [Soulslike Weaponry/]: Config initialized!
[18May2026 14:31:27.688] [modloading-worker-0/INFO] [Soulslike Weaponry/]: Successfully initialized Geckolib!
[18May2026 14:31:27.759] [modloading-worker-0/DEBUG] [thedarkcolour.kotlinforforge.LoggerKt/LOADING]: Attempting to inject @EventBusSubscriber kotlin objects in to the event bus for adorn
[18May2026 14:31:27.761] [modloading-worker-0/DEBUG] [net.minecraftforge.fml.javafmlmod.AutomaticEventSubscriber/LOADING]: Attempting to inject @EventBusSubscriber classes into the eventbus for radium
[18May2026 14:31:27.809] [modloading-worker-0/DEBUG] [net.minecraftforge.fml.config.ConfigTracker/CONFIG]: Config file humancompanions-common.toml for humancompanions tracking
[18May2026 14:31:27.809] [modloading-worker-0/DEBUG] [net.minecraftforge.fml.javafmlmod.AutomaticEventSubscriber/LOADING]: Attempting to inject @EventBusSubscriber classes into the eventbus for humancompanions
[18May2026 14:31:27.809] [modloading-worker-0/DEBUG] [net.minecraftforge.fml.javafmlmod.AutomaticEventSubscriber/LOADING]: Auto-subscribing com.github.justinwon777.humancompanions.world.ModWorldEvents to FORGE
[18May2026 14:31:27.809] [modloading-worker-0/DEBUG] [net.minecraftforge.fml.javafmlmod.AutomaticEventSubscriber/LOADING]: Auto-subscribing com.github.justinwon777.humancompanions.entity.CompanionEvents to FORGE
[18May2026 14:31:27.810] [modloading-worker-0/DEBUG] [net.minecraftforge.fml.javafmlmod.AutomaticEventSubscriber/LOADING]: Auto-subscribing com.github.justinwon777.humancompanions.core.event.CommonModEvents to MOD
[18May2026 14:31:27.864] [modloading-worker-0/INFO] [com.cobblemon.mod.common.Cobblemon/]: Starting the Best Spawner...
[18May2026 14:31:27.865] [modloading-worker-0/DEBUG] [mixin/]: Mixing SpawningConditionMixin from mythsandlegends-common.cobblemon.mixins.json into com.cobblemon.mod.common.api.spawning.condition.SpawningCondition
[18May2026 14:31:27.874] [modloading-worker-0/INFO] [com.cobblemon.mod.common.Cobblemon/]: Loaded 5 spawning condition types.
[18May2026 14:31:27.900] [modloading-worker-0/INFO] [com.cobblemon.mod.common.Cobblemon/]: Loaded 5 spawning context types.
[18May2026 14:31:27.902] [modloading-worker-0/DEBUG] [mixin/]: Mixing SpawnDetailMixin from mythsandlegends-common.cobblemon.mixins.json into com.cobblemon.mod.common.api.spawning.detail.SpawnDetail
[18May2026 14:31:27.909] [modloading-worker-0/INFO] [com.cobblemon.mod.common.Cobblemon/]: Loaded 1 spawn detail types.
[18May2026 14:31:27.941] [modloading-worker-0/DEBUG] [mixin/]: Mixing LootTablesMixin from placebo.mixins.json into net.minecraft.world.level.storage.loot.LootDataManager
[18May2026 14:31:27.941] [modloading-worker-0/DEBUG] [mixin/]: Renaming synthetic method lambda$apply$0(Lnet/minecraft/world/level/storage/loot/LootDataId;Lnet/minecraft/world/level/storage/loot/LootTable;)V to md740d9a$lambda$apply$0$0 in placebo.mixins.json:LootTablesMixin
[18May2026 14:31:27.944] [modloading-worker-0/DEBUG] [mixin/]: Mixing LootManagerMixin from mixins.cobblemon-forge.json into net.minecraft.world.level.storage.loot.LootDataManager
[18May2026 14:31:27.944] [modloading-worker-0/DEBUG] [mixin/]: mixins.cobblemon-forge.json:LootManagerMixin: Class version 61 required is higher than the class version supported by the current version of Mixin (JAVA_8 supports class version 52)
[18May2026 14:31:27.944] [modloading-worker-0/DEBUG] [mixin/]: Renaming synthetic method lambda$cobblemon$supportICondition$0(Ljava/util/function/BiConsumer;Lnet/minecraft/resources/ResourceLocation;Lcom/google/gson/JsonElement;)V to md740d9a$lambda$cobblemon$supportICondition$0$1 in mixins.cobblemon-forge.json:LootManagerMixin
[18May2026 14:31:27.945] [modloading-worker-0/DEBUG] [mixin/]: Mixing MixinLootDataManager from architectury.mixins.json into net.minecraft.world.level.storage.loot.LootDataManager
[18May2026 14:31:27.955] [modloading-worker-0/DEBUG] [net.minecraftforge.fml.javafmlmod.AutomaticEventSubscriber/LOADING]: Attempting to inject @EventBusSubscriber classes into the eventbus for too_many_bows
[18May2026 14:31:27.955] [modloading-worker-0/DEBUG] [net.minecraftforge.fml.javafmlmod.AutomaticEventSubscriber/LOADING]: Auto-subscribing net.bandit.many_bows.forge.curio.CurioAttacher to FORGE
[18May2026 14:31:27.956] [modloading-worker-0/DEBUG] [net.minecraftforge.fml.javafmlmod.AutomaticEventSubscriber/LOADING]: Auto-subscribing net.bandit.many_bows.forge.ModAttributesForge to MOD
[18May2026 14:31:28.014] [modloading-worker-0/INFO] [Soulslike Weaponry/]: Initializing done, time taken: 529ms
[18May2026 14:31:28.014] [modloading-worker-0/DEBUG] [net.minecraftforge.fml.javafmlmod.AutomaticEventSubscriber/LOADING]: Attempting to inject @EventBusSubscriber classes into the eventbus for soulsweapons
[18May2026 14:31:28.015] [modloading-worker-0/DEBUG] [net.minecraftforge.fml.javafmlmod.AutomaticEventSubscriber/LOADING]: Auto-subscribing net.soulsweaponry.events.ModEvents to FORGE
[18May2026 14:31:28.022] [modloading-worker-0/DEBUG] [net.minecraftforge.fml.javafmlmod.AutomaticEventSubscriber/LOADING]: Auto-subscribing net.soulsweaponry.events.ModBusEvents to MOD
[18May2026 14:31:28.026] [modloading-worker-0/DEBUG] [net.minecraftforge.fml.javafmlmod.AutomaticEventSubscriber/LOADING]: Auto-subscribing net.soulsweaponry.datagen.DataGenerators to MOD
[18May2026 14:31:28.061] [modloading-worker-0/DEBUG] [net.minecraftforge.fml.javafmlmod.AutomaticEventSubscriber/LOADING]: Attempting to inject @EventBusSubscriber classes into the eventbus for irons_lib
[18May2026 14:31:28.061] [modloading-worker-0/DEBUG] [net.minecraftforge.fml.javafmlmod.AutomaticEventSubscriber/LOADING]: Auto-subscribing io.redspace.ironslib.registry.CommandHandler to FORGE
[18May2026 14:31:28.064] [modloading-worker-0/DEBUG] [net.minecraftforge.fml.javafmlmod.AutomaticEventSubscriber/LOADING]: Attempting to inject @EventBusSubscriber classes into the eventbus for attributefix
[18May2026 14:31:28.064] [modloading-worker-0/DEBUG] [net.minecraftforge.fml.javafmlmod.AutomaticEventSubscriber/LOADING]: Auto-subscribing net.darkhax.attributefix.AttributeFixForge to MOD
[18May2026 14:31:28.071] [modloading-worker-0/INFO] [xaero.lib.XaeroLib/]: Registering common data for channel xaerolib:main!
[18May2026 14:31:28.072] [modloading-worker-0/INFO] [xaero.lib.XaeroLib/]: Loading primary common config for channel xaerolib:main!
[18May2026 14:31:28.074] [modloading-worker-0/INFO] [xaero.lib.XaeroLib/]: Loading server config profiles for channel xaerolib:main!
[18May2026 14:31:28.086] [modloading-worker-0/DEBUG] [net.minecraftforge.fml.javafmlmod.AutomaticEventSubscriber/LOADING]: Attempting to inject @EventBusSubscriber classes into the eventbus for goety
[18May2026 14:31:28.088] [modloading-worker-0/DEBUG] [net.minecraftforge.fml.javafmlmod.AutomaticEventSubscriber/LOADING]: Auto-subscribing com.Polarice3.Goety.init.ModLootInject to FORGE
[18May2026 14:31:28.089] [modloading-worker-0/DEBUG] [net.minecraftforge.fml.javafmlmod.AutomaticEventSubscriber/LOADING]: Auto-subscribing com.Polarice3.Goety.init.ModAttributes to MOD
[18May2026 14:31:28.089] [modloading-worker-0/DEBUG] [net.minecraftforge.fml.javafmlmod.AutomaticEventSubscriber/LOADING]: Attempting to inject @EventBusSubscriber classes into the eventbus for xaerolib
[18May2026 14:31:28.092] [modloading-worker-0/DEBUG] [net.minecraftforge.fml.javafmlmod.AutomaticEventSubscriber/LOADING]: Auto-subscribing com.Polarice3.Goety.init.InitEvents to FORGE
[18May2026 14:31:28.093] [modloading-worker-0/DEBUG] [net.minecraftforge.fml.javafmlmod.AutomaticEventSubscriber/LOADING]: Auto-subscribing com.Polarice3.Goety.data.ModDataGenerator to MOD
[18May2026 14:31:28.094] [modloading-worker-0/DEBUG] [net.minecraftforge.fml.javafmlmod.AutomaticEventSubscriber/LOADING]: Auto-subscribing com.Polarice3.Goety.common.events.WitchBarterEvents to FORGE
[18May2026 14:31:28.098] [modloading-worker-0/DEBUG] [net.minecraftforge.fml.javafmlmod.AutomaticEventSubscriber/LOADING]: Auto-subscribing com.Polarice3.Goety.common.events.TimedEvents to FORGE
[18May2026 14:31:28.107] [modloading-worker-0/DEBUG] [net.minecraftforge.fml.javafmlmod.AutomaticEventSubscriber/LOADING]: Auto-subscribing com.Polarice3.Goety.common.events.StunnedEvents to FORGE
[18May2026 14:31:28.112] [modloading-worker-0/DEBUG] [net.minecraftforge.fml.javafmlmod.AutomaticEventSubscriber/LOADING]: Auto-subscribing com.Polarice3.Goety.common.events.SoulEnergyEvents to FORGE
[18May2026 14:31:28.145] [modloading-worker-0/DEBUG] [net.minecraftforge.fml.javafmlmod.AutomaticEventSubscriber/LOADING]: Attempting to inject @EventBusSubscriber classes into the eventbus for lithostitched
[18May2026 14:31:28.146] [modloading-worker-0/DEBUG] [net.minecraftforge.fml.javafmlmod.AutomaticEventSubscriber/LOADING]: Auto-subscribing com.Polarice3.Goety.common.events.ServantEvents to FORGE
[18May2026 14:31:28.146] [modloading-worker-0/DEBUG] [mixin/]: Mixing MixinCaelusApi from caelus.mixins.json into top.theillusivec4.caelus.api.CaelusApi
[18May2026 14:31:28.149] [modloading-worker-0/DEBUG] [net.minecraftforge.fml.javafmlmod.AutomaticEventSubscriber/LOADING]: Attempting to inject @EventBusSubscriber classes into the eventbus for caelus
[18May2026 14:31:28.161] [modloading-worker-0/DEBUG] [net.minecraftforge.fml.javafmlmod.AutomaticEventSubscriber/LOADING]: Auto-subscribing com.Polarice3.Goety.common.events.RobeEvents to FORGE
[18May2026 14:31:28.166] [modloading-worker-0/DEBUG] [net.minecraftforge.fml.config.ConfigTracker/CONFIG]: Config file Obscuria/obscure-api-client.toml for obscure_api tracking
[18May2026 14:31:28.171] [modloading-worker-0/DEBUG] [net.minecraftforge.fml.javafmlmod.AutomaticEventSubscriber/LOADING]: Auto-subscribing com.Polarice3.Goety.common.events.PotionEvents to FORGE
[18May2026 14:31:28.191] [modloading-worker-0/DEBUG] [net.minecraftforge.fml.javafmlmod.AutomaticEventSubscriber/LOADING]: Auto-subscribing com.Polarice3.Goety.common.events.ModEvents to FORGE
[18May2026 14:31:28.212] [modloading-worker-0/DEBUG] [net.minecraftforge.fml.javafmlmod.AutomaticEventSubscriber/LOADING]: Attempting to inject @EventBusSubscriber classes into the eventbus for obscure_api
[18May2026 14:31:28.212] [modloading-worker-0/DEBUG] [net.minecraftforge.fml.javafmlmod.AutomaticEventSubscriber/LOADING]: Auto-subscribing com.obscuria.obscureapi.registry.ObscureAPICommands to FORGE
[18May2026 14:31:28.216] [modloading-worker-0/DEBUG] [net.minecraftforge.fml.javafmlmod.AutomaticEventSubscriber/LOADING]: Auto-subscribing com.Polarice3.Goety.common.events.LichEvents to FORGE
[18May2026 14:31:28.218] [modloading-worker-0/DEBUG] [net.minecraftforge.fml.javafmlmod.AutomaticEventSubscriber/LOADING]: Auto-subscribing com.obscuria.obscureapi.network.ReloadMessage to MOD
[18May2026 14:31:28.219] [modloading-worker-0/DEBUG] [net.minecraftforge.fml.javafmlmod.AutomaticEventSubscriber/LOADING]: Auto-subscribing com.obscuria.obscureapi.network.PlayerDataCapability to MOD
[18May2026 14:31:28.221] [modloading-worker-0/DEBUG] [net.minecraftforge.fml.javafmlmod.AutomaticEventSubscriber/LOADING]: Auto-subscribing com.obscuria.obscureapi.network.PlayerDataCapability$PlayerDataProvider to FORGE
[18May2026 14:31:28.221] [modloading-worker-0/DEBUG] [net.minecraftforge.fml.javafmlmod.AutomaticEventSubscriber/LOADING]: Auto-subscribing com.Polarice3.Goety.common.events.ItemEvents to FORGE
[18May2026 14:31:28.222] [modloading-worker-0/DEBUG] [net.minecraftforge.fml.javafmlmod.AutomaticEventSubscriber/LOADING]: Auto-subscribing com.obscuria.obscureapi.network.PlayerDataCapability$EventBusHandlers to FORGE
[18May2026 14:31:28.228] [modloading-worker-0/DEBUG] [net.minecraftforge.fml.javafmlmod.AutomaticEventSubscriber/LOADING]: Auto-subscribing com.obscuria.obscureapi.network.AnimationStopMessage to MOD
[18May2026 14:31:28.230] [modloading-worker-0/DEBUG] [net.minecraftforge.fml.javafmlmod.AutomaticEventSubscriber/LOADING]: Auto-subscribing com.Polarice3.Goety.common.enchantments.ModEnchantments to MOD
[18May2026 14:31:28.233] [modloading-worker-0/DEBUG] [net.minecraftforge.fml.javafmlmod.AutomaticEventSubscriber/LOADING]: Auto-subscribing com.obscuria.obscureapi.network.AnimationPlayMessage to MOD
[18May2026 14:31:28.241] [modloading-worker-0/DEBUG] [net.minecraftforge.fml.config.ConfigTracker/CONFIG]: Config file epicfight-server.toml for epicfight tracking
[18May2026 14:31:28.243] [modloading-worker-0/DEBUG] [net.minecraftforge.fml.config.ConfigTracker/CONFIG]: Config file wom-client.toml for wom tracking
[18May2026 14:31:28.256] [modloading-worker-0/DEBUG] [net.minecraftforge.fml.config.ConfigTracker/CONFIG]: Config file epicfight-common.toml for epicfight tracking
[18May2026 14:31:28.273] [modloading-worker-0/DEBUG] [net.minecraftforge.fml.javafmlmod.AutomaticEventSubscriber/LOADING]: Attempting to inject @EventBusSubscriber classes into the eventbus for gnumus
[18May2026 14:31:28.273] [modloading-worker-0/DEBUG] [net.minecraftforge.fml.javafmlmod.AutomaticEventSubscriber/LOADING]: Auto-subscribing net.mcreator.gnumus.world.features.StructureFeature to FORGE
[18May2026 14:31:28.274] [modloading-worker-0/DEBUG] [net.minecraftforge.fml.javafmlmod.AutomaticEventSubscriber/LOADING]: Auto-subscribing net.mcreator.gnumus.procedures.OverripeCarrotDropProcedure to FORGE
[18May2026 14:31:28.275] [modloading-worker-0/DEBUG] [net.minecraftforge.fml.javafmlmod.AutomaticEventSubscriber/LOADING]: Auto-subscribing net.mcreator.gnumus.procedures.KillGnumusProcedure to FORGE
[18May2026 14:31:28.276] [modloading-worker-0/DEBUG] [net.minecraftforge.fml.javafmlmod.AutomaticEventSubscriber/LOADING]: Auto-subscribing net.mcreator.gnumus.procedures.KillBigSnoutProcedure to FORGE
[18May2026 14:31:28.276] [modloading-worker-0/DEBUG] [net.minecraftforge.fml.javafmlmod.AutomaticEventSubscriber/LOADING]: Auto-subscribing net.mcreator.gnumus.procedures.BitternessProProcedure to FORGE
[18May2026 14:31:28.277] [modloading-worker-0/DEBUG] [net.minecraftforge.fml.javafmlmod.AutomaticEventSubscriber/LOADING]: Auto-subscribing net.mcreator.gnumus.init.GnumusModGameRules to MOD
[18May2026 14:31:28.278] [modloading-worker-0/DEBUG] [net.minecraftforge.fml.javafmlmod.AutomaticEventSubscriber/LOADING]: Auto-subscribing net.mcreator.gnumus.init.GnumusModFeatures to FORGE
[18May2026 14:31:28.278] [modloading-worker-0/DEBUG] [net.minecraftforge.fml.javafmlmod.AutomaticEventSubscriber/LOADING]: Auto-subscribing net.mcreator.gnumus.init.GnumusModEntities to MOD
[18May2026 14:31:28.279] [modloading-worker-0/DEBUG] [net.minecraftforge.fml.javafmlmod.AutomaticEventSubscriber/LOADING]: Auto-subscribing net.mcreator.gnumus.init.EntityAnimationFactory to FORGE
[18May2026 14:31:28.286] [modloading-worker-0/DEBUG] [mixin/]: Mixing RecipeManagerMixin from soulsweapons.mixins.json into net.minecraft.world.item.crafting.RecipeManager
[18May2026 14:31:28.287] [modloading-worker-0/DEBUG] [mixin/]: Mixing perf.datapack_reload_exceptions.RecipeManagerMixin from modernfix-modernfix.mixins.json into net.minecraft.world.item.crafting.RecipeManager
[18May2026 14:31:28.290] [modloading-worker-0/DEBUG] [epicfight/]: Registered Extendable Enum class yesman.epicfight.api.animation.LivingMotions in living_motion
[18May2026 14:31:28.291] [modloading-worker-0/DEBUG] [epicfight/]: Registered Extendable Enum class yesman.epicfight.skill.SkillCategories in skill_category
[18May2026 14:31:28.294] [modloading-worker-0/DEBUG] [epicfight/]: Registered Extendable Enum class yesman.epicfight.skill.SkillSlots in skill_slot
[18May2026 14:31:28.297] [modloading-worker-0/DEBUG] [epicfight/]: Registered Extendable Enum class yesman.epicfight.world.capabilities.item.CapabilityItem$Styles in style
[18May2026 14:31:28.300] [modloading-worker-0/DEBUG] [epicfight/]: Registered Extendable Enum class yesman.epicfight.world.capabilities.item.CapabilityItem$WeaponCategories in weapon_category
[18May2026 14:31:28.301] [modloading-worker-0/DEBUG] [net.minecraftforge.fml.javafmlmod.AutomaticEventSubscriber/LOADING]: Attempting to inject @EventBusSubscriber classes into the eventbus for fastsuite
[18May2026 14:31:28.302] [modloading-worker-0/DEBUG] [net.minecraftforge.fml.javafmlmod.AutomaticEventSubscriber/LOADING]: Attempting to inject @EventBusSubscriber classes into the eventbus for clumps
[18May2026 14:31:28.305] [modloading-worker-0/DEBUG] [net.minecraftforge.fml.config.ConfigTracker/CONFIG]: Config file mobhealthbar-client.toml for mobhealthbar tracking
[18May2026 14:31:28.308] [modloading-worker-0/DEBUG] [net.minecraftforge.fml.javafmlmod.AutomaticEventSubscriber/LOADING]: Attempting to inject @EventBusSubscriber classes into the eventbus for mobhealthbar
[18May2026 14:31:28.305] [modloading-worker-0/DEBUG] [epicfight/]: Registered Extendable Enum class yesman.epicfight.world.capabilities.entitypatch.Factions in faction
[18May2026 14:31:28.310] [modloading-worker-0/DEBUG] [epicfight/]: Registered Extendable Enum class yesman.epicfight.network.EntityPairingPacketTypes in entity_pairing_packet_type
[18May2026 14:31:28.330] [modloading-worker-0/DEBUG] [mixin/]: Mixing MixinPlayerList from xaeroworldmap.mixins.json into net.minecraft.server.players.PlayerList
[18May2026 14:31:28.330] [modloading-worker-0/DEBUG] [mixin/]: Mixing perf.smart_ingredient_sync.PlayerListMixin from modernfix-modernfix.mixins.json into net.minecraft.server.players.PlayerList
[18May2026 14:31:28.332] [modloading-worker-0/DEBUG] [mixin/]: Mixing PlayerListMixin from balm.mixins.json into net.minecraft.server.players.PlayerList
[18May2026 14:31:28.333] [modloading-worker-0/DEBUG] [mixin/]: Mixing MixinPlayerList from xaerolib.mixins.json into net.minecraft.server.players.PlayerList
[18May2026 14:31:28.334] [modloading-worker-0/DEBUG] [mixin/]: Mixing MixinPlayerList from xaerohud.mixins.json into net.minecraft.server.players.PlayerList
[18May2026 14:31:28.334] [modloading-worker-0/DEBUG] [mixin/]: Mixing camera.PlayerListMixin from ars_nouveau.mixins.json into net.minecraft.server.players.PlayerList
[18May2026 14:31:28.347] [modloading-worker-0/DEBUG] [net.minecraftforge.fml.config.ConfigTracker/CONFIG]: Config file travelersbackpack-server.toml for travelersbackpack tracking
[18May2026 14:31:28.347] [modloading-worker-0/INFO] [STDOUT/]: [com.tiviacz.travelersbackpack.TravelersBackpack:readOldCommonConfig:180]: curiosIntegration not found in the [common.backpackSettings] section.
[18May2026 14:31:28.348] [modloading-worker-0/DEBUG] [net.minecraftforge.fml.config.ConfigTracker/CONFIG]: Config file travelersbackpack-common.toml for travelersbackpack tracking
[18May2026 14:31:28.349] [modloading-worker-0/DEBUG] [net.minecraftforge.fml.config.ConfigTracker/CONFIG]: Config file travelersbackpack-client.toml for travelersbackpack tracking
[18May2026 14:31:28.368] [modloading-worker-0/DEBUG] [net.minecraftforge.fml.javafmlmod.AutomaticEventSubscriber/LOADING]: Attempting to inject @EventBusSubscriber classes into the eventbus for wom
[18May2026 14:31:28.368] [modloading-worker-0/DEBUG] [net.minecraftforge.fml.javafmlmod.AutomaticEventSubscriber/LOADING]: Auto-subscribing reascer.wom.world.loot.WOMLootDropTables to MOD
[18May2026 14:31:28.370] [modloading-worker-0/DEBUG] [net.minecraftforge.fml.javafmlmod.AutomaticEventSubscriber/LOADING]: Auto-subscribing reascer.wom.world.loot.WOMChestLootTables to FORGE
[18May2026 14:31:28.372] [modloading-worker-0/DEBUG] [net.minecraftforge.fml.javafmlmod.AutomaticEventSubscriber/LOADING]: Auto-subscribing reascer.wom.world.capabilities.item.WOMWeaponCapabilityPresets to MOD
[18May2026 14:31:28.375] [modloading-worker-0/DEBUG] [thedarkcolour.kotlinforforge.LoggerKt/LOADING]: Attempting to inject @EventBusSubscriber kotlin objects in to the event bus for cobblemon
[18May2026 14:31:28.385] [modloading-worker-0/DEBUG] [net.minecraftforge.fml.javafmlmod.AutomaticEventSubscriber/LOADING]: Auto-subscribing reascer.wom.gameasset.animations.weapons.AnimsSolar to MOD
[18May2026 14:31:28.392] [modloading-worker-0/DEBUG] [net.minecraftforge.fml.javafmlmod.AutomaticEventSubscriber/LOADING]: Auto-subscribing reascer.wom.gameasset.animations.weapons.AnimsSatsujin to MOD
[18May2026 14:31:28.394] [modloading-worker-0/DEBUG] [net.minecraftforge.fml.javafmlmod.AutomaticEventSubscriber/LOADING]: Auto-subscribing reascer.wom.gameasset.animations.weapons.AnimsRuine to MOD
[18May2026 14:31:28.400] [modloading-worker-0/DEBUG] [net.minecraftforge.fml.javafmlmod.AutomaticEventSubscriber/LOADING]: Auto-subscribing reascer.wom.gameasset.animations.weapons.AnimsOrbit to MOD
[18May2026 14:31:28.402] [modloading-worker-0/DEBUG] [net.minecraftforge.fml.javafmlmod.AutomaticEventSubscriber/LOADING]: Auto-subscribing reascer.wom.gameasset.animations.weapons.AnimsNova to MOD
[18May2026 14:31:28.403] [modloading-worker-0/DEBUG] [net.minecraftforge.fml.javafmlmod.AutomaticEventSubscriber/LOADING]: Auto-subscribing reascer.wom.gameasset.animations.weapons.AnimsNapoleon to MOD
[18May2026 14:31:28.405] [modloading-worker-0/DEBUG] [net.minecraftforge.fml.javafmlmod.AutomaticEventSubscriber/LOADING]: Auto-subscribing reascer.wom.gameasset.animations.weapons.AnimsMoonless to MOD
[18May2026 14:31:28.407] [modloading-worker-0/DEBUG] [net.minecraftforge.fml.config.ConfigTracker/CONFIG]: Config file smarterfarmers-common.toml for smarterfarmers tracking
[18May2026 14:31:28.412] [modloading-worker-0/DEBUG] [net.minecraftforge.fml.javafmlmod.AutomaticEventSubscriber/LOADING]: Auto-subscribing reascer.wom.gameasset.animations.weapons.AnimsHerrscher to MOD
[18May2026 14:31:28.414] [modloading-worker-0/DEBUG] [net.minecraftforge.fml.javafmlmod.AutomaticEventSubscriber/LOADING]: Attempting to inject @EventBusSubscriber classes into the eventbus for smarterfarmers
[18May2026 14:31:28.417] [modloading-worker-0/DEBUG] [net.minecraftforge.fml.javafmlmod.AutomaticEventSubscriber/LOADING]: Auto-subscribing reascer.wom.gameasset.animations.weapons.AnimsEnderblaster to MOD
[18May2026 14:31:28.420] [modloading-worker-0/DEBUG] [net.minecraftforge.fml.config.ConfigTracker/CONFIG]: Config file explorerscompass-common.toml for explorerscompass tracking
[18May2026 14:31:28.420] [modloading-worker-0/DEBUG] [net.minecraftforge.fml.config.ConfigTracker/CONFIG]: Config file explorerscompass-client.toml for explorerscompass tracking
[18May2026 14:31:28.420] [modloading-worker-0/DEBUG] [net.minecraftforge.fml.javafmlmod.AutomaticEventSubscriber/LOADING]: Attempting to inject @EventBusSubscriber classes into the eventbus for explorerscompass
[18May2026 14:31:28.420] [modloading-worker-0/DEBUG] [net.minecraftforge.fml.javafmlmod.AutomaticEventSubscriber/LOADING]: Auto-subscribing com.chaosthedude.explorerscompass.registry.ExplorersCompassRegistry to MOD
[18May2026 14:31:28.418] [modloading-worker-0/INFO] [epicfight/]: Loaded mod compat: GeckolibCompat
[18May2026 14:31:28.421] [modloading-worker-0/DEBUG] [net.minecraftforge.fml.javafmlmod.AutomaticEventSubscriber/LOADING]: Auto-subscribing reascer.wom.gameasset.animations.weapons.AnimsAgony to MOD
[18May2026 14:31:28.424] [modloading-worker-0/DEBUG] [net.minecraftforge.fml.javafmlmod.AutomaticEventSubscriber/LOADING]: Auto-subscribing reascer.wom.gameasset.WOMSkills to MOD
[18May2026 14:31:28.427] [modloading-worker-0/INFO] [epicfight/]: Loaded mod compat: IceAndFireCompat
[18May2026 14:31:28.427] [modloading-worker-0/INFO] [epicfight/]: Loaded mod compat: CuriosCompat
[18May2026 14:31:28.428] [modloading-worker-0/INFO] [epicfight/]: Loaded mod compat: PlayerAnimatorCompat
[18May2026 14:31:28.428] [modloading-worker-0/DEBUG] [net.minecraftforge.fml.javafmlmod.AutomaticEventSubscriber/LOADING]: Attempting to inject @EventBusSubscriber classes into the eventbus for epicfight
[18May2026 14:31:28.428] [modloading-worker-0/DEBUG] [net.minecraftforge.fml.javafmlmod.AutomaticEventSubscriber/LOADING]: Auto-subscribing yesman.epicfight.world.entity.ai.attribute.EpicFightAttributes to MOD
[18May2026 14:31:28.432] [modloading-worker-0/DEBUG] [net.minecraftforge.fml.javafmlmod.AutomaticEventSubscriber/LOADING]: Auto-subscribing yesman.epicfight.main.EpicFightMod$ServerForgeEvents to FORGE
[18May2026 14:31:28.433] [modloading-worker-0/DEBUG] [net.minecraftforge.fml.javafmlmod.AutomaticEventSubscriber/LOADING]: Auto-subscribing yesman.epicfight.gameasset.EpicFightSkills to MOD
[18May2026 14:31:28.438] [modloading-worker-0/DEBUG] [net.minecraftforge.fml.config.ConfigTracker/CONFIG]: Config file iceandfire-client.toml for iceandfire tracking
[18May2026 14:31:28.438] [modloading-worker-0/DEBUG] [net.minecraftforge.fml.config.ConfigTracker/CONFIG]: Config file iceandfire-common.toml for iceandfire tracking
[18May2026 14:31:28.440] [modloading-worker-0/DEBUG] [net.minecraftforge.fml.javafmlmod.AutomaticEventSubscriber/LOADING]: Auto-subscribing yesman.epicfight.gameasset.Animations to MOD
[18May2026 14:31:28.441] [modloading-worker-0/DEBUG] [net.minecraftforge.fml.javafmlmod.AutomaticEventSubscriber/LOADING]: Auto-subscribing reascer.wom.gameasset.WOMAnimations to MOD
[18May2026 14:31:28.470] [modloading-worker-0/DEBUG] [net.minecraftforge.fml.javafmlmod.AutomaticEventSubscriber/LOADING]: Auto-subscribing reascer.wom.events.WOMLivingEntityEvents to FORGE
[18May2026 14:31:28.476] [modloading-worker-0/DEBUG] [net.minecraftforge.fml.javafmlmod.AutomaticEventSubscriber/LOADING]: Auto-subscribing yesman.epicfight.events.WorldEvents to FORGE
[18May2026 14:31:28.478] [modloading-worker-0/DEBUG] [net.minecraftforge.fml.javafmlmod.AutomaticEventSubscriber/LOADING]: Auto-subscribing yesman.epicfight.events.PlayerEvents to FORGE
[18May2026 14:31:28.485] [modloading-worker-0/DEBUG] [net.minecraftforge.fml.javafmlmod.AutomaticEventSubscriber/LOADING]: Auto-subscribing reascer.wom.events.PatchedRegisterModBusEvents to MOD
[18May2026 14:31:28.487] [modloading-worker-0/DEBUG] [net.minecraftforge.fml.javafmlmod.AutomaticEventSubscriber/LOADING]: Auto-subscribing yesman.epicfight.events.EntityEvents to FORGE
[18May2026 14:31:28.488] [modloading-worker-0/DEBUG] [net.minecraftforge.fml.javafmlmod.AutomaticEventSubscriber/LOADING]: Attempting to inject @EventBusSubscriber classes into the eventbus for memoryleakfix
[18May2026 14:31:28.498] [modloading-worker-0/DEBUG] [net.minecraftforge.fml.javafmlmod.AutomaticEventSubscriber/LOADING]: Attempting to inject @EventBusSubscriber classes into the eventbus for interaction_boxes
[18May2026 14:31:28.502] [modloading-worker-0/DEBUG] [net.minecraftforge.fml.javafmlmod.AutomaticEventSubscriber/LOADING]: Auto-subscribing yesman.epicfight.events.CapabilityEvents to FORGE
[18May2026 14:31:28.504] [modloading-worker-0/DEBUG] [net.minecraftforge.fml.javafmlmod.AutomaticEventSubscriber/LOADING]: Auto-subscribing yesman.epicfight.data.loot.EpicFightLootTables to FORGE
[18May2026 14:31:28.504] [modloading-worker-0/DEBUG] [net.minecraftforge.fml.javafmlmod.AutomaticEventSubscriber/LOADING]: Auto-subscribing yesman.epicfight.config.ServerConfig to MOD
[18May2026 14:31:28.504] [modloading-worker-0/DEBUG] [net.minecraftforge.fml.javafmlmod.AutomaticEventSubscriber/LOADING]: Auto-subscribing yesman.epicfight.config.CommonConfig to MOD
[18May2026 14:31:28.516] [modloading-worker-0/INFO] [coroutil/]: forge loader environment detected
[18May2026 14:31:28.530] [modloading-worker-0/DEBUG] [net.minecraftforge.fml.config.ConfigTracker/CONFIG]: Config file watut-common.toml for watut tracking
[18May2026 14:31:28.535] [modloading-worker-0/DEBUG] [net.minecraftforge.fml.config.ConfigTracker/CONFIG]: Config file watut-server.toml for watut tracking
[18May2026 14:31:28.539] [modloading-worker-0/DEBUG] [net.minecraftforge.fml.config.ConfigTracker/CONFIG]: Config file watut-client.toml for watut tracking
[18May2026 14:31:28.574] [modloading-worker-0/DEBUG] [net.minecraftforge.fml.javafmlmod.AutomaticEventSubscriber/LOADING]: Attempting to inject @EventBusSubscriber classes into the eventbus for watut
[18May2026 14:31:28.574] [modloading-worker-0/DEBUG] [net.minecraftforge.fml.javafmlmod.AutomaticEventSubscriber/LOADING]: Auto-subscribing com.corosus.watut.loader.forge.EventHandlerForge to MOD
[18May2026 14:31:28.608] [modloading-worker-0/DEBUG] [net.minecraftforge.fml.javafmlmod.AutomaticEventSubscriber/LOADING]: Attempting to inject @EventBusSubscriber classes into the eventbus for luckperms
[18May2026 14:31:28.612] [modloading-worker-0/DEBUG] [net.minecraftforge.fml.javafmlmod.AutomaticEventSubscriber/LOADING]: Attempting to inject @EventBusSubscriber classes into the eventbus for dungeons_arise_seven_seas
[18May2026 14:31:28.615] [modloading-worker-0/DEBUG] [net.minecraftforge.versions.forge.ForgeVersion/CORE]: Forge Version package package net.minecraftforge.versions.forge, Forge, version 47.4 from cpw.mods.modlauncher.TransformingClassLoader@661e279d
[18May2026 14:31:28.615] [modloading-worker-0/DEBUG] [net.minecraftforge.versions.forge.ForgeVersion/CORE]: Found Forge version 47.4.0
[18May2026 14:31:28.615] [modloading-worker-0/DEBUG] [net.minecraftforge.versions.forge.ForgeVersion/CORE]: Found Forge spec 47.4
[18May2026 14:31:28.615] [modloading-worker-0/DEBUG] [net.minecraftforge.versions.forge.ForgeVersion/CORE]: Found Forge group net.minecraftforge
[18May2026 14:31:28.616] [modloading-worker-0/DEBUG] [net.minecraftforge.versions.mcp.MCPVersion/CORE]: MCP Version package package net.minecraftforge.versions.mcp, Minecraft, version 1.20.1 from cpw.mods.modlauncher.TransformingClassLoader@661e279d
[18May2026 14:31:28.616] [modloading-worker-0/DEBUG] [net.minecraftforge.versions.mcp.MCPVersion/CORE]: Found MC version information 1.20.1
[18May2026 14:31:28.616] [modloading-worker-0/DEBUG] [net.minecraftforge.versions.mcp.MCPVersion/CORE]: Found MCP version information 20230612.114412
[18May2026 14:31:28.616] [modloading-worker-0/INFO] [net.minecraftforge.common.ForgeMod/FORGEMOD]: Forge mod loading, version 47.4.0, for MC 1.20.1 with MCP 20230612.114412
[18May2026 14:31:28.620] [modloading-worker-0/INFO] [net.minecraftforge.common.MinecraftForge/FORGE]: MinecraftForge v47.4.0 Initialized
[18May2026 14:31:28.684] [modloading-worker-0/DEBUG] [net.minecraftforge.fml.config.ConfigTracker/CONFIG]: Config file ars_nouveau/glyph_projectile.toml for ars_nouveau tracking
[18May2026 14:31:28.686] [modloading-worker-0/DEBUG] [net.minecraftforge.fml.config.ConfigTracker/CONFIG]: Config file ars_nouveau/glyph_touch.toml for ars_nouveau tracking
[18May2026 14:31:28.688] [modloading-worker-0/DEBUG] [net.minecraftforge.fml.config.ConfigTracker/CONFIG]: Config file forge-client.toml for forge tracking
[18May2026 14:31:28.689] [modloading-worker-0/DEBUG] [net.minecraftforge.fml.config.ConfigTracker/CONFIG]: Config file forge-server.toml for forge tracking
[18May2026 14:31:28.689] [modloading-worker-0/DEBUG] [net.minecraftforge.fml.ModLoadingContext/]: Attempted to register an empty config for type COMMON on mod forge
[18May2026 14:31:28.689] [modloading-worker-0/DEBUG] [net.minecraftforge.fml.config.ConfigTracker/CONFIG]: Config file ars_nouveau/glyph_self.toml for ars_nouveau tracking
[18May2026 14:31:28.695] [modloading-worker-0/DEBUG] [net.minecraftforge.fml.config.ConfigTracker/CONFIG]: Config file ars_nouveau/glyph_break.toml for ars_nouveau tracking
[18May2026 14:31:28.698] [modloading-worker-0/DEBUG] [net.minecraftforge.fml.config.ConfigTracker/CONFIG]: Config file ars_nouveau/glyph_harm.toml for ars_nouveau tracking
[18May2026 14:31:28.698] [modloading-worker-0/DEBUG] [net.minecraftforge.fml.config.ConfigTracker/CONFIG]: Config file ars_nouveau/glyph_ignite.toml for ars_nouveau tracking
[18May2026 14:31:28.699] [modloading-worker-0/DEBUG] [net.minecraftforge.fml.config.ConfigTracker/CONFIG]: Config file ars_nouveau/glyph_phantom_block.toml for ars_nouveau tracking
[18May2026 14:31:28.699] [modloading-worker-0/DEBUG] [net.minecraftforge.fml.config.ConfigTracker/CONFIG]: Config file ars_nouveau/glyph_heal.toml for ars_nouveau tracking
[18May2026 14:31:28.699] [modloading-worker-0/DEBUG] [net.minecraftforge.fml.config.ConfigTracker/CONFIG]: Config file ars_nouveau/glyph_grow.toml for ars_nouveau tracking
[18May2026 14:31:28.707] [modloading-worker-0/DEBUG] [net.minecraftforge.fml.config.ConfigTracker/CONFIG]: Config file ars_nouveau/glyph_gust.toml for ars_nouveau tracking
[18May2026 14:31:28.709] [modloading-worker-0/DEBUG] [net.minecraftforge.fml.javafmlmod.AutomaticEventSubscriber/LOADING]: Attempting to inject @EventBusSubscriber classes into the eventbus for forge
[18May2026 14:31:28.709] [modloading-worker-0/DEBUG] [net.minecraftforge.fml.javafmlmod.AutomaticEventSubscriber/LOADING]: Auto-subscribing net.minecraftforge.common.ForgeSpawnEggItem$CommonHandler to MOD
[18May2026 14:31:28.710] [modloading-worker-0/DEBUG] [net.minecraftforge.fml.config.ConfigTracker/CONFIG]: Config file ars_nouveau/glyph_light.toml for ars_nouveau tracking
[18May2026 14:31:28.712] [modloading-worker-0/DEBUG] [net.minecraftforge.fml.config.ConfigTracker/CONFIG]: Config file ars_nouveau/glyph_dispel.toml for ars_nouveau tracking
[18May2026 14:31:28.712] [modloading-worker-0/DEBUG] [net.minecraftforge.fml.config.ConfigTracker/CONFIG]: Config file ars_nouveau/glyph_launch.toml for ars_nouveau tracking
[18May2026 14:31:28.713] [modloading-worker-0/DEBUG] [net.minecraftforge.fml.config.ConfigTracker/CONFIG]: Config file ars_nouveau/glyph_pull.toml for ars_nouveau tracking
[18May2026 14:31:28.713] [modloading-worker-0/DEBUG] [net.minecraftforge.fml.config.ConfigTracker/CONFIG]: Config file ars_nouveau/glyph_blink.toml for ars_nouveau tracking
[18May2026 14:31:28.714] [modloading-worker-0/DEBUG] [net.minecraftforge.fml.config.ConfigTracker/CONFIG]: Config file ars_nouveau/glyph_explosion.toml for ars_nouveau tracking
[18May2026 14:31:28.718] [modloading-worker-0/DEBUG] [travelerstitles/]: Loaded com.yungnickyoung.minecraft.travelerstitles.services.ForgePlatformHelper@31391c5e for service interface com.yungnickyoung.minecraft.travelerstitles.services.IPlatformHelper
[18May2026 14:31:28.719] [modloading-worker-0/DEBUG] [net.minecraftforge.fml.config.ConfigTracker/CONFIG]: Config file ars_nouveau/glyph_lightning.toml for ars_nouveau tracking
[18May2026 14:31:28.722] [modloading-worker-0/DEBUG] [net.minecraftforge.fml.config.ConfigTracker/CONFIG]: Config file ars_nouveau/glyph_slowfall.toml for ars_nouveau tracking
[18May2026 14:31:28.722] [modloading-worker-0/DEBUG] [travelerstitles/]: Loaded com.yungnickyoung.minecraft.travelerstitles.services.ForgeModulesLoader@6a4dd106 for service interface com.yungnickyoung.minecraft.travelerstitles.services.IModulesLoader
[18May2026 14:31:28.723] [modloading-worker-0/DEBUG] [travelerstitles/]: Loaded com.yungnickyoung.minecraft.travelerstitles.services.ForgeConfigReloader@2695c51f for service interface com.yungnickyoung.minecraft.travelerstitles.services.IConfigReloader
[18May2026 14:31:28.723] [modloading-worker-0/DEBUG] [net.minecraftforge.fml.config.ConfigTracker/CONFIG]: Config file ars_nouveau/glyph_fangs.toml for ars_nouveau tracking
[18May2026 14:31:28.724] [modloading-worker-0/DEBUG] [net.minecraftforge.fml.config.ConfigTracker/CONFIG]: Config file ars_nouveau/glyph_summon_vex.toml for ars_nouveau tracking
[18May2026 14:31:28.724] [modloading-worker-0/DEBUG] [net.minecraftforge.fml.config.ConfigTracker/CONFIG]: Config file ars_nouveau/glyph_accelerate.toml for ars_nouveau tracking
[18May2026 14:31:28.724] [modloading-worker-0/DEBUG] [net.minecraftforge.fml.config.ConfigTracker/CONFIG]: Config file ars_nouveau/glyph_decelerate.toml for ars_nouveau tracking
[18May2026 14:31:28.727] [modloading-worker-0/DEBUG] [net.minecraftforge.fml.config.ConfigTracker/CONFIG]: Config file ars_nouveau/glyph_split.toml for ars_nouveau tracking
[18May2026 14:31:28.725] [modloading-worker-0/DEBUG] [travelerstitles/]: Loaded com.yungnickyoung.minecraft.travelerstitles.services.ForgeWaystonesCompatHelper@893f907 for service interface com.yungnickyoung.minecraft.travelerstitles.services.IWaystonesCompatHelper
[18May2026 14:31:28.728] [modloading-worker-0/DEBUG] [net.minecraftforge.fml.javafmlmod.AutomaticEventSubscriber/LOADING]: Attempting to inject @EventBusSubscriber classes into the eventbus for travelerstitles
[18May2026 14:31:28.728] [modloading-worker-0/DEBUG] [net.minecraftforge.fml.config.ConfigTracker/CONFIG]: Config file ars_nouveau/glyph_amplify.toml for ars_nouveau tracking
[18May2026 14:31:28.732] [modloading-worker-0/DEBUG] [net.minecraftforge.fml.config.ConfigTracker/CONFIG]: Config file ars_nouveau/glyph_aoe.toml for ars_nouveau tracking
[18May2026 14:31:28.732] [modloading-worker-0/DEBUG] [net.minecraftforge.fml.config.ConfigTracker/CONFIG]: Config file ars_nouveau/glyph_extend_time.toml for ars_nouveau tracking
[18May2026 14:31:28.732] [modloading-worker-0/DEBUG] [net.minecraftforge.fml.config.ConfigTracker/CONFIG]: Config file ars_nouveau/glyph_pierce.toml for ars_nouveau tracking
[18May2026 14:31:28.732] [modloading-worker-0/DEBUG] [net.minecraftforge.fml.config.ConfigTracker/CONFIG]: Config file ars_nouveau/glyph_dampen.toml for ars_nouveau tracking
[18May2026 14:31:28.732] [modloading-worker-0/DEBUG] [net.minecraftforge.fml.config.ConfigTracker/CONFIG]: Config file ars_nouveau/glyph_extract.toml for ars_nouveau tracking
[18May2026 14:31:28.732] [modloading-worker-0/DEBUG] [net.minecraftforge.fml.config.ConfigTracker/CONFIG]: Config file ars_nouveau/glyph_fortune.toml for ars_nouveau tracking
[18May2026 14:31:28.733] [modloading-worker-0/DEBUG] [net.minecraftforge.fml.javafmlmod.AutomaticEventSubscriber/LOADING]: Attempting to inject @EventBusSubscriber classes into the eventbus for tlskincape
[18May2026 14:31:28.733] [modloading-worker-0/DEBUG] [net.minecraftforge.fml.config.ConfigTracker/CONFIG]: Config file ars_nouveau/glyph_ender_inventory.toml for ars_nouveau tracking
[18May2026 14:31:28.734] [modloading-worker-0/DEBUG] [net.minecraftforge.fml.config.ConfigTracker/CONFIG]: Config file ars_nouveau/glyph_harvest.toml for ars_nouveau tracking
[18May2026 14:31:28.734] [modloading-worker-0/DEBUG] [net.minecraftforge.fml.config.ConfigTracker/CONFIG]: Config file ars_nouveau/glyph_fell.toml for ars_nouveau tracking
[18May2026 14:31:28.734] [modloading-worker-0/DEBUG] [net.minecraftforge.fml.config.ConfigTracker/CONFIG]: Config file ars_nouveau/glyph_pickup.toml for ars_nouveau tracking
[18May2026 14:31:28.735] [modloading-worker-0/DEBUG] [net.minecraftforge.fml.config.ConfigTracker/CONFIG]: Config file ars_nouveau/glyph_interact.toml for ars_nouveau tracking
[18May2026 14:31:28.735] [modloading-worker-0/DEBUG] [net.minecraftforge.fml.javafmlmod.AutomaticEventSubscriber/LOADING]: Attempting to inject @EventBusSubscriber classes into the eventbus for dungeons_arise
[18May2026 14:31:28.735] [modloading-worker-0/DEBUG] [net.minecraftforge.fml.config.ConfigTracker/CONFIG]: Config file ars_nouveau/glyph_place_block.toml for ars_nouveau tracking
[18May2026 14:31:28.739] [modloading-worker-0/DEBUG] [net.minecraftforge.fml.config.ConfigTracker/CONFIG]: Config file ars_nouveau/glyph_snare.toml for ars_nouveau tracking
[18May2026 14:31:28.740] [modloading-worker-0/DEBUG] [net.minecraftforge.fml.config.ConfigTracker/CONFIG]: Config file ars_nouveau/glyph_smelt.toml for ars_nouveau tracking
[18May2026 14:31:28.740] [modloading-worker-0/DEBUG] [net.minecraftforge.fml.config.ConfigTracker/CONFIG]: Config file ars_nouveau/glyph_leap.toml for ars_nouveau tracking
[18May2026 14:31:28.743] [modloading-worker-0/DEBUG] [net.minecraftforge.fml.config.ConfigTracker/CONFIG]: Config file ars_nouveau/glyph_delay.toml for ars_nouveau tracking
[18May2026 14:31:28.743] [modloading-worker-0/DEBUG] [net.minecraftforge.fml.config.ConfigTracker/CONFIG]: Config file ars_nouveau/glyph_redstone_signal.toml for ars_nouveau tracking
[18May2026 14:31:28.744] [modloading-worker-0/DEBUG] [net.minecraftforge.fml.config.ConfigTracker/CONFIG]: Config file ars_nouveau/glyph_intangible.toml for ars_nouveau tracking
[18May2026 14:31:28.744] [modloading-worker-0/DEBUG] [net.minecraftforge.fml.config.ConfigTracker/CONFIG]: Config file ars_nouveau/glyph_invisibility.toml for ars_nouveau tracking
[18May2026 14:31:28.744] [modloading-worker-0/DEBUG] [net.minecraftforge.fml.config.ConfigTracker/CONFIG]: Config file ars_nouveau/glyph_duration_down.toml for ars_nouveau tracking
[18May2026 14:31:28.746] [modloading-worker-0/DEBUG] [net.minecraftforge.fml.config.ConfigTracker/CONFIG]: Config file ars_nouveau/glyph_wither.toml for ars_nouveau tracking
[18May2026 14:31:28.755] [modloading-worker-0/DEBUG] [net.minecraftforge.fml.config.ConfigTracker/CONFIG]: Config file ars_nouveau/glyph_exchange.toml for ars_nouveau tracking
[18May2026 14:31:28.755] [modloading-worker-0/DEBUG] [net.minecraftforge.fml.config.ConfigTracker/CONFIG]: Config file ars_nouveau/glyph_craft.toml for ars_nouveau tracking
[18May2026 14:31:28.757] [modloading-worker-0/DEBUG] [net.minecraftforge.fml.config.ConfigTracker/CONFIG]: Config file ars_nouveau/glyph_flare.toml for ars_nouveau tracking
[18May2026 14:31:28.759] [modloading-worker-0/DEBUG] [net.minecraftforge.fml.config.ConfigTracker/CONFIG]: Config file ars_nouveau/glyph_cold_snap.toml for ars_nouveau tracking
[18May2026 14:31:28.760] [modloading-worker-0/DEBUG] [net.minecraftforge.fml.config.ConfigTracker/CONFIG]: Config file ars_nouveau/glyph_conjure_water.toml for ars_nouveau tracking
[18May2026 14:31:28.760] [modloading-worker-0/DEBUG] [net.minecraftforge.fml.config.ConfigTracker/CONFIG]: Config file ars_nouveau/glyph_gravity.toml for ars_nouveau tracking
[18May2026 14:31:28.761] [modloading-worker-0/DEBUG] [net.minecraftforge.fml.config.ConfigTracker/CONFIG]: Config file ars_nouveau/glyph_cut.toml for ars_nouveau tracking
[18May2026 14:31:28.761] [modloading-worker-0/DEBUG] [net.minecraftforge.fml.config.ConfigTracker/CONFIG]: Config file ars_nouveau/glyph_crush.toml for ars_nouveau tracking
[18May2026 14:31:28.761] [modloading-worker-0/DEBUG] [net.minecraftforge.fml.config.ConfigTracker/CONFIG]: Config file ars_nouveau/glyph_summon_wolves.toml for ars_nouveau tracking
[18May2026 14:31:28.762] [modloading-worker-0/DEBUG] [net.minecraftforge.fml.config.ConfigTracker/CONFIG]: Config file ars_nouveau/glyph_summon_steed.toml for ars_nouveau tracking
[18May2026 14:31:28.766] [modloading-worker-0/DEBUG] [net.minecraftforge.fml.config.ConfigTracker/CONFIG]: Config file ars_nouveau/glyph_summon_decoy.toml for ars_nouveau tracking
[18May2026 14:31:28.767] [modloading-worker-0/DEBUG] [net.minecraftforge.fml.config.ConfigTracker/CONFIG]: Config file ars_nouveau/glyph_hex.toml for ars_nouveau tracking
[18May2026 14:31:28.767] [modloading-worker-0/DEBUG] [net.minecraftforge.fml.config.ConfigTracker/CONFIG]: Config file ars_nouveau/glyph_underfoot.toml for ars_nouveau tracking
[18May2026 14:31:28.767] [modloading-worker-0/DEBUG] [net.minecraftforge.fml.config.ConfigTracker/CONFIG]: Config file ars_nouveau/glyph_glide.toml for ars_nouveau tracking
[18May2026 14:31:28.768] [modloading-worker-0/DEBUG] [net.minecraftforge.fml.config.ConfigTracker/CONFIG]: Config file ars_nouveau/glyph_rune.toml for ars_nouveau tracking
[18May2026 14:31:28.768] [modloading-worker-0/DEBUG] [net.minecraftforge.fml.config.ConfigTracker/CONFIG]: Config file ars_nouveau/glyph_freeze.toml for ars_nouveau tracking
[18May2026 14:31:28.768] [modloading-worker-0/DEBUG] [net.minecraftforge.fml.config.ConfigTracker/CONFIG]: Config file ars_nouveau/glyph_name.toml for ars_nouveau tracking
[18May2026 14:31:28.769] [modloading-worker-0/DEBUG] [net.minecraftforge.fml.config.ConfigTracker/CONFIG]: Config file ars_nouveau/glyph_summon_undead.toml for ars_nouveau tracking
[18May2026 14:31:28.770] [modloading-worker-0/DEBUG] [net.minecraftforge.fml.config.ConfigTracker/CONFIG]: Config file ars_nouveau/glyph_firework.toml for ars_nouveau tracking
[18May2026 14:31:28.771] [modloading-worker-0/DEBUG] [net.minecraftforge.fml.config.ConfigTracker/CONFIG]: Config file ars_nouveau/glyph_toss.toml for ars_nouveau tracking
[18May2026 14:31:28.774] [modloading-worker-0/DEBUG] [net.minecraftforge.fml.config.ConfigTracker/CONFIG]: Config file ars_nouveau/glyph_bounce.toml for ars_nouveau tracking
[18May2026 14:31:28.774] [modloading-worker-0/DEBUG] [net.minecraftforge.fml.config.ConfigTracker/CONFIG]: Config file ars_nouveau/glyph_sensitive.toml for ars_nouveau tracking
[18May2026 14:31:28.775] [modloading-worker-0/DEBUG] [net.minecraftforge.fml.config.ConfigTracker/CONFIG]: Config file ars_nouveau/glyph_wind_shear.toml for ars_nouveau tracking
[18May2026 14:31:28.777] [modloading-worker-0/DEBUG] [net.minecraftforge.fml.config.ConfigTracker/CONFIG]: Config file ars_nouveau/glyph_evaporate.toml for ars_nouveau tracking
[18May2026 14:31:28.779] [modloading-worker-0/DEBUG] [net.minecraftforge.fml.config.ConfigTracker/CONFIG]: Config file ars_nouveau/glyph_linger.toml for ars_nouveau tracking
[18May2026 14:31:28.793] [modloading-worker-0/DEBUG] [net.minecraftforge.fml.config.ConfigTracker/CONFIG]: Config file ars_nouveau/glyph_sense_magic.toml for ars_nouveau tracking
[18May2026 14:31:28.794] [modloading-worker-0/DEBUG] [net.minecraftforge.fml.config.ConfigTracker/CONFIG]: Config file ars_nouveau/glyph_infuse.toml for ars_nouveau tracking
[18May2026 14:31:28.794] [modloading-worker-0/DEBUG] [net.minecraftforge.fml.config.ConfigTracker/CONFIG]: Config file ars_nouveau/glyph_rotate.toml for ars_nouveau tracking
[18May2026 14:31:28.800] [modloading-worker-0/DEBUG] [net.minecraftforge.fml.config.ConfigTracker/CONFIG]: Config file ars_nouveau/glyph_wall.toml for ars_nouveau tracking
[18May2026 14:31:28.813] [modloading-worker-0/DEBUG] [net.minecraftforge.fml.config.ConfigTracker/CONFIG]: Config file ars_nouveau/glyph_animate_block.toml for ars_nouveau tracking
[18May2026 14:31:28.813] [modloading-worker-0/DEBUG] [net.minecraftforge.fml.config.ConfigTracker/CONFIG]: Config file ars_nouveau/burst.toml for ars_nouveau tracking
[18May2026 14:31:28.813] [modloading-worker-0/DEBUG] [net.minecraftforge.fml.config.ConfigTracker/CONFIG]: Config file ars_nouveau/glyph_randomize.toml for ars_nouveau tracking
[18May2026 14:31:28.815] [modloading-worker-0/DEBUG] [net.minecraftforge.fml.config.ConfigTracker/CONFIG]: Config file ars_nouveau/glyph_orbit.toml for ars_nouveau tracking
[18May2026 14:31:28.815] [modloading-worker-0/DEBUG] [net.minecraftforge.fml.config.ConfigTracker/CONFIG]: Config file ars_nouveau/reset.toml for ars_nouveau tracking
[18May2026 14:31:28.826] [modloading-worker-0/DEBUG] [net.minecraftforge.fml.config.ConfigTracker/CONFIG]: Config file ars_nouveau/wololo.toml for ars_nouveau tracking
[18May2026 14:31:28.830] [modloading-worker-0/DEBUG] [net.minecraftforge.fml.config.ConfigTracker/CONFIG]: Config file ars_nouveau/rewind.toml for ars_nouveau tracking
[18May2026 14:31:28.929] [modloading-worker-0/DEBUG] [net.minecraftforge.fml.javafmlmod.AutomaticEventSubscriber/LOADING]: Attempting to inject @EventBusSubscriber classes into the eventbus for travelersbackpack
[18May2026 14:31:28.929] [modloading-worker-0/DEBUG] [net.minecraftforge.fml.javafmlmod.AutomaticEventSubscriber/LOADING]: Auto-subscribing com.tiviacz.travelersbackpack.handlers.NeoForgeEventHandler to FORGE
[18May2026 14:31:28.965] [modloading-worker-0/DEBUG] [net.minecraftforge.fml.javafmlmod.AutomaticEventSubscriber/LOADING]: Auto-subscribing com.tiviacz.travelersbackpack.handlers.ModEventHandler to MOD
[18May2026 14:31:29.181] [modloading-worker-0/DEBUG] [net.minecraftforge.fml.config.ConfigTracker/CONFIG]: Config file ars_nouveau-server.toml for ars_nouveau tracking
[18May2026 14:31:29.187] [modloading-worker-0/DEBUG] [net.minecraftforge.fml.config.ConfigTracker/CONFIG]: Config file ars_nouveau-common.toml for ars_nouveau tracking
[18May2026 14:31:29.189] [modloading-worker-0/DEBUG] [net.minecraftforge.fml.config.ConfigTracker/CONFIG]: Config file ars_nouveau-client.toml for ars_nouveau tracking
[18May2026 14:31:29.476] [modloading-worker-0/DEBUG] [net.minecraftforge.fml.javafmlmod.AutomaticEventSubscriber/LOADING]: Attempting to inject @EventBusSubscriber classes into the eventbus for iceandfire
[18May2026 14:31:29.476] [modloading-worker-0/DEBUG] [net.minecraftforge.fml.javafmlmod.AutomaticEventSubscriber/LOADING]: Auto-subscribing com.github.alexthe666.iceandfire.recipe.IafRecipeRegistry to MOD
[18May2026 14:31:29.476] [modloading-worker-0/DEBUG] [net.minecraftforge.fml.javafmlmod.AutomaticEventSubscriber/LOADING]: Auto-subscribing com.github.alexthe666.iceandfire.misc.IafSoundRegistry to MOD
[18May2026 14:31:29.477] [modloading-worker-0/DEBUG] [net.minecraftforge.fml.javafmlmod.AutomaticEventSubscriber/LOADING]: Auto-subscribing com.github.alexthe666.iceandfire.misc.IafDamageRegistry to MOD
[18May2026 14:31:29.478] [modloading-worker-0/DEBUG] [net.minecraftforge.fml.javafmlmod.AutomaticEventSubscriber/LOADING]: Auto-subscribing com.github.alexthe666.iceandfire.item.IafItemRegistry to MOD
[18May2026 14:31:29.479] [modloading-worker-0/DEBUG] [net.minecraftforge.fml.javafmlmod.AutomaticEventSubscriber/LOADING]: Auto-subscribing com.github.alexthe666.iceandfire.event.ServerEvents to FORGE
[18May2026 14:31:29.493] [modloading-worker-0/DEBUG] [net.minecraftforge.fml.javafmlmod.AutomaticEventSubscriber/LOADING]: Auto-subscribing com.github.alexthe666.iceandfire.entity.props.CapabilityHandler to FORGE
[18May2026 14:31:29.496] [modloading-worker-0/DEBUG] [net.minecraftforge.fml.javafmlmod.AutomaticEventSubscriber/LOADING]: Auto-subscribing com.github.alexthe666.iceandfire.entity.IafVillagerRegistry to MOD
[18May2026 14:31:29.498] [modloading-worker-0/DEBUG] [net.minecraftforge.fml.javafmlmod.AutomaticEventSubscriber/LOADING]: Auto-subscribing com.github.alexthe666.iceandfire.entity.IafEntityRegistry to MOD
[18May2026 14:31:29.500] [modloading-worker-0/DEBUG] [net.minecraftforge.fml.javafmlmod.AutomaticEventSubscriber/LOADING]: Auto-subscribing com.github.alexthe666.iceandfire.datagen.DataGenerators to MOD
[18May2026 14:31:29.517] [modloading-worker-0/DEBUG] [net.minecraftforge.fml.javafmlmod.AutomaticEventSubscriber/LOADING]: Auto-subscribing com.github.alexthe666.iceandfire.block.IafBlockRegistry to MOD
[18May2026 14:31:29.517] [modloading-worker-0/DEBUG] [net.minecraftforge.fml.javafmlmod.AutomaticEventSubscriber/LOADING]: Auto-subscribing com.github.alexthe666.iceandfire.IceAndFire to FORGE
[18May2026 14:31:29.517] [modloading-worker-0/DEBUG] [net.minecraftforge.fml.javafmlmod.AutomaticEventSubscriber/LOADING]: Auto-subscribing com.github.alexthe666.iceandfire.CommonProxy to MOD
[18May2026 14:31:29.550] [modloading-worker-0/DEBUG] [net.minecraftforge.fml.javafmlmod.AutomaticEventSubscriber/LOADING]: Attempting to inject @EventBusSubscriber classes into the eventbus for dark_souls_expansion
[18May2026 14:31:29.551] [modloading-worker-0/DEBUG] [net.minecraftforge.fml.javafmlmod.AutomaticEventSubscriber/LOADING]: Auto-subscribing net.mcreator.darksoulsexpansion.world.teleporter.LordranDimensionTeleporter to MOD
[18May2026 14:31:29.574] [modloading-worker-0/DEBUG] [net.minecraftforge.fml.javafmlmod.AutomaticEventSubscriber/LOADING]: Auto-subscribing net.mcreator.darksoulsexpansion.world.features.StructureFeature to FORGE
[18May2026 14:31:29.574] [modloading-worker-0/DEBUG] [net.minecraftforge.fml.javafmlmod.AutomaticEventSubscriber/LOADING]: Auto-subscribing net.mcreator.darksoulsexpansion.world.dimension.LordranDimensionDimension to FORGE
[18May2026 14:31:29.574] [modloading-worker-0/DEBUG] [net.minecraftforge.fml.javafmlmod.AutomaticEventSubscriber/LOADING]: Auto-subscribing net.mcreator.darksoulsexpansion.world.dimension.LordranDimensionDimension$LordranDimensionSpecialEffectsHandler to MOD
[18May2026 14:31:29.575] [modloading-worker-0/DEBUG] [net.minecraftforge.fml.javafmlmod.AutomaticEventSubscriber/LOADING]: Auto-subscribing net.mcreator.darksoulsexpansion.recipes.brewing.RefillEstusFlaskRecipeBrewingRecipe to MOD
[18May2026 14:31:29.577] [modloading-worker-0/DEBUG] [net.minecraftforge.fml.javafmlmod.AutomaticEventSubscriber/LOADING]: Auto-subscribing net.mcreator.darksoulsexpansion.procedures.TitantieDemonAttackProcedure to FORGE
[18May2026 14:31:29.580] [modloading-worker-0/DEBUG] [net.minecraftforge.fml.javafmlmod.AutomaticEventSubscriber/LOADING]: Auto-subscribing net.mcreator.darksoulsexpansion.procedures.SpawnLocationProcedureProcedure to FORGE
[18May2026 14:31:29.581] [modloading-worker-0/DEBUG] [net.minecraftforge.fml.javafmlmod.AutomaticEventSubscriber/LOADING]: Auto-subscribing net.mcreator.darksoulsexpansion.procedures.SoulCounterMathProcedure to FORGE
[18May2026 14:31:29.583] [modloading-worker-0/DEBUG] [net.minecraftforge.fml.javafmlmod.AutomaticEventSubscriber/LOADING]: Auto-subscribing net.mcreator.darksoulsexpansion.procedures.SkeletonAttackProcedure to FORGE
[18May2026 14:31:29.586] [modloading-worker-0/DEBUG] [net.minecraftforge.fml.javafmlmod.AutomaticEventSubscriber/LOADING]: Auto-subscribing net.mcreator.darksoulsexpansion.procedures.SewerRatAttackProcedure to FORGE
[18May2026 14:31:29.587] [modloading-worker-0/DEBUG] [net.minecraftforge.fml.javafmlmod.AutomaticEventSubscriber/LOADING]: Auto-subscribing net.mcreator.darksoulsexpansion.procedures.SerpentManAttackProcedure to FORGE
[18May2026 14:31:29.588] [modloading-worker-0/DEBUG] [net.minecraftforge.fml.javafmlmod.AutomaticEventSubscriber/LOADING]: Auto-subscribing net.mcreator.darksoulsexpansion.procedures.PromotionalMessageProcedure to FORGE
[18May2026 14:31:29.591] [modloading-worker-0/DEBUG] [net.minecraftforge.fml.javafmlmod.AutomaticEventSubscriber/LOADING]: Auto-subscribing net.mcreator.darksoulsexpansion.procedures.PinwheelDropProcedure to FORGE
[18May2026 14:31:29.592] [modloading-worker-0/DEBUG] [net.minecraftforge.fml.javafmlmod.AutomaticEventSubscriber/LOADING]: Auto-subscribing net.mcreator.darksoulsexpansion.procedures.PinwheelAttackProcedure to FORGE
[18May2026 14:31:29.596] [modloading-worker-0/DEBUG] [net.minecraftforge.fml.javafmlmod.AutomaticEventSubscriber/LOADING]: Auto-subscribing net.mcreator.darksoulsexpansion.procedures.MushroomPeopleAttackProcedure to FORGE
[18May2026 14:31:29.596] [modloading-worker-0/DEBUG] [net.minecraftforge.fml.javafmlmod.AutomaticEventSubscriber/LOADING]: Auto-subscribing net.mcreator.darksoulsexpansion.procedures.CrowDemonAttackProcedure to FORGE
[18May2026 14:31:29.597] [modloading-worker-0/DEBUG] [net.minecraftforge.fml.javafmlmod.AutomaticEventSubscriber/LOADING]: Auto-subscribing net.mcreator.darksoulsexpansion.procedures.AsylumDemonHurtProcedure to FORGE
[18May2026 14:31:29.601] [modloading-worker-0/DEBUG] [net.minecraftforge.fml.javafmlmod.AutomaticEventSubscriber/LOADING]: Auto-subscribing net.mcreator.darksoulsexpansion.procedures.AsylumDemonAttackProcedure to FORGE
[18May2026 14:31:29.602] [modloading-worker-0/DEBUG] [net.minecraftforge.fml.javafmlmod.AutomaticEventSubscriber/LOADING]: Auto-subscribing net.mcreator.darksoulsexpansion.procedures.ArtoriasAttackProcedure to FORGE
[18May2026 14:31:29.605] [modloading-worker-0/DEBUG] [net.minecraftforge.fml.javafmlmod.AutomaticEventSubscriber/LOADING]: Auto-subscribing net.mcreator.darksoulsexpansion.network.MerchantGUITradeButtonMessage to MOD
[18May2026 14:31:29.606] [modloading-worker-0/DEBUG] [net.minecraftforge.fml.javafmlmod.AutomaticEventSubscriber/LOADING]: Auto-subscribing net.mcreator.darksoulsexpansion.network.DarkSoulsExpansionModVariables to MOD
[18May2026 14:31:29.610] [modloading-worker-0/DEBUG] [net.minecraftforge.fml.javafmlmod.AutomaticEventSubscriber/LOADING]: Auto-subscribing net.mcreator.darksoulsexpansion.network.DarkSoulsExpansionModVariables$PlayerVariablesProvider to FORGE
[18May2026 14:31:29.611] [modloading-worker-0/DEBUG] [net.minecraftforge.fml.javafmlmod.AutomaticEventSubscriber/LOADING]: Auto-subscribing net.mcreator.darksoulsexpansion.network.DarkSoulsExpansionModVariables$EventBusVariableHandlers to FORGE
[18May2026 14:31:29.613] [modloading-worker-0/DEBUG] [net.minecraftforge.fml.javafmlmod.AutomaticEventSubscriber/LOADING]: Auto-subscribing net.mcreator.darksoulsexpansion.network.CrowGUITradeButtonMessage to MOD
[18May2026 14:31:29.617] [modloading-worker-0/DEBUG] [net.minecraftforge.fml.javafmlmod.AutomaticEventSubscriber/LOADING]: Auto-subscribing net.mcreator.darksoulsexpansion.network.BlacksmithGUITradeButtonMessage to MOD
[18May2026 14:31:29.621] [modloading-worker-0/DEBUG] [net.minecraftforge.fml.javafmlmod.AutomaticEventSubscriber/LOADING]: Auto-subscribing net.mcreator.darksoulsexpansion.init.ItemAnimationFactory to FORGE
[18May2026 14:31:29.621] [modloading-worker-0/DEBUG] [net.minecraftforge.fml.javafmlmod.AutomaticEventSubscriber/LOADING]: Auto-subscribing net.mcreator.darksoulsexpansion.init.EntityAnimationFactory to FORGE
[18May2026 14:31:29.628] [modloading-worker-0/DEBUG] [net.minecraftforge.fml.javafmlmod.AutomaticEventSubscriber/LOADING]: Auto-subscribing net.mcreator.darksoulsexpansion.init.DarkSoulsExpansionModTabs to MOD
[18May2026 14:31:29.629] [modloading-worker-0/DEBUG] [net.minecraftforge.fml.javafmlmod.AutomaticEventSubscriber/LOADING]: Auto-subscribing net.mcreator.darksoulsexpansion.init.DarkSoulsExpansionModEntities to MOD
[18May2026 14:31:29.630] [modloading-worker-0/DEBUG] [net.minecraftforge.fml.javafmlmod.AutomaticEventSubscriber/LOADING]: Auto-subscribing net.mcreator.darksoulsexpansion.init.DarkSoulsExpansionModConfigs to MOD
[18May2026 14:31:29.632] [modloading-worker-0/DEBUG] [net.minecraftforge.fml.javafmlmod.AutomaticEventSubscriber/LOADING]: Auto-subscribing net.mcreator.darksoulsexpansion.block.listener.ClientListener to MOD
[18May2026 14:31:29.739] [modloading-worker-0/DEBUG] [net.minecraftforge.fml.javafmlmod.AutomaticEventSubscriber/LOADING]: Attempting to inject @EventBusSubscriber classes into the eventbus for twm
[18May2026 14:31:29.740] [modloading-worker-0/DEBUG] [net.minecraftforge.fml.javafmlmod.AutomaticEventSubscriber/LOADING]: Auto-subscribing net.mcreator.twm.init.TwmModTrades to FORGE
[18May2026 14:31:29.741] [modloading-worker-0/DEBUG] [net.minecraftforge.fml.javafmlmod.AutomaticEventSubscriber/LOADING]: Auto-subscribing net.mcreator.twm.init.TwmModTabs to MOD
[18May2026 14:31:29.743] [modloading-worker-0/DEBUG] [net.minecraftforge.fml.javafmlmod.AutomaticEventSubscriber/LOADING]: Auto-subscribing net.mcreator.twm.init.TwmModEntities to MOD
[18May2026 14:31:29.843] [modloading-worker-0/DEBUG] [net.minecraftforge.fml.javafmlmod.AutomaticEventSubscriber/LOADING]: Attempting to inject @EventBusSubscriber classes into the eventbus for ars_nouveau
[18May2026 14:31:29.844] [modloading-worker-0/DEBUG] [net.minecraftforge.fml.javafmlmod.AutomaticEventSubscriber/LOADING]: Auto-subscribing com.hollingsworth.arsnouveau.setup.registry.RecipeRegistry to MOD
[18May2026 14:31:29.844] [modloading-worker-0/DEBUG] [net.minecraftforge.fml.javafmlmod.AutomaticEventSubscriber/LOADING]: Auto-subscribing com.hollingsworth.arsnouveau.setup.registry.ModEntities$RegistrationHandler to MOD
[18May2026 14:31:29.846] [modloading-worker-0/DEBUG] [net.minecraftforge.fml.javafmlmod.AutomaticEventSubscriber/LOADING]: Auto-subscribing com.hollingsworth.arsnouveau.setup.registry.CapabilityRegistry$EventHandler to FORGE
[18May2026 14:31:29.854] [modloading-worker-0/DEBUG] [net.minecraftforge.fml.javafmlmod.AutomaticEventSubscriber/LOADING]: Auto-subscribing com.hollingsworth.arsnouveau.setup.config.Config to MOD
[18May2026 14:31:29.855] [modloading-worker-0/DEBUG] [net.minecraftforge.fml.javafmlmod.AutomaticEventSubscriber/LOADING]: Auto-subscribing com.hollingsworth.arsnouveau.common.world.saved_data.RedstoneSavedData to FORGE
[18May2026 14:31:29.860] [modloading-worker-0/DEBUG] [net.minecraftforge.fml.javafmlmod.AutomaticEventSubscriber/LOADING]: Auto-subscribing com.hollingsworth.arsnouveau.common.potions.GravityEffect to FORGE
[18May2026 14:31:29.861] [modloading-worker-0/DEBUG] [net.minecraftforge.fml.javafmlmod.AutomaticEventSubscriber/LOADING]: Auto-subscribing com.hollingsworth.arsnouveau.common.potions.BounceEffect to FORGE
[18May2026 14:31:29.861] [modloading-worker-0/DEBUG] [net.minecraftforge.fml.javafmlmod.AutomaticEventSubscriber/LOADING]: Auto-subscribing com.hollingsworth.arsnouveau.common.mob_jar.WitherBehavior to FORGE
[18May2026 14:31:29.869] [modloading-worker-0/DEBUG] [net.minecraftforge.fml.javafmlmod.AutomaticEventSubscriber/LOADING]: Auto-subscribing com.hollingsworth.arsnouveau.common.items.curios.SummoningFocus to FORGE
[18May2026 14:31:29.881] [modloading-worker-0/DEBUG] [net.minecraftforge.fml.javafmlmod.AutomaticEventSubscriber/LOADING]: Auto-subscribing com.hollingsworth.arsnouveau.common.event.SummonEvents to FORGE
[18May2026 14:31:29.884] [modloading-worker-0/DEBUG] [net.minecraftforge.fml.javafmlmod.AutomaticEventSubscriber/LOADING]: Auto-subscribing com.hollingsworth.arsnouveau.common.event.ReactiveEvents to FORGE
[18May2026 14:31:29.885] [modloading-worker-0/DEBUG] [net.minecraftforge.fml.javafmlmod.AutomaticEventSubscriber/LOADING]: Auto-subscribing com.hollingsworth.arsnouveau.common.event.PerkEvents to FORGE
[18May2026 14:31:29.896] [modloading-worker-0/DEBUG] [net.minecraftforge.fml.javafmlmod.AutomaticEventSubscriber/LOADING]: Attempting to inject @EventBusSubscriber classes into the eventbus for dungeons_and_combat
[18May2026 14:31:29.896] [modloading-worker-0/DEBUG] [net.minecraftforge.fml.javafmlmod.AutomaticEventSubscriber/LOADING]: Auto-subscribing net.mcreator.dungeonsandcombat.recipes.brewing.MimicEyeNightVisionBrewingRecipe to MOD
[18May2026 14:31:29.899] [modloading-worker-0/DEBUG] [net.minecraftforge.fml.javafmlmod.AutomaticEventSubscriber/LOADING]: Auto-subscribing net.mcreator.dungeonsandcombat.recipes.brewing.LongHasteIIPotionRecipeBrewingRecipe to MOD
[18May2026 14:31:29.900] [modloading-worker-0/DEBUG] [net.minecraftforge.fml.javafmlmod.AutomaticEventSubscriber/LOADING]: Auto-subscribing net.mcreator.dungeonsandcombat.recipes.brewing.LongGigantPotionRecipeBrewingRecipe to MOD
[18May2026 14:31:29.900] [modloading-worker-0/DEBUG] [net.minecraftforge.fml.javafmlmod.AutomaticEventSubscriber/LOADING]: Auto-subscribing com.hollingsworth.arsnouveau.common.event.ManaCapEvents to FORGE
[18May2026 14:31:29.902] [modloading-worker-0/DEBUG] [net.minecraftforge.fml.javafmlmod.AutomaticEventSubscriber/LOADING]: Auto-subscribing net.mcreator.dungeonsandcombat.recipes.brewing.LongFrozenRecistanceRecipeBrewingRecipe to MOD
[18May2026 14:31:29.902] [modloading-worker-0/DEBUG] [net.minecraftforge.fml.javafmlmod.AutomaticEventSubscriber/LOADING]: Auto-subscribing net.mcreator.dungeonsandcombat.recipes.brewing.IntoxicatedPotionRecipeBrewingRecipe to MOD
[18May2026 14:31:29.903] [modloading-worker-0/DEBUG] [net.minecraftforge.fml.javafmlmod.AutomaticEventSubscriber/LOADING]: Auto-subscribing net.mcreator.dungeonsandcombat.recipes.brewing.HorusoFeatherSlowFallingBrewingRecipe to MOD
[18May2026 14:31:29.904] [modloading-worker-0/DEBUG] [net.minecraftforge.fml.javafmlmod.AutomaticEventSubscriber/LOADING]: Auto-subscribing net.mcreator.dungeonsandcombat.recipes.brewing.HastePotionIIRecipeBrewingRecipe to MOD
[18May2026 14:31:29.906] [modloading-worker-0/DEBUG] [net.minecraftforge.fml.javafmlmod.AutomaticEventSubscriber/LOADING]: Auto-subscribing net.mcreator.dungeonsandcombat.recipes.brewing.HasteIIIPotionRecipeBrewingRecipe to MOD
[18May2026 14:31:29.906] [modloading-worker-0/DEBUG] [net.minecraftforge.fml.javafmlmod.AutomaticEventSubscriber/LOADING]: Auto-subscribing com.hollingsworth.arsnouveau.common.event.LightEvents to FORGE
[18May2026 14:31:29.907] [modloading-worker-0/DEBUG] [net.minecraftforge.fml.javafmlmod.AutomaticEventSubscriber/LOADING]: Auto-subscribing com.hollingsworth.arsnouveau.common.event.JarEvents to FORGE
[18May2026 14:31:29.913] [modloading-worker-0/DEBUG] [net.minecraftforge.fml.javafmlmod.AutomaticEventSubscriber/LOADING]: Auto-subscribing net.mcreator.dungeonsandcombat.recipes.brewing.GigantPotionRecipeBrewingRecipe to MOD
[18May2026 14:31:29.914] [modloading-worker-0/DEBUG] [net.minecraftforge.fml.javafmlmod.AutomaticEventSubscriber/LOADING]: Auto-subscribing net.mcreator.dungeonsandcombat.recipes.brewing.FrozenPotionRecistanceBrewingRecipe to MOD
[18May2026 14:31:29.914] [modloading-worker-0/DEBUG] [net.minecraftforge.fml.javafmlmod.AutomaticEventSubscriber/LOADING]: Auto-subscribing com.hollingsworth.arsnouveau.common.event.FamiliarEvents to FORGE
[18May2026 14:31:29.916] [modloading-worker-0/DEBUG] [net.minecraftforge.fml.javafmlmod.AutomaticEventSubscriber/LOADING]: Auto-subscribing net.mcreator.dungeonsandcombat.recipes.brewing.FlowerFairyWingsLevitationBrewingRecipe to MOD
[18May2026 14:31:29.918] [modloading-worker-0/DEBUG] [net.minecraftforge.fml.javafmlmod.AutomaticEventSubscriber/LOADING]: Auto-subscribing net.mcreator.dungeonsandcombat.recipes.brewing.DivinitePotionRecipeBrewingRecipe to MOD
[18May2026 14:31:29.918] [modloading-worker-0/DEBUG] [net.minecraftforge.fml.javafmlmod.AutomaticEventSubscriber/LOADING]: Auto-subscribing net.mcreator.dungeonsandcombat.procedures.WitherEdgeEffectProcedure to FORGE
[18May2026 14:31:29.919] [modloading-worker-0/DEBUG] [net.minecraftforge.fml.javafmlmod.AutomaticEventSubscriber/LOADING]: Auto-subscribing net.mcreator.dungeonsandcombat.procedures.WithAdvancementProcedure to FORGE
[18May2026 14:31:29.920] [modloading-worker-0/DEBUG] [net.minecraftforge.fml.javafmlmod.AutomaticEventSubscriber/LOADING]: Auto-subscribing net.mcreator.dungeonsandcombat.procedures.VillagerChaliceProcedure to FORGE
[18May2026 14:31:29.921] [modloading-worker-0/DEBUG] [net.minecraftforge.fml.javafmlmod.AutomaticEventSubscriber/LOADING]: Auto-subscribing com.hollingsworth.arsnouveau.common.event.EventHandler to FORGE
[18May2026 14:31:29.921] [modloading-worker-0/DEBUG] [net.minecraftforge.fml.javafmlmod.AutomaticEventSubscriber/LOADING]: Auto-subscribing net.mcreator.dungeonsandcombat.procedures.ToxinEdgeEffectProcedure to FORGE
[18May2026 14:31:29.922] [modloading-worker-0/DEBUG] [net.minecraftforge.fml.javafmlmod.AutomaticEventSubscriber/LOADING]: Auto-subscribing net.mcreator.dungeonsandcombat.procedures.TotemOfSacrificieProcedure to FORGE
[18May2026 14:31:29.923] [modloading-worker-0/DEBUG] [net.minecraftforge.fml.javafmlmod.AutomaticEventSubscriber/LOADING]: Auto-subscribing net.mcreator.dungeonsandcombat.procedures.TitanClassEverProcedure to FORGE
[18May2026 14:31:29.925] [modloading-worker-0/DEBUG] [net.minecraftforge.fml.javafmlmod.AutomaticEventSubscriber/LOADING]: Auto-subscribing net.mcreator.dungeonsandcombat.procedures.SunleiaHandEffectProcedure to FORGE
[18May2026 14:31:29.928] [modloading-worker-0/DEBUG] [net.minecraftforge.fml.javafmlmod.AutomaticEventSubscriber/LOADING]: Auto-subscribing net.mcreator.dungeonsandcombat.procedures.StyleManualGivenProcedure to FORGE
[18May2026 14:31:29.928] [modloading-worker-0/DEBUG] [net.minecraftforge.fml.javafmlmod.AutomaticEventSubscriber/LOADING]: Auto-subscribing net.mcreator.dungeonsandcombat.procedures.SteelArmorSetBonusProcedure to FORGE
[18May2026 14:31:29.929] [modloading-worker-0/DEBUG] [net.minecraftforge.fml.javafmlmod.AutomaticEventSubscriber/LOADING]: Auto-subscribing net.mcreator.dungeonsandcombat.procedures.SilverWeaponEffectProcedure to FORGE
[18May2026 14:31:29.931] [modloading-worker-0/DEBUG] [net.minecraftforge.fml.javafmlmod.AutomaticEventSubscriber/LOADING]: Auto-subscribing net.mcreator.dungeonsandcombat.procedures.SilverAuraEffectProcedure to FORGE
[18May2026 14:31:29.938] [modloading-worker-0/DEBUG] [net.minecraftforge.fml.javafmlmod.AutomaticEventSubscriber/LOADING]: Auto-subscribing net.mcreator.dungeonsandcombat.procedures.SanguineStaffIIIEfectProcedure to FORGE
[18May2026 14:31:29.939] [modloading-worker-0/DEBUG] [net.minecraftforge.fml.javafmlmod.AutomaticEventSubscriber/LOADING]: Auto-subscribing net.mcreator.dungeonsandcombat.procedures.SanguineStaffIIEffectProcedure to FORGE
[18May2026 14:31:29.942] [modloading-worker-0/DEBUG] [net.minecraftforge.fml.javafmlmod.AutomaticEventSubscriber/LOADING]: Auto-subscribing net.mcreator.dungeonsandcombat.procedures.SanguineStaffEffectProcedure to FORGE
[18May2026 14:31:29.942] [modloading-worker-0/DEBUG] [net.minecraftforge.fml.javafmlmod.AutomaticEventSubscriber/LOADING]: Auto-subscribing net.mcreator.dungeonsandcombat.procedures.SandstoneBonusArmorSetProcedure to FORGE
[18May2026 14:31:29.944] [modloading-worker-0/DEBUG] [net.minecraftforge.fml.javafmlmod.AutomaticEventSubscriber/LOADING]: Auto-subscribing com.hollingsworth.arsnouveau.common.event.ArsEvents to FORGE
[18May2026 14:31:29.945] [modloading-worker-0/DEBUG] [net.minecraftforge.fml.javafmlmod.AutomaticEventSubscriber/LOADING]: Auto-subscribing net.mcreator.dungeonsandcombat.procedures.RogueClassEverProcedure to FORGE
[18May2026 14:31:29.949] [modloading-worker-0/DEBUG] [net.minecraftforge.fml.javafmlmod.AutomaticEventSubscriber/LOADING]: Auto-subscribing net.mcreator.dungeonsandcombat.procedures.PoisonEdgeEffectProcedure to FORGE
[18May2026 14:31:29.949] [modloading-worker-0/DEBUG] [net.minecraftforge.fml.javafmlmod.AutomaticEventSubscriber/LOADING]: Auto-subscribing net.mcreator.dungeonsandcombat.procedures.OniSlayerEdgeProcedure to FORGE
[18May2026 14:31:29.950] [modloading-worker-0/DEBUG] [net.minecraftforge.fml.javafmlmod.AutomaticEventSubscriber/LOADING]: Auto-subscribing net.mcreator.dungeonsandcombat.procedures.OniSlayerClassEverProcedure to FORGE
[18May2026 14:31:29.951] [modloading-worker-0/DEBUG] [net.minecraftforge.fml.javafmlmod.AutomaticEventSubscriber/LOADING]: Auto-subscribing net.mcreator.dungeonsandcombat.procedures.OniSlayerAttackProcedure to FORGE
[18May2026 14:31:29.951] [modloading-worker-0/DEBUG] [net.minecraftforge.fml.javafmlmod.AutomaticEventSubscriber/LOADING]: Auto-subscribing com.hollingsworth.arsnouveau.common.datagen.ModDatagen to MOD
[18May2026 14:31:29.951] [modloading-worker-0/DEBUG] [net.minecraftforge.fml.javafmlmod.AutomaticEventSubscriber/LOADING]: Auto-subscribing net.mcreator.dungeonsandcombat.procedures.NeptuniumArmorBonusSetProcedure to FORGE
[18May2026 14:31:29.952] [modloading-worker-0/DEBUG] [net.minecraftforge.fml.javafmlmod.AutomaticEventSubscriber/LOADING]: Auto-subscribing net.mcreator.dungeonsandcombat.procedures.MoltenRingEffectProcedure to FORGE
[18May2026 14:31:29.953] [modloading-worker-0/DEBUG] [net.minecraftforge.fml.javafmlmod.AutomaticEventSubscriber/LOADING]: Auto-subscribing net.mcreator.dungeonsandcombat.procedures.MoltenDarkSteelWeaponProcedure to FORGE
[18May2026 14:31:29.954] [modloading-worker-0/DEBUG] [net.minecraftforge.fml.javafmlmod.AutomaticEventSubscriber/LOADING]: Auto-subscribing net.mcreator.dungeonsandcombat.procedures.MoltenDarkSteelSetBonusProcedure to FORGE
[18May2026 14:31:29.955] [modloading-worker-0/DEBUG] [net.minecraftforge.fml.javafmlmod.AutomaticEventSubscriber/LOADING]: Auto-subscribing net.mcreator.dungeonsandcombat.procedures.MoltenBlazingCursedArmorSetProcedure to FORGE
[18May2026 14:31:29.955] [modloading-worker-0/DEBUG] [net.minecraftforge.fml.javafmlmod.AutomaticEventSubscriber/LOADING]: Auto-subscribing net.mcreator.dungeonsandcombat.procedures.MoltenBlazingArmorBonusSetProcedure to FORGE
[18May2026 14:31:29.960] [modloading-worker-0/DEBUG] [net.minecraftforge.fml.javafmlmod.AutomaticEventSubscriber/LOADING]: Auto-subscribing net.mcreator.dungeonsandcombat.procedures.MimicAttackProcedure to FORGE
[18May2026 14:31:29.960] [modloading-worker-0/DEBUG] [net.minecraftforge.fml.javafmlmod.AutomaticEventSubscriber/LOADING]: Auto-subscribing com.hollingsworth.arsnouveau.common.camera.CameraEvents to FORGE
[18May2026 14:31:29.961] [modloading-worker-0/DEBUG] [net.minecraftforge.fml.javafmlmod.AutomaticEventSubscriber/LOADING]: Auto-subscribing net.mcreator.dungeonsandcombat.procedures.LifeStealEffectProcedure to FORGE
[18May2026 14:31:29.962] [modloading-worker-0/DEBUG] [net.minecraftforge.fml.javafmlmod.AutomaticEventSubscriber/LOADING]: Auto-subscribing com.hollingsworth.arsnouveau.common.block.tile.VitalicSourcelinkTile to FORGE
[18May2026 14:31:29.962] [modloading-worker-0/DEBUG] [net.minecraftforge.fml.javafmlmod.AutomaticEventSubscriber/LOADING]: Auto-subscribing net.mcreator.dungeonsandcombat.procedures.HunterFuryIIHitEffectProcedure to FORGE
[18May2026 14:31:29.964] [modloading-worker-0/DEBUG] [net.minecraftforge.fml.javafmlmod.AutomaticEventSubscriber/LOADING]: Auto-subscribing net.mcreator.dungeonsandcombat.procedures.HunterFuryHitEffectProcedure to FORGE
[18May2026 14:31:29.965] [modloading-worker-0/DEBUG] [net.minecraftforge.fml.javafmlmod.AutomaticEventSubscriber/LOADING]: Auto-subscribing net.mcreator.dungeonsandcombat.procedures.HorusoArmorBonusSetProcedure to FORGE
[18May2026 14:31:29.968] [modloading-worker-0/DEBUG] [net.minecraftforge.fml.javafmlmod.AutomaticEventSubscriber/LOADING]: Auto-subscribing net.mcreator.dungeonsandcombat.procedures.HealthMoltenDarkSteelToolProcedure to FORGE
[18May2026 14:31:29.969] [modloading-worker-0/DEBUG] [net.minecraftforge.fml.javafmlmod.AutomaticEventSubscriber/LOADING]: Auto-subscribing net.mcreator.dungeonsandcombat.procedures.ForgottenSandsAdvancementProcedure to FORGE
[18May2026 14:31:29.970] [modloading-worker-0/DEBUG] [net.minecraftforge.fml.javafmlmod.AutomaticEventSubscriber/LOADING]: Auto-subscribing net.mcreator.dungeonsandcombat.procedures.ForgottenKnightClassEverProcedure to FORGE
[18May2026 14:31:29.970] [modloading-worker-0/DEBUG] [net.minecraftforge.fml.javafmlmod.AutomaticEventSubscriber/LOADING]: Auto-subscribing net.mcreator.dungeonsandcombat.procedures.FlamingGlovesEffectProcedure to FORGE
[18May2026 14:31:29.972] [modloading-worker-0/DEBUG] [net.minecraftforge.fml.javafmlmod.AutomaticEventSubscriber/LOADING]: Auto-subscribing net.mcreator.dungeonsandcombat.procedures.FlameGiveMeStrenghtAuraEffectProcedure to FORGE
[18May2026 14:31:29.973] [modloading-worker-0/DEBUG] [mixin/]: Mixing perf.smart_ingredient_sync.ConnectionMixin from modernfix-modernfix.mixins.json into net.minecraft.network.Connection
[18May2026 14:31:29.982] [modloading-worker-0/DEBUG] [net.minecraftforge.fml.javafmlmod.AutomaticEventSubscriber/LOADING]: Auto-subscribing net.mcreator.dungeonsandcombat.procedures.FangNecklaceAccesorieEffectProcedure to FORGE
[18May2026 14:31:29.983] [modloading-worker-0/DEBUG] [net.minecraftforge.fml.javafmlmod.AutomaticEventSubscriber/LOADING]: Auto-subscribing net.mcreator.dungeonsandcombat.procedures.EternalRestRingEffectProcedure to FORGE
[18May2026 14:31:29.984] [modloading-worker-0/DEBUG] [net.minecraftforge.fml.javafmlmod.AutomaticEventSubscriber/LOADING]: Auto-subscribing net.mcreator.dungeonsandcombat.procedures.EbonyShieldBlockingProcedure to FORGE
[18May2026 14:31:29.984] [modloading-worker-0/DEBUG] [net.minecraftforge.fml.javafmlmod.AutomaticEventSubscriber/LOADING]: Auto-subscribing net.mcreator.dungeonsandcombat.procedures.EbonyArmorBonusArmorSetProcedure to FORGE
[18May2026 14:31:29.985] [modloading-worker-0/DEBUG] [net.minecraftforge.fml.javafmlmod.AutomaticEventSubscriber/LOADING]: Auto-subscribing net.mcreator.dungeonsandcombat.procedures.DungeonsAndCombatLogroProcedure to FORGE
[18May2026 14:31:29.985] [modloading-worker-0/DEBUG] [net.minecraftforge.fml.javafmlmod.AutomaticEventSubscriber/LOADING]: Auto-subscribing net.mcreator.dungeonsandcombat.procedures.DragonsteelLightningArmorBonusSetProcedure to FORGE
[18May2026 14:31:29.986] [modloading-worker-0/DEBUG] [net.minecraftforge.fml.javafmlmod.AutomaticEventSubscriber/LOADING]: Auto-subscribing com.hollingsworth.arsnouveau.common.block.tile.AgronomicSourcelinkTile to FORGE
[18May2026 14:31:29.986] [modloading-worker-0/DEBUG] [net.minecraftforge.fml.javafmlmod.AutomaticEventSubscriber/LOADING]: Auto-subscribing net.mcreator.dungeonsandcombat.procedures.DragonsteelIceArmorBonusSetProcedure to FORGE
[18May2026 14:31:29.987] [modloading-worker-0/DEBUG] [net.minecraftforge.fml.javafmlmod.AutomaticEventSubscriber/LOADING]: Auto-subscribing net.mcreator.dungeonsandcombat.procedures.DragonsteelFireArmorBonusSetProcedure to FORGE
[18May2026 14:31:29.987] [modloading-worker-0/DEBUG] [net.minecraftforge.fml.javafmlmod.AutomaticEventSubscriber/LOADING]: Auto-subscribing net.mcreator.dungeonsandcombat.procedures.DeadlyAuraEffectProcedure to FORGE
[18May2026 14:31:29.988] [modloading-worker-0/DEBUG] [net.minecraftforge.fml.javafmlmod.AutomaticEventSubscriber/LOADING]: Auto-subscribing com.hollingsworth.arsnouveau.client.events.ClientPlayerEvent to FORGE
[18May2026 14:31:29.988] [modloading-worker-0/DEBUG] [net.minecraftforge.fml.javafmlmod.AutomaticEventSubscriber/LOADING]: Auto-subscribing net.mcreator.dungeonsandcombat.procedures.DarkMetalArmorSetProcedure to FORGE
[18May2026 14:31:29.989] [modloading-worker-0/DEBUG] [net.minecraftforge.fml.javafmlmod.AutomaticEventSubscriber/LOADING]: Auto-subscribing com.hollingsworth.arsnouveau.api.util.SourceUtil to FORGE
[18May2026 14:31:29.990] [modloading-worker-0/DEBUG] [net.minecraftforge.fml.javafmlmod.AutomaticEventSubscriber/LOADING]: Auto-subscribing com.hollingsworth.arsnouveau.api.source.SourceManager to FORGE
[18May2026 14:31:29.991] [modloading-worker-0/DEBUG] [net.minecraftforge.fml.javafmlmod.AutomaticEventSubscriber/LOADING]: Auto-subscribing com.hollingsworth.arsnouveau.api.perk.PerkAttributes to MOD
[18May2026 14:31:29.989] [modloading-worker-0/DEBUG] [net.minecraftforge.fml.javafmlmod.AutomaticEventSubscriber/LOADING]: Auto-subscribing net.mcreator.dungeonsandcombat.procedures.CursedLampOffHandProcedure to FORGE
[18May2026 14:31:29.992] [modloading-worker-0/DEBUG] [net.minecraftforge.fml.javafmlmod.AutomaticEventSubscriber/LOADING]: Auto-subscribing com.hollingsworth.arsnouveau.api.event.EventQueue to FORGE
[18May2026 14:31:29.992] [modloading-worker-0/DEBUG] [net.minecraftforge.fml.javafmlmod.AutomaticEventSubscriber/LOADING]: Auto-subscribing net.mcreator.dungeonsandcombat.procedures.CrimsonShieldHealthProcedure to FORGE
[18May2026 14:31:29.993] [modloading-worker-0/DEBUG] [net.minecraftforge.fml.javafmlmod.AutomaticEventSubscriber/LOADING]: Auto-subscribing net.mcreator.dungeonsandcombat.procedures.CrimsonArmorBonusProcedure to FORGE
[18May2026 14:31:29.993] [modloading-worker-0/DEBUG] [net.minecraftforge.fml.javafmlmod.AutomaticEventSubscriber/LOADING]: Auto-subscribing com.hollingsworth.arsnouveau.ArsNouveau to FORGE
[18May2026 14:31:29.994] [modloading-worker-0/DEBUG] [net.minecraftforge.fml.javafmlmod.AutomaticEventSubscriber/LOADING]: Auto-subscribing net.mcreator.dungeonsandcombat.procedures.ChaliceWithImpureBloodFillProcedure to FORGE
[18May2026 14:31:29.995] [modloading-worker-0/DEBUG] [net.minecraftforge.fml.javafmlmod.AutomaticEventSubscriber/LOADING]: Auto-subscribing net.mcreator.dungeonsandcombat.procedures.ChaliceWithBloodFillProcedure to FORGE
[18May2026 14:31:29.997] [modloading-worker-0/DEBUG] [net.minecraftforge.fml.javafmlmod.AutomaticEventSubscriber/LOADING]: Auto-subscribing net.mcreator.dungeonsandcombat.procedures.CatacumbsLugubriousAdvancementProcedure to FORGE
[18May2026 14:31:29.998] [modloading-worker-0/DEBUG] [net.minecraftforge.fml.javafmlmod.AutomaticEventSubscriber/LOADING]: Auto-subscribing net.mcreator.dungeonsandcombat.procedures.BurningEdgeEffectProcedure to FORGE
[18May2026 14:31:30.006] [modloading-worker-0/DEBUG] [net.minecraftforge.fml.javafmlmod.AutomaticEventSubscriber/LOADING]: Auto-subscribing net.mcreator.dungeonsandcombat.procedures.BurningAuraEffectProcedure to FORGE
[18May2026 14:31:30.007] [modloading-worker-0/DEBUG] [net.minecraftforge.fml.javafmlmod.AutomaticEventSubscriber/LOADING]: Auto-subscribing net.mcreator.dungeonsandcombat.procedures.BurningAuraCursedProcedure to FORGE
[18May2026 14:31:30.015] [modloading-worker-0/DEBUG] [net.minecraftforge.fml.javafmlmod.AutomaticEventSubscriber/LOADING]: Auto-subscribing net.mcreator.dungeonsandcombat.procedures.BronzeBarbarianHelmetTickEventProcedure to FORGE
[18May2026 14:31:30.015] [modloading-worker-0/DEBUG] [net.minecraftforge.fml.javafmlmod.AutomaticEventSubscriber/LOADING]: Auto-subscribing net.mcreator.dungeonsandcombat.procedures.BountyHunterClassEverProcedure to FORGE
[18May2026 14:31:30.017] [modloading-worker-0/DEBUG] [net.minecraftforge.fml.javafmlmod.AutomaticEventSubscriber/LOADING]: Auto-subscribing net.mcreator.dungeonsandcombat.procedures.BloodCultAdvancementProcedure to FORGE
[18May2026 14:31:30.017] [modloading-worker-0/DEBUG] [net.minecraftforge.fml.javafmlmod.AutomaticEventSubscriber/LOADING]: Auto-subscribing net.mcreator.dungeonsandcombat.procedures.BlessedGoldToolsProcedure to FORGE
[18May2026 14:31:30.031] [modloading-worker-0/DEBUG] [net.minecraftforge.fml.javafmlmod.AutomaticEventSubscriber/LOADING]: Auto-subscribing net.mcreator.dungeonsandcombat.procedures.BlessedGoldArmorSetProcedure to FORGE
[18May2026 14:31:30.032] [modloading-worker-0/DEBUG] [net.minecraftforge.fml.javafmlmod.AutomaticEventSubscriber/LOADING]: Auto-subscribing net.mcreator.dungeonsandcombat.procedures.BleedingEdgeEffectProcedure to FORGE
[18May2026 14:31:30.033] [modloading-worker-0/DEBUG] [net.minecraftforge.fml.javafmlmod.AutomaticEventSubscriber/LOADING]: Auto-subscribing net.mcreator.dungeonsandcombat.procedures.BlazingFortressAdvancementProcedure to FORGE
[18May2026 14:31:30.033] [modloading-worker-0/DEBUG] [net.minecraftforge.fml.javafmlmod.AutomaticEventSubscriber/LOADING]: Auto-subscribing net.mcreator.dungeonsandcombat.procedures.AmmitEdgeEffectProcedure to FORGE
[18May2026 14:31:30.044] [modloading-worker-0/DEBUG] [net.minecraftforge.fml.javafmlmod.AutomaticEventSubscriber/LOADING]: Auto-subscribing net.mcreator.dungeonsandcombat.procedures.AmmitArmorBonusSetProcedure to FORGE
[18May2026 14:31:30.045] [modloading-worker-0/DEBUG] [net.minecraftforge.fml.javafmlmod.AutomaticEventSubscriber/LOADING]: Auto-subscribing net.mcreator.dungeonsandcombat.procedures.AcidMoltenBlazingAuraProcedure to FORGE
[18May2026 14:31:30.046] [modloading-worker-0/DEBUG] [net.minecraftforge.fml.javafmlmod.AutomaticEventSubscriber/LOADING]: Auto-subscribing net.mcreator.dungeonsandcombat.procedures.AcidFiredEntityProcedure to FORGE
[18May2026 14:31:30.047] [modloading-worker-0/DEBUG] [net.minecraftforge.fml.javafmlmod.AutomaticEventSubscriber/LOADING]: Auto-subscribing net.mcreator.dungeonsandcombat.procedures.AcidFireExtingProcedure to FORGE
[18May2026 14:31:30.048] [modloading-worker-0/DEBUG] [net.minecraftforge.fml.javafmlmod.AutomaticEventSubscriber/LOADING]: Auto-subscribing net.mcreator.dungeonsandcombat.procedures.AcidFireEdgeEffectProcedure to FORGE
[18May2026 14:31:30.048] [modloading-worker-0/DEBUG] [net.minecraftforge.fml.javafmlmod.AutomaticEventSubscriber/LOADING]: Auto-subscribing net.mcreator.dungeonsandcombat.procedures.AberratorChaliceProcedure to FORGE
[18May2026 14:31:30.049] [modloading-worker-0/DEBUG] [net.minecraftforge.fml.javafmlmod.AutomaticEventSubscriber/LOADING]: Auto-subscribing net.mcreator.dungeonsandcombat.network.VagabondClassGUIButtonMessage to MOD
[18May2026 14:31:30.050] [modloading-worker-0/DEBUG] [net.minecraftforge.fml.javafmlmod.AutomaticEventSubscriber/LOADING]: Auto-subscribing net.mcreator.dungeonsandcombat.network.TitanClassGUIButtonMessage to MOD
[18May2026 14:31:30.051] [modloading-worker-0/DEBUG] [net.minecraftforge.fml.javafmlmod.AutomaticEventSubscriber/LOADING]: Auto-subscribing net.mcreator.dungeonsandcombat.network.RogueClassGUIButtonMessage to MOD
[18May2026 14:31:30.053] [modloading-worker-0/DEBUG] [net.minecraftforge.fml.javafmlmod.AutomaticEventSubscriber/LOADING]: Auto-subscribing net.mcreator.dungeonsandcombat.network.OniSlayerClassGUIButtonMessage to MOD
[18May2026 14:31:30.053] [modloading-worker-0/DEBUG] [net.minecraftforge.fml.javafmlmod.AutomaticEventSubscriber/LOADING]: Auto-subscribing net.mcreator.dungeonsandcombat.network.ForgottenKnightClassGUIButtonMessage to MOD
[18May2026 14:31:30.054] [modloading-worker-0/DEBUG] [net.minecraftforge.fml.javafmlmod.AutomaticEventSubscriber/LOADING]: Auto-subscribing net.mcreator.dungeonsandcombat.network.ExliedClassGUIButtonMessage to MOD
[18May2026 14:31:30.056] [modloading-worker-0/DEBUG] [net.minecraftforge.fml.javafmlmod.AutomaticEventSubscriber/LOADING]: Auto-subscribing net.mcreator.dungeonsandcombat.network.BountyHunterClassGUIButtonMessage to MOD
[18May2026 14:31:30.059] [modloading-worker-0/DEBUG] [net.minecraftforge.fml.javafmlmod.AutomaticEventSubscriber/LOADING]: Auto-subscribing net.mcreator.dungeonsandcombat.init.ItemAnimationFactory to FORGE
[18May2026 14:31:30.060] [modloading-worker-0/DEBUG] [net.minecraftforge.fml.javafmlmod.AutomaticEventSubscriber/LOADING]: Auto-subscribing net.mcreator.dungeonsandcombat.init.EntityAnimationFactory to FORGE
[18May2026 14:31:30.060] [modloading-worker-0/DEBUG] [net.minecraftforge.fml.javafmlmod.AutomaticEventSubscriber/LOADING]: Auto-subscribing net.mcreator.dungeonsandcombat.init.DungeonsAndCombatModVillagerProfessions to MOD
[18May2026 14:31:30.063] [modloading-worker-0/DEBUG] [net.minecraftforge.fml.javafmlmod.AutomaticEventSubscriber/LOADING]: Auto-subscribing net.mcreator.dungeonsandcombat.init.DungeonsAndCombatModTrades to FORGE
[18May2026 14:31:30.064] [modloading-worker-0/DEBUG] [net.minecraftforge.fml.javafmlmod.AutomaticEventSubscriber/LOADING]: Auto-subscribing net.mcreator.dungeonsandcombat.init.DungeonsAndCombatModFuels to FORGE
[18May2026 14:31:30.065] [modloading-worker-0/DEBUG] [net.minecraftforge.fml.javafmlmod.AutomaticEventSubscriber/LOADING]: Auto-subscribing net.mcreator.dungeonsandcombat.init.DungeonsAndCombatModEntities to MOD
[18May2026 14:31:30.065] [modloading-worker-0/DEBUG] [net.minecraftforge.fml.javafmlmod.AutomaticEventSubscriber/LOADING]: Auto-subscribing net.mcreator.dungeonsandcombat.init.DungeonsAndCombatModCustomCuriosSlots to MOD
[18May2026 14:31:30.066] [modloading-worker-0/DEBUG] [net.minecraftforge.fml.javafmlmod.AutomaticEventSubscriber/LOADING]: Auto-subscribing net.mcreator.dungeonsandcombat.init.DungeonsAndCombatModCuriosSlots to MOD
[18May2026 14:31:30.066] [modloading-worker-0/DEBUG] [net.minecraftforge.fml.javafmlmod.AutomaticEventSubscriber/LOADING]: Auto-subscribing net.mcreator.dungeonsandcombat.init.DungeonsAndCombatModCuriosRenderers to MOD
[18May2026 14:31:30.068] [modloading-worker-0/DEBUG] [net.minecraftforge.fml.javafmlmod.AutomaticEventSubscriber/LOADING]: Auto-subscribing net.mcreator.dungeonsandcombat.init.DungeonsAndCombatModAttributes to MOD
[18May2026 14:31:30.069] [modloading-worker-0/DEBUG] [net.minecraftforge.fml.javafmlmod.AutomaticEventSubscriber/LOADING]: Attempting to inject @EventBusSubscriber classes into the eventbus for tohiro_ores
[18May2026 14:31:30.070] [modloading-worker-0/DEBUG] [net.minecraftforge.fml.javafmlmod.AutomaticEventSubscriber/LOADING]: Auto-subscribing net.mcreator.tohiroores.procedures.WulfrumArmorSetBonusProcedure to FORGE
[18May2026 14:31:30.071] [modloading-worker-0/DEBUG] [net.minecraftforge.fml.javafmlmod.AutomaticEventSubscriber/LOADING]: Auto-subscribing net.mcreator.tohiroores.procedures.CrystalArmorBonusSetProcedure to FORGE
[18May2026 14:31:30.091] [modloading-worker-0/DEBUG] [net.minecraftforge.fml.config.ConfigTracker/CONFIG]: Config file tconstruct-common.toml for tconstruct tracking
[18May2026 14:31:30.091] [modloading-worker-0/DEBUG] [net.minecraftforge.fml.config.ConfigTracker/CONFIG]: Config file tconstruct-client.toml for tconstruct tracking
[18May2026 14:31:30.150] [modloading-worker-0/DEBUG] [net.minecraftforge.fml.javafmlmod.AutomaticEventSubscriber/LOADING]: Attempting to inject @EventBusSubscriber classes into the eventbus for realmrpg_skeletons
[18May2026 14:31:30.154] [modloading-worker-0/DEBUG] [net.minecraftforge.fml.javafmlmod.AutomaticEventSubscriber/LOADING]: Auto-subscribing net.mcreator.realmrpgskeletons.world.features.StructureFeature to FORGE
[18May2026 14:31:30.154] [modloading-worker-0/DEBUG] [net.minecraftforge.fml.javafmlmod.AutomaticEventSubscriber/LOADING]: Auto-subscribing net.mcreator.realmrpgskeletons.procedures.ModCompatProcedure to FORGE
[18May2026 14:31:30.157] [modloading-worker-0/DEBUG] [net.minecraftforge.fml.javafmlmod.AutomaticEventSubscriber/LOADING]: Auto-subscribing net.mcreator.realmrpgskeletons.init.RealmrpgSkeletonsModFeatures to FORGE
[18May2026 14:31:30.182] [modloading-worker-0/DEBUG] [net.minecraftforge.fml.javafmlmod.AutomaticEventSubscriber/LOADING]: Attempting to inject @EventBusSubscriber classes into the eventbus for emi
[18May2026 14:31:30.188] [modloading-worker-0/DEBUG] [net.minecraftforge.fml.config.ConfigTracker/CONFIG]: Config file jei-server.toml for jei tracking
[18May2026 14:31:30.204] [modloading-worker-0/DEBUG] [net.minecraftforge.fml.javafmlmod.AutomaticEventSubscriber/LOADING]: Attempting to inject @EventBusSubscriber classes into the eventbus for jei
[18May2026 14:31:30.211] [modloading-worker-0/DEBUG] [net.minecraftforge.fml.config.ConfigTracker/CONFIG]: Config file moonlight-common.toml for moonlight tracking
[18May2026 14:31:30.220] [modloading-worker-0/DEBUG] [mixin/]: Mixing common.ServerLifecycleHooksMixin from lithostitched.forge.mixins.json into net.minecraftforge.server.ServerLifecycleHooks
[18May2026 14:31:30.221] [modloading-worker-0/DEBUG] [mixin/]: Renaming synthetic method lambda$lithostitched$injectBiomeModifers$1(Ljava/util/List;Ljava/util/Map$Entry;)V to md740d9a$lambda$lithostitched$injectBiomeModifers$1$0 in lithostitched.forge.mixins.json:common.ServerLifecycleHooksMixin
[18May2026 14:31:30.221] [modloading-worker-0/DEBUG] [mixin/]: Renaming synthetic method lambda$lithostitched$injectBiomeModifers$0(Ljava/util/Map$Entry;)Z to md740d9a$lambda$lithostitched$injectBiomeModifers$0$1 in lithostitched.forge.mixins.json:common.ServerLifecycleHooksMixin
[18May2026 14:31:30.402] [modloading-worker-0/DEBUG] [net.minecraftforge.fml.javafmlmod.AutomaticEventSubscriber/LOADING]: Attempting to inject @EventBusSubscriber classes into the eventbus for moonlight
[18May2026 14:31:30.421] [modloading-worker-0/DEBUG] [net.minecraftforge.fml.config.ConfigTracker/CONFIG]: Config file toolbelt-server.toml for toolbelt tracking
[18May2026 14:31:30.423] [modloading-worker-0/DEBUG] [net.minecraftforge.fml.config.ConfigTracker/CONFIG]: Config file toolbelt-client.toml for toolbelt tracking
[18May2026 14:31:30.423] [modloading-worker-0/DEBUG] [net.minecraftforge.fml.config.ConfigTracker/CONFIG]: Config file toolbelt-common.toml for toolbelt tracking
[18May2026 14:31:30.423] [modloading-worker-0/DEBUG] [net.minecraftforge.fml.javafmlmod.AutomaticEventSubscriber/LOADING]: Attempting to inject @EventBusSubscriber classes into the eventbus for toolbelt
[18May2026 14:31:30.423] [modloading-worker-0/DEBUG] [net.minecraftforge.fml.javafmlmod.AutomaticEventSubscriber/LOADING]: Auto-subscribing dev.gigaherz.toolbelt.common.BeltEvents to FORGE
[18May2026 14:31:30.424] [modloading-worker-0/DEBUG] [net.minecraftforge.fml.javafmlmod.AutomaticEventSubscriber/LOADING]: Auto-subscribing dev.gigaherz.toolbelt.BeltFinderDebug to MOD
[18May2026 14:31:30.426] [modloading-worker-0/DEBUG] [net.minecraftforge.fml.javafmlmod.AutomaticEventSubscriber/LOADING]: Attempting to inject @EventBusSubscriber classes into the eventbus for mixinsquared
[18May2026 14:31:30.441] [modloading-worker-0/DEBUG] [CorgiLib/]: Loaded corgitaco.corgilib.forge.platform.ForgePlatform@33787cfa for service interface corgitaco.corgilib.platform.ModPlatform
[18May2026 14:31:30.548] [modloading-worker-0/DEBUG] [net.minecraftforge.fml.javafmlmod.AutomaticEventSubscriber/LOADING]: Attempting to inject @EventBusSubscriber classes into the eventbus for corgilib
[18May2026 14:31:30.548] [modloading-worker-0/DEBUG] [net.minecraftforge.fml.javafmlmod.AutomaticEventSubscriber/LOADING]: Auto-subscribing corgitaco.corgilib.forge.CorgiLibForgeEvents to FORGE
[18May2026 14:31:30.588] [modloading-worker-0/DEBUG] [net.minecraftforge.fml.javafmlmod.AutomaticEventSubscriber/LOADING]: Attempting to inject @EventBusSubscriber classes into the eventbus for born_in_chaos_v1
[18May2026 14:31:30.588] [modloading-worker-0/DEBUG] [net.minecraftforge.fml.javafmlmod.AutomaticEventSubscriber/LOADING]: Auto-subscribing net.mcreator.borninchaosv.recipes.brewing.StimulatingDecoctionPBrewingRecipe to MOD
[18May2026 14:31:30.591] [modloading-worker-0/DEBUG] [net.minecraftforge.fml.javafmlmod.AutomaticEventSubscriber/LOADING]: Auto-subscribing net.mcreator.borninchaosv.recipes.brewing.SeaTerrorEyeKBrewingRecipe to MOD
[18May2026 14:31:30.592] [modloading-worker-0/DEBUG] [net.minecraftforge.fml.javafmlmod.AutomaticEventSubscriber/LOADING]: Auto-subscribing net.mcreator.borninchaosv.recipes.brewing.PotionofRampagekBrewingRecipe to MOD
[18May2026 14:31:30.593] [modloading-worker-0/DEBUG] [net.minecraftforge.fml.javafmlmod.AutomaticEventSubscriber/LOADING]: Auto-subscribing net.mcreator.borninchaosv.recipes.brewing.PotionofMagicalDepletionKBrewingRecipe to MOD
[18May2026 14:31:30.594] [modloading-worker-0/DEBUG] [net.minecraftforge.fml.javafmlmod.AutomaticEventSubscriber/LOADING]: Auto-subscribing net.mcreator.borninchaosv.recipes.brewing.PotionofLivingCocoonCraftBrewingRecipe to MOD
[18May2026 14:31:30.597] [modloading-worker-0/DEBUG] [net.minecraftforge.fml.javafmlmod.AutomaticEventSubscriber/LOADING]: Auto-subscribing net.mcreator.borninchaosv.recipes.brewing.IntoxicationPotionKBrewingRecipe to MOD
[18May2026 14:31:30.598] [modloading-worker-0/DEBUG] [net.minecraftforge.fml.javafmlmod.AutomaticEventSubscriber/LOADING]: Auto-subscribing net.mcreator.borninchaosv.recipes.brewing.ElixirofWitherResistanceCraftBrewingRecipe to MOD
[18May2026 14:31:30.598] [modloading-worker-0/DEBUG] [net.minecraftforge.fml.javafmlmod.AutomaticEventSubscriber/LOADING]: Auto-subscribing net.mcreator.borninchaosv.recipes.brewing.ElixirofVampirismKBrewingRecipe to MOD
[18May2026 14:31:30.599] [modloading-worker-0/DEBUG] [net.minecraftforge.fml.javafmlmod.AutomaticEventSubscriber/LOADING]: Auto-subscribing net.mcreator.borninchaosv.recipes.brewing.ElixirofInsectProtectionCraftBrewingRecipe to MOD
[18May2026 14:31:30.599] [modloading-worker-0/DEBUG] [net.minecraftforge.fml.javafmlmod.AutomaticEventSubscriber/LOADING]: Auto-subscribing net.mcreator.borninchaosv.recipes.brewing.ElixirofIceBarrierCraftBrewingRecipe to MOD
[18May2026 14:31:30.600] [modloading-worker-0/DEBUG] [net.minecraftforge.fml.javafmlmod.AutomaticEventSubscriber/LOADING]: Auto-subscribing net.mcreator.borninchaosv.recipes.brewing.ChaosComponentCraftBrewingRecipe to MOD
[18May2026 14:31:30.605] [modloading-worker-0/DEBUG] [net.minecraftforge.fml.javafmlmod.AutomaticEventSubscriber/LOADING]: Auto-subscribing net.mcreator.borninchaosv.recipes.brewing.BottleOfMagicalEnergyKBrewingRecipe to MOD
[18May2026 14:31:30.606] [modloading-worker-0/DEBUG] [net.minecraftforge.fml.javafmlmod.AutomaticEventSubscriber/LOADING]: Auto-subscribing net.mcreator.borninchaosv.procedures.ZombieswithDoorPriObnovlieniiTaktaSushchnostiProcedure to FORGE
[18May2026 14:31:30.608] [modloading-worker-0/DEBUG] [net.minecraftforge.fml.javafmlmod.AutomaticEventSubscriber/LOADING]: Auto-subscribing net.mcreator.borninchaosv.procedures.ZombiefishermanatackProcedure to FORGE
[18May2026 14:31:30.609] [modloading-worker-0/DEBUG] [net.minecraftforge.fml.javafmlmod.AutomaticEventSubscriber/LOADING]: Auto-subscribing net.mcreator.borninchaosv.procedures.ZombieclownatacProcedure to FORGE
[18May2026 14:31:30.613] [modloading-worker-0/DEBUG] [net.minecraftforge.fml.javafmlmod.AutomaticEventSubscriber/LOADING]: Auto-subscribing net.mcreator.borninchaosv.procedures.ZombieMaggotsProcedure to FORGE
[18May2026 14:31:30.616] [modloading-worker-0/DEBUG] [net.minecraftforge.fml.javafmlmod.AutomaticEventSubscriber/LOADING]: Auto-subscribing net.mcreator.borninchaosv.procedures.ZombieLumberjackAtackProcedure to FORGE
[18May2026 14:31:30.616] [modloading-worker-0/DEBUG] [net.minecraftforge.fml.javafmlmod.AutomaticEventSubscriber/LOADING]: Auto-subscribing net.mcreator.borninchaosv.procedures.ZombieBruiseratackProcedure to FORGE
[18May2026 14:31:30.617] [modloading-worker-0/DEBUG] [net.minecraftforge.fml.javafmlmod.AutomaticEventSubscriber/LOADING]: Auto-subscribing net.mcreator.borninchaosv.procedures.WarningSoundProcedure to FORGE
[18May2026 14:31:30.621] [modloading-worker-0/DEBUG] [net.minecraftforge.fml.javafmlmod.AutomaticEventSubscriber/LOADING]: Attempting to inject @EventBusSubscriber classes into the eventbus for slu
[18May2026 14:31:30.621] [modloading-worker-0/DEBUG] [net.minecraftforge.fml.javafmlmod.AutomaticEventSubscriber/LOADING]: Auto-subscribing net.mcreator.slu.procedures.WeaponsTooltipProcedure to FORGE
[18May2026 14:31:30.621] [modloading-worker-0/DEBUG] [net.minecraftforge.fml.javafmlmod.AutomaticEventSubscriber/LOADING]: Auto-subscribing net.mcreator.borninchaosv.procedures.VampiricTouchAtackProcedure to FORGE
[18May2026 14:31:30.625] [modloading-worker-0/DEBUG] [net.minecraftforge.fml.javafmlmod.AutomaticEventSubscriber/LOADING]: Auto-subscribing net.mcreator.borninchaosv.procedures.TransmutingElixirclicProcedure to FORGE
[18May2026 14:31:30.626] [modloading-worker-0/DEBUG] [net.minecraftforge.fml.javafmlmod.AutomaticEventSubscriber/LOADING]: Auto-subscribing net.mcreator.borninchaosv.procedures.ThornshellCrabPriShchielchkiePKMPoSushchnostiProcedure to FORGE
[18May2026 14:31:30.627] [modloading-worker-0/DEBUG] [net.minecraftforge.fml.javafmlmod.AutomaticEventSubscriber/LOADING]: Auto-subscribing net.mcreator.borninchaosv.procedures.SwarmerPreparationProcedure to FORGE
[18May2026 14:31:30.627] [modloading-worker-0/DEBUG] [net.minecraftforge.fml.javafmlmod.AutomaticEventSubscriber/LOADING]: Auto-subscribing net.mcreator.slu.procedures.WeaponsTooltip2Procedure to FORGE
[18May2026 14:31:30.628] [modloading-worker-0/DEBUG] [net.minecraftforge.fml.javafmlmod.AutomaticEventSubscriber/LOADING]: Auto-subscribing net.mcreator.slu.procedures.VenomCodeProcedure to FORGE
[18May2026 14:31:30.629] [modloading-worker-0/DEBUG] [net.minecraftforge.fml.javafmlmod.AutomaticEventSubscriber/LOADING]: Auto-subscribing net.mcreator.slu.procedures.TrailShowCodeProcedure to FORGE
[18May2026 14:31:30.630] [modloading-worker-0/DEBUG] [net.minecraftforge.fml.javafmlmod.AutomaticEventSubscriber/LOADING]: Auto-subscribing net.mcreator.borninchaosv.procedures.SpiritofChaosAtackProcedure to FORGE
[18May2026 14:31:30.635] [modloading-worker-0/DEBUG] [net.minecraftforge.fml.javafmlmod.AutomaticEventSubscriber/LOADING]: Auto-subscribing net.mcreator.borninchaosv.procedures.SpiritGuideAtacProcedure to FORGE
[18May2026 14:31:30.638] [modloading-worker-0/DEBUG] [net.minecraftforge.fml.javafmlmod.AutomaticEventSubscriber/LOADING]: Auto-subscribing net.mcreator.slu.procedures.TeleportCodeProcedure to FORGE
[18May2026 14:31:30.639] [modloading-worker-0/DEBUG] [net.minecraftforge.fml.javafmlmod.AutomaticEventSubscriber/LOADING]: Auto-subscribing net.mcreator.borninchaosv.procedures.SpinyShellArmorKazhdyiTikDliaShliemaProcedure to FORGE
[18May2026 14:31:30.640] [modloading-worker-0/DEBUG] [net.minecraftforge.fml.javafmlmod.AutomaticEventSubscriber/LOADING]: Auto-subscribing net.mcreator.borninchaosv.procedures.SkeletonThrasherDProcedure to FORGE
[18May2026 14:31:30.640] [modloading-worker-0/DEBUG] [net.minecraftforge.fml.javafmlmod.AutomaticEventSubscriber/LOADING]: Auto-subscribing net.mcreator.borninchaosv.procedures.SerPumpkinheadAtacProcedure to FORGE
[18May2026 14:31:30.641] [modloading-worker-0/DEBUG] [net.minecraftforge.fml.javafmlmod.AutomaticEventSubscriber/LOADING]: Auto-subscribing net.mcreator.borninchaosv.procedures.SearedspiritPProcedure to FORGE
[18May2026 14:31:30.645] [modloading-worker-0/DEBUG] [net.minecraftforge.fml.javafmlmod.AutomaticEventSubscriber/LOADING]: Auto-subscribing net.mcreator.borninchaosv.procedures.RampagePProcedure to FORGE
[18May2026 14:31:30.645] [modloading-worker-0/DEBUG] [net.minecraftforge.fml.javafmlmod.AutomaticEventSubscriber/LOADING]: Auto-subscribing net.mcreator.slu.procedures.TeamBossFollowingProcedure to FORGE
[18May2026 14:31:30.649] [modloading-worker-0/DEBUG] [net.minecraftforge.fml.javafmlmod.AutomaticEventSubscriber/LOADING]: Auto-subscribing net.mcreator.slu.procedures.SylasChainRightClickProcedure to FORGE
[18May2026 14:31:30.649] [modloading-worker-0/DEBUG] [net.minecraftforge.fml.javafmlmod.AutomaticEventSubscriber/LOADING]: Auto-subscribing net.mcreator.borninchaosv.procedures.PumpkinbruiserAtacProcedure to FORGE
[18May2026 14:31:30.652] [modloading-worker-0/DEBUG] [net.minecraftforge.fml.javafmlmod.AutomaticEventSubscriber/LOADING]: Auto-subscribing net.mcreator.slu.procedures.SpecialSkillCodeProcedure to FORGE
[18May2026 14:31:30.653] [modloading-worker-0/DEBUG] [net.minecraftforge.fml.javafmlmod.AutomaticEventSubscriber/LOADING]: Auto-subscribing net.mcreator.slu.procedures.SkillCodeProcedure to FORGE
[18May2026 14:31:30.654] [modloading-worker-0/DEBUG] [net.minecraftforge.fml.javafmlmod.AutomaticEventSubscriber/LOADING]: Auto-subscribing net.mcreator.slu.procedures.ShotgunRightClickProcedure to FORGE
[18May2026 14:31:30.652] [modloading-worker-0/DEBUG] [net.minecraftforge.fml.javafmlmod.AutomaticEventSubscriber/LOADING]: Auto-subscribing net.mcreator.borninchaosv.procedures.PositiveTamingProcedure to FORGE
[18May2026 14:31:30.659] [modloading-worker-0/DEBUG] [net.minecraftforge.fml.javafmlmod.AutomaticEventSubscriber/LOADING]: Auto-subscribing net.mcreator.slu.procedures.ShieldTooltipProcedure to FORGE
[18May2026 14:31:30.660] [modloading-worker-0/DEBUG] [net.minecraftforge.fml.javafmlmod.AutomaticEventSubscriber/LOADING]: Auto-subscribing net.mcreator.slu.procedures.ShieldTickCodeProcedure to FORGE
[18May2026 14:31:30.659] [modloading-worker-0/DEBUG] [net.minecraftforge.fml.javafmlmod.AutomaticEventSubscriber/LOADING]: Auto-subscribing net.mcreator.borninchaosv.procedures.PositiveFertilizerProcedure to FORGE
[18May2026 14:31:30.661] [modloading-worker-0/DEBUG] [net.minecraftforge.fml.javafmlmod.AutomaticEventSubscriber/LOADING]: Auto-subscribing net.mcreator.borninchaosv.procedures.PiritAtacProcedure to FORGE
[18May2026 14:31:30.662] [modloading-worker-0/DEBUG] [net.minecraftforge.fml.javafmlmod.AutomaticEventSubscriber/LOADING]: Auto-subscribing net.mcreator.borninchaosv.procedures.ObsessiondeadProcedure to FORGE
[18May2026 14:31:30.662] [modloading-worker-0/DEBUG] [net.minecraftforge.fml.javafmlmod.AutomaticEventSubscriber/LOADING]: Auto-subscribing net.mcreator.slu.procedures.RightClickWithSpellCodeProcedure to FORGE
[18May2026 14:31:30.666] [modloading-worker-0/DEBUG] [net.minecraftforge.fml.javafmlmod.AutomaticEventSubscriber/LOADING]: Auto-subscribing net.mcreator.borninchaosv.procedures.NightmareStalkerDamProcedure to FORGE
[18May2026 14:31:30.667] [modloading-worker-0/DEBUG] [net.minecraftforge.fml.javafmlmod.AutomaticEventSubscriber/LOADING]: Auto-subscribing net.mcreator.borninchaosv.procedures.MrPumpkinAtacProcedure to FORGE
[18May2026 14:31:30.669] [modloading-worker-0/DEBUG] [net.minecraftforge.fml.javafmlmod.AutomaticEventSubscriber/LOADING]: Auto-subscribing net.mcreator.borninchaosv.procedures.MotherSpiderAtackProcedure to FORGE
[18May2026 14:31:30.669] [modloading-worker-0/DEBUG] [net.minecraftforge.fml.javafmlmod.AutomaticEventSubscriber/LOADING]: Auto-subscribing net.mcreator.borninchaosv.procedures.MissionaryHatpProcedure to FORGE
[18May2026 14:31:30.671] [modloading-worker-0/DEBUG] [net.minecraftforge.fml.javafmlmod.AutomaticEventSubscriber/LOADING]: Auto-subscribing net.mcreator.borninchaosv.procedures.MissionaryAtacktargetProcedure to FORGE
[18May2026 14:31:30.668] [modloading-worker-0/DEBUG] [net.minecraftforge.fml.javafmlmod.AutomaticEventSubscriber/LOADING]: Auto-subscribing net.mcreator.slu.procedures.PlayerTickProcedure to FORGE
[18May2026 14:31:30.673] [modloading-worker-0/DEBUG] [net.minecraftforge.fml.javafmlmod.AutomaticEventSubscriber/LOADING]: Auto-subscribing net.mcreator.slu.procedures.PlayerRejoinCodeProcedure to FORGE
[18May2026 14:31:30.674] [modloading-worker-0/DEBUG] [net.minecraftforge.fml.javafmlmod.AutomaticEventSubscriber/LOADING]: Auto-subscribing net.mcreator.slu.procedures.PlayerDieCodeProcedure to FORGE
[18May2026 14:31:30.675] [modloading-worker-0/DEBUG] [net.minecraftforge.fml.javafmlmod.AutomaticEventSubscriber/LOADING]: Auto-subscribing net.mcreator.slu.procedures.OthersTooltipProcedure to FORGE
[18May2026 14:31:30.675] [modloading-worker-0/DEBUG] [net.minecraftforge.fml.javafmlmod.AutomaticEventSubscriber/LOADING]: Auto-subscribing net.mcreator.borninchaosv.procedures.MinionsattacktargetProcedure to FORGE
[18May2026 14:31:30.676] [modloading-worker-0/DEBUG] [net.minecraftforge.fml.javafmlmod.AutomaticEventSubscriber/LOADING]: Auto-subscribing net.mcreator.borninchaosv.procedures.LunarSpruceCowboyPProcedure to FORGE
[18May2026 14:31:30.677] [modloading-worker-0/DEBUG] [net.minecraftforge.fml.javafmlmod.AutomaticEventSubscriber/LOADING]: Auto-subscribing net.mcreator.slu.procedures.NoEquipCodeProcedure to FORGE
[18May2026 14:31:30.678] [modloading-worker-0/DEBUG] [net.minecraftforge.fml.javafmlmod.AutomaticEventSubscriber/LOADING]: Auto-subscribing net.mcreator.borninchaosv.procedures.LordsFelsteedatackProcedure to FORGE
[18May2026 14:31:30.678] [modloading-worker-0/DEBUG] [net.minecraftforge.fml.javafmlmod.AutomaticEventSubscriber/LOADING]: Auto-subscribing net.mcreator.slu.procedures.NoDropCodeProcedure to FORGE
[18May2026 14:31:30.680] [modloading-worker-0/DEBUG] [net.minecraftforge.fml.javafmlmod.AutomaticEventSubscriber/LOADING]: Auto-subscribing net.mcreator.slu.procedures.NoDamageCodeProcedure to FORGE
[18May2026 14:31:30.679] [modloading-worker-0/DEBUG] [net.minecraftforge.fml.javafmlmod.AutomaticEventSubscriber/LOADING]: Auto-subscribing net.mcreator.borninchaosv.procedures.LordTheHeadlessAtackProcedure to FORGE
[18May2026 14:31:30.681] [modloading-worker-0/DEBUG] [net.minecraftforge.fml.javafmlmod.AutomaticEventSubscriber/LOADING]: Auto-subscribing net.mcreator.slu.procedures.NoAttackingCodeProcedure to FORGE
[18May2026 14:31:30.682] [modloading-worker-0/DEBUG] [net.minecraftforge.fml.javafmlmod.AutomaticEventSubscriber/LOADING]: Auto-subscribing net.mcreator.slu.procedures.MagicStaffRightClickCodeProcedure to FORGE
[18May2026 14:31:30.682] [modloading-worker-0/DEBUG] [net.minecraftforge.fml.javafmlmod.AutomaticEventSubscriber/LOADING]: Auto-subscribing net.mcreator.borninchaosv.procedures.LordPumpkinheadsHatHitProcedure to FORGE
[18May2026 14:31:30.683] [modloading-worker-0/DEBUG] [net.minecraftforge.fml.javafmlmod.AutomaticEventSubscriber/LOADING]: Auto-subscribing net.mcreator.borninchaosv.procedures.LordPumpkinheadatackProcedure to FORGE
[18May2026 14:31:30.684] [modloading-worker-0/DEBUG] [net.minecraftforge.fml.javafmlmod.AutomaticEventSubscriber/LOADING]: Auto-subscribing net.mcreator.borninchaosv.procedures.LivingcocoonplayersideDeadProcedure to FORGE
[18May2026 14:31:30.684] [modloading-worker-0/DEBUG] [net.minecraftforge.fml.javafmlmod.AutomaticEventSubscriber/LOADING]: Auto-subscribing net.mcreator.slu.procedures.LifestealCodeProcedure to FORGE
[18May2026 14:31:30.685] [modloading-worker-0/DEBUG] [net.minecraftforge.fml.javafmlmod.AutomaticEventSubscriber/LOADING]: Auto-subscribing net.mcreator.slu.procedures.LegendaryWeaponTooltipProcedure to FORGE
[18May2026 14:31:30.687] [modloading-worker-0/DEBUG] [net.minecraftforge.fml.javafmlmod.AutomaticEventSubscriber/LOADING]: Auto-subscribing net.mcreator.slu.procedures.LegendaryWeaponTooltip2Procedure to FORGE
[18May2026 14:31:30.686] [modloading-worker-0/DEBUG] [net.minecraftforge.fml.javafmlmod.AutomaticEventSubscriber/LOADING]: Auto-subscribing net.mcreator.borninchaosv.procedures.LivingCocoonDeadProcedure to FORGE
[18May2026 14:31:30.688] [modloading-worker-0/DEBUG] [net.minecraftforge.fml.javafmlmod.AutomaticEventSubscriber/LOADING]: Auto-subscribing net.mcreator.borninchaosv.procedures.LifestealerTFAtackProcedure to FORGE
[18May2026 14:31:30.688] [modloading-worker-0/DEBUG] [net.minecraftforge.fml.javafmlmod.AutomaticEventSubscriber/LOADING]: Auto-subscribing net.mcreator.borninchaosv.procedures.LifestealerAtackProcedure to FORGE
[18May2026 14:31:30.689] [modloading-worker-0/DEBUG] [net.minecraftforge.fml.javafmlmod.AutomaticEventSubscriber/LOADING]: Auto-subscribing net.mcreator.slu.procedures.LegendaryDropCodeProcedure to FORGE
[18May2026 14:31:30.691] [modloading-worker-0/DEBUG] [net.minecraftforge.fml.javafmlmod.AutomaticEventSubscriber/LOADING]: Auto-subscribing net.mcreator.slu.procedures.LastDamageCodeProcedure to FORGE
[18May2026 14:31:30.690] [modloading-worker-0/DEBUG] [net.minecraftforge.fml.javafmlmod.AutomaticEventSubscriber/LOADING]: Auto-subscribing net.mcreator.borninchaosv.procedures.KrampusHenchmanAttackProcedure to FORGE
[18May2026 14:31:30.692] [modloading-worker-0/DEBUG] [net.minecraftforge.fml.javafmlmod.AutomaticEventSubscriber/LOADING]: Auto-subscribing net.mcreator.borninchaosv.procedures.KrampusAttackProcedure to FORGE
[18May2026 14:31:30.696] [modloading-worker-0/DEBUG] [net.minecraftforge.fml.javafmlmod.AutomaticEventSubscriber/LOADING]: Auto-subscribing net.mcreator.slu.procedures.FirstJoiningCodeProcedure to FORGE
[18May2026 14:31:30.696] [modloading-worker-0/DEBUG] [net.minecraftforge.fml.javafmlmod.AutomaticEventSubscriber/LOADING]: Auto-subscribing net.mcreator.borninchaosv.procedures.KillinganimalsProcedure to FORGE
[18May2026 14:31:30.697] [modloading-worker-0/DEBUG] [net.minecraftforge.fml.javafmlmod.AutomaticEventSubscriber/LOADING]: Auto-subscribing net.mcreator.borninchaosv.procedures.KillingVillagersProcedure to FORGE
[18May2026 14:31:30.698] [modloading-worker-0/DEBUG] [net.minecraftforge.fml.javafmlmod.AutomaticEventSubscriber/LOADING]: Auto-subscribing net.mcreator.slu.procedures.EstusFlaskTooltipProcedure to FORGE
[18May2026 14:31:30.699] [modloading-worker-0/DEBUG] [net.minecraftforge.fml.javafmlmod.AutomaticEventSubscriber/LOADING]: Auto-subscribing net.mcreator.slu.procedures.EstusFlaskCodeProcedure to FORGE
[18May2026 14:31:30.699] [modloading-worker-0/DEBUG] [net.minecraftforge.fml.javafmlmod.AutomaticEventSubscriber/LOADING]: Auto-subscribing net.mcreator.borninchaosv.procedures.InsectProtectionTrigerProcedure to FORGE
[18May2026 14:31:30.700] [modloading-worker-0/DEBUG] [net.minecraftforge.fml.javafmlmod.AutomaticEventSubscriber/LOADING]: Auto-subscribing net.mcreator.borninchaosv.procedures.InfernalSpiritAtackProcedure to FORGE
[18May2026 14:31:30.702] [modloading-worker-0/DEBUG] [net.minecraftforge.fml.javafmlmod.AutomaticEventSubscriber/LOADING]: Auto-subscribing net.mcreator.borninchaosv.procedures.IceBarrierAttackProcedure to FORGE
[18May2026 14:31:30.702] [modloading-worker-0/DEBUG] [net.minecraftforge.fml.javafmlmod.AutomaticEventSubscriber/LOADING]: Auto-subscribing net.mcreator.slu.procedures.EntityTickProcedure to FORGE
[18May2026 14:31:30.703] [modloading-worker-0/DEBUG] [net.minecraftforge.fml.javafmlmod.AutomaticEventSubscriber/LOADING]: Auto-subscribing net.mcreator.slu.procedures.EntityAggroFix2CodeProcedure to FORGE
[18May2026 14:31:30.704] [modloading-worker-0/DEBUG] [net.minecraftforge.fml.javafmlmod.AutomaticEventSubscriber/LOADING]: Auto-subscribing net.mcreator.borninchaosv.procedures.HewnScorchedLogPProcedure to FORGE
[18May2026 14:31:30.706] [modloading-worker-0/DEBUG] [net.minecraftforge.fml.javafmlmod.AutomaticEventSubscriber/LOADING]: Auto-subscribing net.mcreator.borninchaosv.procedures.HalloweenEventSpawnProcedure to FORGE
[18May2026 14:31:30.705] [modloading-worker-0/DEBUG] [net.minecraftforge.fml.javafmlmod.AutomaticEventSubscriber/LOADING]: Auto-subscribing net.mcreator.slu.procedures.EntityAggroFix1CodeProcedure to FORGE
[18May2026 14:31:30.706] [modloading-worker-0/DEBUG] [net.minecraftforge.fml.javafmlmod.AutomaticEventSubscriber/LOADING]: Auto-subscribing net.mcreator.slu.procedures.DropCodeProcedure to FORGE
[18May2026 14:31:30.707] [modloading-worker-0/DEBUG] [net.minecraftforge.fml.javafmlmod.AutomaticEventSubscriber/LOADING]: Auto-subscribing net.mcreator.borninchaosv.procedures.HalloweenEventDropProcedure to FORGE
[18May2026 14:31:30.709] [modloading-worker-0/DEBUG] [net.minecraftforge.fml.javafmlmod.AutomaticEventSubscriber/LOADING]: Auto-subscribing net.mcreator.borninchaosv.procedures.GluttonfishatackProcedure to FORGE
[18May2026 14:31:30.711] [modloading-worker-0/DEBUG] [net.minecraftforge.fml.javafmlmod.AutomaticEventSubscriber/LOADING]: Auto-subscribing net.mcreator.borninchaosv.procedures.FragileScorchedPlanksPProcedure to FORGE
[18May2026 14:31:30.712] [modloading-worker-0/DEBUG] [net.minecraftforge.fml.javafmlmod.AutomaticEventSubscriber/LOADING]: Auto-subscribing net.mcreator.borninchaosv.procedures.FirelightDProcedure to FORGE
[18May2026 14:31:30.710] [modloading-worker-0/DEBUG] [net.minecraftforge.fml.javafmlmod.AutomaticEventSubscriber/LOADING]: Auto-subscribing net.mcreator.slu.procedures.DevilHandRightClickProcedure to FORGE
[18May2026 14:31:30.713] [modloading-worker-0/DEBUG] [net.minecraftforge.fml.javafmlmod.AutomaticEventSubscriber/LOADING]: Auto-subscribing net.mcreator.slu.procedures.CreatorStaffRightClickCodeProcedure to FORGE
[18May2026 14:31:30.714] [modloading-worker-0/DEBUG] [net.minecraftforge.fml.javafmlmod.AutomaticEventSubscriber/LOADING]: Auto-subscribing net.mcreator.slu.procedures.BossAttackCodeProcedure to FORGE
[18May2026 14:31:30.714] [modloading-worker-0/DEBUG] [net.minecraftforge.fml.javafmlmod.AutomaticEventSubscriber/LOADING]: Auto-subscribing net.mcreator.borninchaosv.procedures.ExperienceContainerDeathProcedure to FORGE
[18May2026 14:31:30.715] [modloading-worker-0/DEBUG] [net.minecraftforge.fml.javafmlmod.AutomaticEventSubscriber/LOADING]: Auto-subscribing net.mcreator.borninchaosv.procedures.EvilCarvedPumpkinPProcedure to FORGE
[18May2026 14:31:30.716] [modloading-worker-0/DEBUG] [net.minecraftforge.fml.javafmlmod.AutomaticEventSubscriber/LOADING]: Auto-subscribing net.mcreator.borninchaosv.procedures.EatingRottenFleshProcedure to FORGE
[18May2026 14:31:30.715] [modloading-worker-0/DEBUG] [net.minecraftforge.fml.javafmlmod.AutomaticEventSubscriber/LOADING]: Auto-subscribing net.mcreator.slu.procedures.BossAiCode2Procedure to FORGE
[18May2026 14:31:30.717] [modloading-worker-0/DEBUG] [net.minecraftforge.fml.javafmlmod.AutomaticEventSubscriber/LOADING]: Auto-subscribing net.mcreator.slu.procedures.BoatBreakerProcedure to FORGE
[18May2026 14:31:30.718] [modloading-worker-0/DEBUG] [net.minecraftforge.fml.javafmlmod.AutomaticEventSubscriber/LOADING]: Auto-subscribing net.mcreator.slu.procedures.BlockRightClickCodeProcedure to FORGE
[18May2026 14:31:30.718] [modloading-worker-0/DEBUG] [net.minecraftforge.fml.javafmlmod.AutomaticEventSubscriber/LOADING]: Auto-subscribing net.mcreator.borninchaosv.procedures.EasterDropProcedure to FORGE
[18May2026 14:31:30.719] [modloading-worker-0/DEBUG] [net.minecraftforge.fml.javafmlmod.AutomaticEventSubscriber/LOADING]: Auto-subscribing net.mcreator.slu.procedures.BlessingCodeProcedure to FORGE
[18May2026 14:31:30.720] [modloading-worker-0/DEBUG] [net.minecraftforge.fml.javafmlmod.AutomaticEventSubscriber/LOADING]: Auto-subscribing net.mcreator.borninchaosv.procedures.DreadHoundPriNazhatiiPravoiKnopkiNaSushchnostProcedure to FORGE
[18May2026 14:31:30.721] [modloading-worker-0/DEBUG] [net.minecraftforge.fml.javafmlmod.AutomaticEventSubscriber/LOADING]: Auto-subscribing net.mcreator.borninchaosv.procedures.DreadHoundAtacProcedure to FORGE
[18May2026 14:31:30.722] [modloading-worker-0/DEBUG] [net.minecraftforge.fml.javafmlmod.AutomaticEventSubscriber/LOADING]: Auto-subscribing net.mcreator.borninchaosv.procedures.DireHoundLeaderAtackProcedure to FORGE
[18May2026 14:31:30.722] [modloading-worker-0/DEBUG] [net.minecraftforge.fml.javafmlmod.AutomaticEventSubscriber/LOADING]: Auto-subscribing net.mcreator.slu.procedures.BleedingCodeProcedure to FORGE
[18May2026 14:31:30.723] [modloading-worker-0/DEBUG] [net.minecraftforge.fml.javafmlmod.AutomaticEventSubscriber/LOADING]: Auto-subscribing net.mcreator.slu.procedures.ArmorsTooltipProcedure to FORGE
[18May2026 14:31:30.725] [modloading-worker-0/DEBUG] [net.minecraftforge.fml.javafmlmod.AutomaticEventSubscriber/LOADING]: Auto-subscribing net.mcreator.slu.procedures.ArmorsTooltip2Procedure to FORGE
[18May2026 14:31:30.723] [modloading-worker-0/DEBUG] [net.minecraftforge.fml.javafmlmod.AutomaticEventSubscriber/LOADING]: Auto-subscribing net.mcreator.borninchaosv.procedures.DimonBaitProcedure to FORGE
[18May2026 14:31:30.725] [modloading-worker-0/DEBUG] [net.minecraftforge.fml.javafmlmod.AutomaticEventSubscriber/LOADING]: Auto-subscribing net.mcreator.borninchaosv.procedures.DeathTotemKoghdaPriedmietNakhoditsiaVRukieProcedure to FORGE
[18May2026 14:31:30.726] [modloading-worker-0/DEBUG] [net.minecraftforge.fml.javafmlmod.AutomaticEventSubscriber/LOADING]: Auto-subscribing net.mcreator.borninchaosv.procedures.DarkWardActivProcedure to FORGE
[18May2026 14:31:30.727] [modloading-worker-0/DEBUG] [net.minecraftforge.fml.javafmlmod.AutomaticEventSubscriber/LOADING]: Auto-subscribing net.mcreator.slu.procedures.AdvancementCodeProcedure to FORGE
[18May2026 14:31:30.728] [modloading-worker-0/DEBUG] [net.minecraftforge.fml.javafmlmod.AutomaticEventSubscriber/LOADING]: Auto-subscribing net.mcreator.borninchaosv.procedures.DarkRitualDaggerPProcedure to FORGE
[18May2026 14:31:30.730] [modloading-worker-0/DEBUG] [net.minecraftforge.fml.javafmlmod.AutomaticEventSubscriber/LOADING]: Auto-subscribing net.mcreator.borninchaosv.procedures.DZombieDProcedure to FORGE
[18May2026 14:31:30.731] [modloading-worker-0/DEBUG] [net.minecraftforge.fml.javafmlmod.AutomaticEventSubscriber/LOADING]: Auto-subscribing net.mcreator.borninchaosv.procedures.CursedMarkAtacProcedure to FORGE
[18May2026 14:31:30.729] [modloading-worker-0/DEBUG] [net.minecraftforge.fml.javafmlmod.AutomaticEventSubscriber/LOADING]: Auto-subscribing net.mcreator.slu.network.SluModVariables to MOD
[18May2026 14:31:30.732] [modloading-worker-0/DEBUG] [net.minecraftforge.fml.javafmlmod.AutomaticEventSubscriber/LOADING]: Auto-subscribing net.mcreator.slu.network.SluModVariables$PlayerVariablesProvider to FORGE
[18May2026 14:31:30.733] [modloading-worker-0/DEBUG] [net.minecraftforge.fml.javafmlmod.AutomaticEventSubscriber/LOADING]: Auto-subscribing net.mcreator.slu.network.SluModVariables$EventBusVariableHandlers to FORGE
[18May2026 14:31:30.732] [modloading-worker-0/DEBUG] [net.minecraftforge.fml.javafmlmod.AutomaticEventSubscriber/LOADING]: Auto-subscribing net.mcreator.borninchaosv.procedures.CorpseflyatacProcedure to FORGE
[18May2026 14:31:30.737] [modloading-worker-0/DEBUG] [net.minecraftforge.fml.javafmlmod.AutomaticEventSubscriber/LOADING]: Auto-subscribing net.mcreator.borninchaosv.procedures.ChillingHorrorMobAttacksProcedure to FORGE
[18May2026 14:31:30.738] [modloading-worker-0/DEBUG] [net.minecraftforge.fml.javafmlmod.AutomaticEventSubscriber/LOADING]: Auto-subscribing net.mcreator.borninchaosv.procedures.ChillingHorrorEventSpawnProcedure to FORGE
[18May2026 14:31:30.740] [modloading-worker-0/DEBUG] [net.minecraftforge.fml.javafmlmod.AutomaticEventSubscriber/LOADING]: Auto-subscribing net.mcreator.borninchaosv.procedures.ChillingHorrorEventDropProcedure to FORGE
[18May2026 14:31:30.741] [modloading-worker-0/DEBUG] [net.minecraftforge.fml.javafmlmod.AutomaticEventSubscriber/LOADING]: Auto-subscribing net.mcreator.borninchaosv.procedures.ChaoticSpringEventSpawnProcedure to FORGE
[18May2026 14:31:30.741] [modloading-worker-0/DEBUG] [net.minecraftforge.fml.javafmlmod.AutomaticEventSubscriber/LOADING]: Auto-subscribing net.mcreator.borninchaosv.procedures.ChaoticSpringEventDropProcedure to FORGE
[18May2026 14:31:30.739] [modloading-worker-0/DEBUG] [net.minecraftforge.fml.javafmlmod.AutomaticEventSubscriber/LOADING]: Auto-subscribing net.mcreator.slu.init.SluModFeatures to FORGE
[18May2026 14:31:30.741] [modloading-worker-0/DEBUG] [net.minecraftforge.fml.javafmlmod.AutomaticEventSubscriber/LOADING]: Auto-subscribing net.mcreator.slu.init.SluModEntities to MOD
[18May2026 14:31:30.742] [modloading-worker-0/DEBUG] [net.minecraftforge.fml.javafmlmod.AutomaticEventSubscriber/LOADING]: Auto-subscribing net.mcreator.slu.init.SluModConfigs to MOD
[18May2026 14:31:30.743] [modloading-worker-0/DEBUG] [net.minecraftforge.fml.javafmlmod.AutomaticEventSubscriber/LOADING]: Auto-subscribing net.mcreator.borninchaosv.procedures.BoneBarrierProProcedure to FORGE
[18May2026 14:31:30.744] [modloading-worker-0/DEBUG] [net.minecraftforge.fml.javafmlmod.AutomaticEventSubscriber/LOADING]: Auto-subscribing net.mcreator.borninchaosv.procedures.BloodyGadflyAtacProcedure to FORGE
[18May2026 14:31:30.746] [modloading-worker-0/DEBUG] [net.minecraftforge.fml.javafmlmod.AutomaticEventSubscriber/LOADING]: Auto-subscribing net.mcreator.borninchaosv.procedures.BlockSkeletonTrasherProcedure to FORGE
[18May2026 14:31:30.747] [modloading-worker-0/INFO] [thedarkcolour.kotlinforforge.test.KotlinForForge/]: Kotlin For Forge Enabled!
[18May2026 14:31:30.748] [modloading-worker-0/DEBUG] [thedarkcolour.kotlinforforge.LoggerKt/LOADING]: Attempting to inject @EventBusSubscriber kotlin objects in to the event bus for kotlinforforge
[18May2026 14:31:30.748] [modloading-worker-0/DEBUG] [net.minecraftforge.fml.javafmlmod.AutomaticEventSubscriber/LOADING]: Attempting to inject @EventBusSubscriber classes into the eventbus for iceberg
[18May2026 14:31:30.751] [modloading-worker-0/DEBUG] [net.minecraftforge.fml.javafmlmod.AutomaticEventSubscriber/LOADING]: Auto-subscribing com.anthonyhilyard.iceberg.IcebergServer to MOD
[18May2026 14:31:30.752] [modloading-worker-0/DEBUG] [net.minecraftforge.fml.config.ConfigTracker/CONFIG]: Config file mantle-client.toml for mantle tracking
[18May2026 14:31:30.753] [modloading-worker-0/DEBUG] [net.minecraftforge.fml.javafmlmod.AutomaticEventSubscriber/LOADING]: Auto-subscribing net.mcreator.borninchaosv.procedures.BabyspidercontrolledAtackProcedure to FORGE
[18May2026 14:31:30.754] [modloading-worker-0/DEBUG] [net.minecraftforge.fml.javafmlmod.AutomaticEventSubscriber/LOADING]: Auto-subscribing net.mcreator.borninchaosv.procedures.BabySpiderAtackProcedure to FORGE
[18May2026 14:31:30.754] [modloading-worker-0/DEBUG] [net.minecraftforge.fml.javafmlmod.AutomaticEventSubscriber/LOADING]: Auto-subscribing net.mcreator.borninchaosv.procedures.AxeAtackProcedure to FORGE
[18May2026 14:31:30.754] [modloading-worker-0/DEBUG] [net.minecraftforge.fml.config.ConfigTracker/CONFIG]: Config file mantle-server.toml for mantle tracking
[18May2026 14:31:30.757] [modloading-worker-0/DEBUG] [net.minecraftforge.fml.javafmlmod.AutomaticEventSubscriber/LOADING]: Auto-subscribing net.mcreator.borninchaosv.procedures.AttackoftheDisobedientProcedure to FORGE
[18May2026 14:31:30.764] [modloading-worker-0/DEBUG] [net.minecraftforge.fml.javafmlmod.AutomaticEventSubscriber/LOADING]: Auto-subscribing net.mcreator.borninchaosv.network.BornInChaosV1ModVariables to MOD
[18May2026 14:31:30.765] [modloading-worker-0/DEBUG] [net.minecraftforge.fml.javafmlmod.AutomaticEventSubscriber/LOADING]: Auto-subscribing net.mcreator.borninchaosv.network.BornInChaosV1ModVariables$PlayerVariablesProvider to FORGE
[18May2026 14:31:30.766] [modloading-worker-0/DEBUG] [net.minecraftforge.fml.javafmlmod.AutomaticEventSubscriber/LOADING]: Auto-subscribing net.mcreator.borninchaosv.network.BornInChaosV1ModVariables$EventBusVariableHandlers to FORGE
[18May2026 14:31:30.767] [modloading-worker-0/DEBUG] [net.minecraftforge.fml.javafmlmod.AutomaticEventSubscriber/LOADING]: Auto-subscribing net.mcreator.borninchaosv.init.ItemAnimationFactory to FORGE
[18May2026 14:31:30.768] [modloading-worker-0/DEBUG] [net.minecraftforge.fml.javafmlmod.AutomaticEventSubscriber/LOADING]: Attempting to inject @EventBusSubscriber classes into the eventbus for mantle
[18May2026 14:31:30.768] [modloading-worker-0/DEBUG] [net.minecraftforge.fml.javafmlmod.AutomaticEventSubscriber/LOADING]: Auto-subscribing slimeknights.mantle.MantleEvents to FORGE
[18May2026 14:31:30.770] [modloading-worker-0/DEBUG] [net.minecraftforge.fml.javafmlmod.AutomaticEventSubscriber/LOADING]: Auto-subscribing net.mcreator.borninchaosv.init.EntityAnimationFactory to FORGE
[18May2026 14:31:30.772] [modloading-worker-0/DEBUG] [net.minecraftforge.fml.javafmlmod.AutomaticEventSubscriber/LOADING]: Auto-subscribing net.mcreator.borninchaosv.init.BornInChaosV1ModGameRules to MOD
[18May2026 14:31:30.775] [modloading-worker-0/DEBUG] [net.minecraftforge.fml.javafmlmod.AutomaticEventSubscriber/LOADING]: Auto-subscribing net.mcreator.borninchaosv.init.BornInChaosV1ModFuels to FORGE
[18May2026 14:31:30.777] [modloading-worker-0/DEBUG] [net.minecraftforge.fml.javafmlmod.AutomaticEventSubscriber/LOADING]: Auto-subscribing net.mcreator.borninchaosv.init.BornInChaosV1ModFeatures to FORGE
[18May2026 14:31:30.777] [modloading-worker-0/DEBUG] [net.minecraftforge.fml.javafmlmod.AutomaticEventSubscriber/LOADING]: Auto-subscribing net.mcreator.borninchaosv.init.BornInChaosV1ModEntities to MOD
[18May2026 14:31:30.778] [modloading-worker-0/DEBUG] [net.minecraftforge.fml.javafmlmod.AutomaticEventSubscriber/LOADING]: Auto-subscribing net.mcreator.borninchaosv.init.BornInChaosV1ModCompostableItems to MOD
[18May2026 14:31:30.799] [modloading-worker-0/DEBUG] [net.minecraftforge.fml.config.ConfigTracker/CONFIG]: Config file gravestone-server.toml for gravestone tracking
[18May2026 14:31:30.803] [modloading-worker-0/DEBUG] [net.minecraftforge.fml.config.ConfigTracker/CONFIG]: Config file gravestone-client.toml for gravestone tracking
[18May2026 14:31:30.804] [modloading-worker-0/DEBUG] [net.minecraftforge.fml.javafmlmod.AutomaticEventSubscriber/LOADING]: Attempting to inject @EventBusSubscriber classes into the eventbus for gravestone
[18May2026 14:31:30.804] [modloading-worker-0/DEBUG] [net.minecraftforge.fml.javafmlmod.AutomaticEventSubscriber/LOADING]: Auto-subscribing de.maxhenkel.gravestone.Main to FORGE
[18May2026 14:31:30.819] [modloading-worker-0/DEBUG] [xaero.hud.minimap.MinimapLogs/]: Loaded xaero.common.platform.services.ForgePlatformHelper@2e60eeec for service interface xaero.common.platform.services.IPlatformHelper
[18May2026 14:31:30.822] [modloading-worker-0/INFO] [xaero.common.HudMod/]: Registering common data for channel xaerominimap:main!
[18May2026 14:31:30.833] [modloading-worker-0/DEBUG] [net.minecraftforge.fml.javafmlmod.AutomaticEventSubscriber/LOADING]: Attempting to inject @EventBusSubscriber classes into the eventbus for fastbench
[18May2026 14:31:30.834] [modloading-worker-0/DEBUG] [net.minecraftforge.fml.javafmlmod.AutomaticEventSubscriber/LOADING]: Auto-subscribing dev.shadowsoffire.fastbench.util.SlotUpdateManager to FORGE
[18May2026 14:31:30.872] [modloading-worker-0/INFO] [xaero.common.HudMod/]: Loading primary common config for channel xaerominimap:main!
[18May2026 14:31:30.875] [modloading-worker-0/INFO] [xaero.common.HudMod/]: Loading server config profiles for channel xaerominimap:main!
[18May2026 14:31:30.936] [modloading-worker-0/DEBUG] [net.minecraftforge.fml.javafmlmod.AutomaticEventSubscriber/LOADING]: Attempting to inject @EventBusSubscriber classes into the eventbus for xaerominimap
[18May2026 14:31:30.937] [modloading-worker-0/DEBUG] [net.minecraftforge.fml.config.ConfigTracker/CONFIG]: Config file dacxirons-common.toml for dacxirons tracking
[18May2026 14:31:31.211] [modloading-worker-0/DEBUG] [net.minecraftforge.fml.javafmlmod.AutomaticEventSubscriber/LOADING]: Attempting to inject @EventBusSubscriber classes into the eventbus for dacxirons
[18May2026 14:31:31.212] [modloading-worker-0/DEBUG] [net.minecraftforge.fml.javafmlmod.AutomaticEventSubscriber/LOADING]: Auto-subscribing com.skydude.dacxirons.spellpowerboost.bloodymancerhelmet to FORGE
[18May2026 14:31:31.216] [modloading-worker-0/DEBUG] [net.minecraftforge.fml.javafmlmod.AutomaticEventSubscriber/LOADING]: Auto-subscribing com.skydude.dacxirons.spellpowerboost.bloodymancerchestplate to FORGE
[18May2026 14:31:31.217] [modloading-worker-0/DEBUG] [net.minecraftforge.fml.javafmlmod.AutomaticEventSubscriber/LOADING]: Auto-subscribing com.skydude.dacxirons.spellpowerboost.bloodyculthelmet to FORGE
[18May2026 14:31:31.218] [modloading-worker-0/DEBUG] [net.minecraftforge.fml.javafmlmod.AutomaticEventSubscriber/LOADING]: Auto-subscribing com.skydude.dacxirons.spellpowerboost.bloodycultchestplate to FORGE
[18May2026 14:31:31.218] [modloading-worker-0/DEBUG] [net.minecraftforge.fml.javafmlmod.AutomaticEventSubscriber/LOADING]: Auto-subscribing com.skydude.dacxirons.spellpowerboost.TombwardenHelmet to FORGE
[18May2026 14:31:31.220] [modloading-worker-0/DEBUG] [net.minecraftforge.fml.javafmlmod.AutomaticEventSubscriber/LOADING]: Auto-subscribing com.skydude.dacxirons.spellpowerboost.TombwardenChest to FORGE
[18May2026 14:31:31.222] [modloading-worker-0/DEBUG] [net.minecraftforge.fml.javafmlmod.AutomaticEventSubscriber/LOADING]: Auto-subscribing com.skydude.dacxirons.spellpowerboost.TheGravedigger to FORGE
[18May2026 14:31:31.222] [modloading-worker-0/DEBUG] [net.minecraftforge.fml.javafmlmod.AutomaticEventSubscriber/LOADING]: Auto-subscribing com.skydude.dacxirons.spellpowerboost.SunleiaLegging to FORGE
[18May2026 14:31:31.224] [modloading-worker-0/DEBUG] [net.minecraftforge.fml.javafmlmod.AutomaticEventSubscriber/LOADING]: Auto-subscribing com.skydude.dacxirons.spellpowerboost.SunleiaHelmet to FORGE
[18May2026 14:31:31.227] [modloading-worker-0/DEBUG] [net.minecraftforge.fml.javafmlmod.AutomaticEventSubscriber/LOADING]: Auto-subscribing com.skydude.dacxirons.spellpowerboost.SunleiaChestplate to FORGE
[18May2026 14:31:31.227] [modloading-worker-0/DEBUG] [net.minecraftforge.fml.javafmlmod.AutomaticEventSubscriber/LOADING]: Auto-subscribing com.skydude.dacxirons.spellpowerboost.SunleiaBoots to FORGE
[18May2026 14:31:31.228] [modloading-worker-0/DEBUG] [net.minecraftforge.fml.javafmlmod.AutomaticEventSubscriber/LOADING]: Auto-subscribing com.skydude.dacxirons.spellpowerboost.Silverleggings to FORGE
[18May2026 14:31:31.229] [modloading-worker-0/DEBUG] [net.minecraftforge.fml.javafmlmod.AutomaticEventSubscriber/LOADING]: Auto-subscribing com.skydude.dacxirons.spellpowerboost.SilverHelm to FORGE
[18May2026 14:31:31.232] [modloading-worker-0/DEBUG] [net.minecraftforge.fml.javafmlmod.AutomaticEventSubscriber/LOADING]: Auto-subscribing com.skydude.dacxirons.spellpowerboost.SilverChestplate to FORGE
[18May2026 14:31:31.232] [modloading-worker-0/DEBUG] [net.minecraftforge.fml.javafmlmod.AutomaticEventSubscriber/LOADING]: Auto-subscribing com.skydude.dacxirons.spellpowerboost.SilverBoots to FORGE
[18May2026 14:31:31.233] [modloading-worker-0/DEBUG] [net.minecraftforge.fml.javafmlmod.AutomaticEventSubscriber/LOADING]: Auto-subscribing com.skydude.dacxirons.spellpowerboost.ScepterSanguine to FORGE
[18May2026 14:31:31.233] [modloading-worker-0/DEBUG] [net.minecraftforge.fml.javafmlmod.AutomaticEventSubscriber/LOADING]: Auto-subscribing com.skydude.dacxirons.spellpowerboost.ScepterPyromancer to FORGE
[18May2026 14:31:31.234] [modloading-worker-0/DEBUG] [net.minecraftforge.fml.javafmlmod.AutomaticEventSubscriber/LOADING]: Auto-subscribing com.skydude.dacxirons.spellpowerboost.ScepterFairy to FORGE
[18May2026 14:31:31.236] [modloading-worker-0/DEBUG] [net.minecraftforge.fml.javafmlmod.AutomaticEventSubscriber/LOADING]: Auto-subscribing com.skydude.dacxirons.spellpowerboost.ScepterExiled to FORGE
[18May2026 14:31:31.237] [modloading-worker-0/DEBUG] [net.minecraftforge.fml.javafmlmod.AutomaticEventSubscriber/LOADING]: Auto-subscribing com.skydude.dacxirons.spellpowerboost.ScepterCorrodingFlame to FORGE
[18May2026 14:31:31.240] [modloading-worker-0/DEBUG] [net.minecraftforge.fml.javafmlmod.AutomaticEventSubscriber/LOADING]: Auto-subscribing com.skydude.dacxirons.spellpowerboost.SandstoneLeggings to FORGE
[18May2026 14:31:31.240] [modloading-worker-0/DEBUG] [net.minecraftforge.fml.javafmlmod.AutomaticEventSubscriber/LOADING]: Attempting to inject @EventBusSubscriber classes into the eventbus for tconstruct
[18May2026 14:31:31.240] [modloading-worker-0/DEBUG] [net.minecraftforge.fml.javafmlmod.AutomaticEventSubscriber/LOADING]: Auto-subscribing com.skydude.dacxirons.spellpowerboost.SandstoneHelm to FORGE
[18May2026 14:31:31.240] [modloading-worker-0/DEBUG] [net.minecraftforge.fml.javafmlmod.AutomaticEventSubscriber/LOADING]: Auto-subscribing slimeknights.tconstruct.world.WorldEvents to FORGE
[18May2026 14:31:31.241] [modloading-worker-0/DEBUG] [net.minecraftforge.fml.javafmlmod.AutomaticEventSubscriber/LOADING]: Auto-subscribing com.skydude.dacxirons.spellpowerboost.SandstoneChest to FORGE
[18May2026 14:31:31.241] [modloading-worker-0/DEBUG] [net.minecraftforge.fml.javafmlmod.AutomaticEventSubscriber/LOADING]: Auto-subscribing com.skydude.dacxirons.spellpowerboost.SandstoneBoots to FORGE
[18May2026 14:31:31.242] [modloading-worker-0/DEBUG] [net.minecraftforge.fml.javafmlmod.AutomaticEventSubscriber/LOADING]: Auto-subscribing slimeknights.tconstruct.tools.logic.ToolEvents to FORGE
[18May2026 14:31:31.244] [modloading-worker-0/DEBUG] [net.minecraftforge.fml.javafmlmod.AutomaticEventSubscriber/LOADING]: Auto-subscribing com.skydude.dacxirons.spellpowerboost.Oathh to FORGE
[18May2026 14:31:31.245] [modloading-worker-0/DEBUG] [net.minecraftforge.fml.javafmlmod.AutomaticEventSubscriber/LOADING]: Auto-subscribing com.skydude.dacxirons.spellpowerboost.MoltenBlazingLeggings to FORGE
[18May2026 14:31:31.248] [modloading-worker-0/DEBUG] [net.minecraftforge.fml.javafmlmod.AutomaticEventSubscriber/LOADING]: Auto-subscribing com.skydude.dacxirons.spellpowerboost.MoltenBlazingHelm to FORGE
[18May2026 14:31:31.248] [modloading-worker-0/DEBUG] [net.minecraftforge.fml.javafmlmod.AutomaticEventSubscriber/LOADING]: Auto-subscribing com.skydude.dacxirons.spellpowerboost.MoltenBlazingChest to FORGE
[18May2026 14:31:31.249] [modloading-worker-0/DEBUG] [net.minecraftforge.fml.javafmlmod.AutomaticEventSubscriber/LOADING]: Auto-subscribing com.skydude.dacxirons.spellpowerboost.MoltenBlazingBoots to FORGE
[18May2026 14:31:31.249] [modloading-worker-0/DEBUG] [net.minecraftforge.fml.javafmlmod.AutomaticEventSubscriber/LOADING]: Auto-subscribing com.skydude.dacxirons.spellpowerboost.Kamathboots to FORGE
[18May2026 14:31:31.252] [modloading-worker-0/DEBUG] [net.minecraftforge.fml.javafmlmod.AutomaticEventSubscriber/LOADING]: Auto-subscribing com.skydude.dacxirons.spellpowerboost.KamathLegging to FORGE
[18May2026 14:31:31.253] [modloading-worker-0/DEBUG] [net.minecraftforge.fml.javafmlmod.AutomaticEventSubscriber/LOADING]: Auto-subscribing com.skydude.dacxirons.spellpowerboost.KamathHelmet to FORGE
[18May2026 14:31:31.255] [modloading-worker-0/DEBUG] [net.minecraftforge.fml.javafmlmod.AutomaticEventSubscriber/LOADING]: Auto-subscribing com.skydude.dacxirons.spellpowerboost.KamathChest to FORGE
[18May2026 14:31:31.256] [modloading-worker-0/DEBUG] [net.minecraftforge.fml.javafmlmod.AutomaticEventSubscriber/LOADING]: Auto-subscribing slimeknights.tconstruct.tools.logic.ModifierEvents to FORGE
[18May2026 14:31:31.259] [modloading-worker-0/DEBUG] [net.minecraftforge.fml.javafmlmod.AutomaticEventSubscriber/LOADING]: Auto-subscribing com.skydude.dacxirons.spellpowerboost.ExiledTunic to FORGE
[18May2026 14:31:31.260] [modloading-worker-0/DEBUG] [net.minecraftforge.fml.javafmlmod.AutomaticEventSubscriber/LOADING]: Auto-subscribing com.skydude.dacxirons.spellpowerboost.ExiledHelmet to FORGE
[18May2026 14:31:31.261] [modloading-worker-0/DEBUG] [net.minecraftforge.fml.javafmlmod.AutomaticEventSubscriber/LOADING]: Auto-subscribing com.skydude.dacxirons.spellpowerboost.CursedMoltenBlazingLeggings to FORGE
[18May2026 14:31:31.261] [modloading-worker-0/DEBUG] [net.minecraftforge.fml.javafmlmod.AutomaticEventSubscriber/LOADING]: Auto-subscribing com.skydude.dacxirons.spellpowerboost.CursedMoltenBlazingHelm to FORGE
[18May2026 14:31:31.262] [modloading-worker-0/DEBUG] [net.minecraftforge.fml.javafmlmod.AutomaticEventSubscriber/LOADING]: Auto-subscribing com.skydude.dacxirons.spellpowerboost.CursedMoltenBlazingChest to FORGE
[18May2026 14:31:31.263] [modloading-worker-0/DEBUG] [net.minecraftforge.fml.javafmlmod.AutomaticEventSubscriber/LOADING]: Auto-subscribing com.skydude.dacxirons.spellpowerboost.CursedMoltenBlazingBoots to FORGE
[18May2026 14:31:31.267] [modloading-worker-0/DEBUG] [net.minecraftforge.fml.javafmlmod.AutomaticEventSubscriber/LOADING]: Auto-subscribing com.skydude.dacxirons.spellpowerboost.CrimsonLegs to FORGE
[18May2026 14:31:31.267] [modloading-worker-0/DEBUG] [net.minecraftforge.fml.javafmlmod.AutomaticEventSubscriber/LOADING]: Auto-subscribing com.skydude.dacxirons.spellpowerboost.CrimsonHelm to FORGE
[18May2026 14:31:31.268] [modloading-worker-0/DEBUG] [net.minecraftforge.fml.javafmlmod.AutomaticEventSubscriber/LOADING]: Auto-subscribing com.skydude.dacxirons.spellpowerboost.CrimsonChestA to FORGE
[18May2026 14:31:31.268] [modloading-worker-0/DEBUG] [net.minecraftforge.fml.javafmlmod.AutomaticEventSubscriber/LOADING]: Auto-subscribing slimeknights.tconstruct.tools.logic.InteractionHandler to FORGE
[18May2026 14:31:31.270] [modloading-worker-0/DEBUG] [net.minecraftforge.fml.javafmlmod.AutomaticEventSubscriber/LOADING]: Auto-subscribing com.skydude.dacxirons.spellpowerboost.CrimsonBoots to FORGE
[18May2026 14:31:31.271] [modloading-worker-0/DEBUG] [net.minecraftforge.fml.javafmlmod.AutomaticEventSubscriber/LOADING]: Auto-subscribing com.skydude.dacxirons.spellpowerboost.CounselerLegs to FORGE
[18May2026 14:31:31.271] [modloading-worker-0/DEBUG] [net.minecraftforge.fml.javafmlmod.AutomaticEventSubscriber/LOADING]: Auto-subscribing com.skydude.dacxirons.spellpowerboost.CounselerChest to FORGE
[18May2026 14:31:31.274] [modloading-worker-0/DEBUG] [net.minecraftforge.fml.javafmlmod.AutomaticEventSubscriber/LOADING]: Auto-subscribing com.skydude.dacxirons.spellpowerboost.BloodywardenHelmet to FORGE
[18May2026 14:31:31.274] [modloading-worker-0/DEBUG] [net.minecraftforge.fml.javafmlmod.AutomaticEventSubscriber/LOADING]: Auto-subscribing com.skydude.dacxirons.spellpowerboost.BloodywardenChest to FORGE
[18May2026 14:31:31.275] [modloading-worker-0/DEBUG] [net.minecraftforge.fml.javafmlmod.AutomaticEventSubscriber/LOADING]: Auto-subscribing com.skydude.dacxirons.spellpowerboost.BlessedGoldLeggings to FORGE
[18May2026 14:31:31.279] [modloading-worker-0/DEBUG] [net.minecraftforge.fml.javafmlmod.AutomaticEventSubscriber/LOADING]: Auto-subscribing slimeknights.tconstruct.tools.logic.DoubleJumpHandler to FORGE
[18May2026 14:31:31.279] [modloading-worker-0/DEBUG] [net.minecraftforge.fml.javafmlmod.AutomaticEventSubscriber/LOADING]: Auto-subscribing com.skydude.dacxirons.spellpowerboost.BlessedGoldHelmet to FORGE
[18May2026 14:31:31.279] [modloading-worker-0/DEBUG] [net.minecraftforge.fml.javafmlmod.AutomaticEventSubscriber/LOADING]: Auto-subscribing com.skydude.dacxirons.spellpowerboost.BlessedGoldChest to FORGE
[18May2026 14:31:31.280] [modloading-worker-0/DEBUG] [net.minecraftforge.fml.javafmlmod.AutomaticEventSubscriber/LOADING]: Auto-subscribing slimeknights.tconstruct.shared.CommonsEvents to FORGE
[18May2026 14:31:31.280] [modloading-worker-0/DEBUG] [net.minecraftforge.fml.javafmlmod.AutomaticEventSubscriber/LOADING]: Auto-subscribing com.skydude.dacxirons.spellpowerboost.BlessedGoldBoots to FORGE
[18May2026 14:31:31.281] [modloading-worker-0/DEBUG] [net.minecraftforge.fml.javafmlmod.AutomaticEventSubscriber/LOADING]: Auto-subscribing com.skydude.dacxirons.spellpowerboost.AcidMoltenBlazingLeggings to FORGE
[18May2026 14:31:31.283] [modloading-worker-0/DEBUG] [net.minecraftforge.fml.javafmlmod.AutomaticEventSubscriber/LOADING]: Auto-subscribing slimeknights.tconstruct.shared.AchievementEvents to FORGE
[18May2026 14:31:31.284] [modloading-worker-0/DEBUG] [net.minecraftforge.fml.javafmlmod.AutomaticEventSubscriber/LOADING]: Auto-subscribing slimeknights.tconstruct.fluids.FluidEvents to FORGE
[18May2026 14:31:31.286] [modloading-worker-0/DEBUG] [net.minecraftforge.fml.javafmlmod.AutomaticEventSubscriber/LOADING]: Auto-subscribing slimeknights.tconstruct.common.Sounds to MOD
[18May2026 14:31:31.286] [modloading-worker-0/DEBUG] [net.minecraftforge.fml.javafmlmod.AutomaticEventSubscriber/LOADING]: Auto-subscribing slimeknights.tconstruct.TConstruct to MOD
[18May2026 14:31:31.287] [modloading-worker-0/DEBUG] [net.minecraftforge.fml.javafmlmod.AutomaticEventSubscriber/LOADING]: Auto-subscribing com.skydude.dacxirons.spellpowerboost.AcidMoltenBlazingChest to FORGE
[18May2026 14:31:31.288] [modloading-worker-0/DEBUG] [net.minecraftforge.fml.javafmlmod.AutomaticEventSubscriber/LOADING]: Auto-subscribing com.skydude.dacxirons.spellpowerboost.AcidMoltenBlazingBoots to FORGE
[18May2026 14:31:31.289] [modloading-worker-0/DEBUG] [net.minecraftforge.fml.javafmlmod.AutomaticEventSubscriber/LOADING]: Auto-subscribing com.skydude.dacxirons.item.weapons.sceptercompensation to FORGE
[18May2026 14:31:31.294] [modloading-worker-0/DEBUG] [net.minecraftforge.fml.javafmlmod.AutomaticEventSubscriber/LOADING]: Auto-subscribing com.skydude.dacxirons.item.weapons.pyromancerStaffItem to FORGE
[18May2026 14:31:31.295] [modloading-worker-0/DEBUG] [net.minecraftforge.fml.javafmlmod.AutomaticEventSubscriber/LOADING]: Auto-subscribing com.skydude.dacxirons.item.weapons.SpellAttackEffect to FORGE
[18May2026 14:31:31.295] [modloading-worker-0/DEBUG] [net.minecraftforge.fml.javafmlmod.AutomaticEventSubscriber/LOADING]: Auto-subscribing com.skydude.dacxirons.item.weapons.SanguineScepterStaffItem to FORGE
[18May2026 14:31:31.296] [modloading-worker-0/DEBUG] [net.minecraftforge.fml.javafmlmod.AutomaticEventSubscriber/LOADING]: Auto-subscribing com.skydude.dacxirons.item.weapons.FairyWandStaff to FORGE
[18May2026 14:31:31.296] [modloading-worker-0/DEBUG] [net.minecraftforge.fml.javafmlmod.AutomaticEventSubscriber/LOADING]: Auto-subscribing com.skydude.dacxirons.item.weapons.CorrodingFlameItem to FORGE
[18May2026 14:31:31.297] [modloading-worker-0/DEBUG] [net.minecraftforge.fml.javafmlmod.AutomaticEventSubscriber/LOADING]: Auto-subscribing com.skydude.dacxirons.item.curios.WitherRing to FORGE
[18May2026 14:31:31.299] [modloading-worker-0/DEBUG] [net.minecraftforge.fml.javafmlmod.AutomaticEventSubscriber/LOADING]: Auto-subscribing com.skydude.dacxirons.item.armor.set_bonuses.EbonyMagicEffect to FORGE
[18May2026 14:31:31.300] [modloading-worker-0/DEBUG] [net.minecraftforge.fml.javafmlmod.AutomaticEventSubscriber/LOADING]: Auto-subscribing com.skydude.dacxirons.item.armor.set_bonuses.Blazymancereffect to FORGE
[18May2026 14:31:31.303] [modloading-worker-0/DEBUG] [net.minecraftforge.fml.javafmlmod.AutomaticEventSubscriber/LOADING]: Auto-subscribing com.skydude.dacxirons.item.armor.BlessedPriestArmorItem to FORGE
[18May2026 14:31:31.304] [modloading-worker-0/DEBUG] [net.minecraftforge.fml.javafmlmod.AutomaticEventSubscriber/LOADING]: Auto-subscribing com.skydude.dacxirons.entity.spells.AcidBall.AcidFireball to FORGE
[18May2026 14:31:31.306] [modloading-worker-0/DEBUG] [net.minecraftforge.fml.javafmlmod.AutomaticEventSubscriber/LOADING]: Auto-subscribing com.skydude.dacxirons.entity.mobs.SummonedWeakness to MOD
[18May2026 14:31:31.312] [modloading-worker-0/DEBUG] [net.minecraftforge.fml.javafmlmod.AutomaticEventSubscriber/LOADING]: Auto-subscribing com.skydude.dacxirons.entity.mobs.SummonedPyro to MOD
[18May2026 14:31:31.315] [modloading-worker-0/DEBUG] [net.minecraftforge.fml.javafmlmod.AutomaticEventSubscriber/LOADING]: Auto-subscribing com.skydude.dacxirons.entity.mobs.SummonedKamath to MOD
[18May2026 14:31:31.320] [modloading-worker-0/DEBUG] [net.minecraftforge.fml.javafmlmod.AutomaticEventSubscriber/LOADING]: Auto-subscribing com.skydude.dacxirons.entity.mobs.SummonedBloodymancerCultist to MOD
[18May2026 14:31:31.324] [modloading-worker-0/DEBUG] [net.minecraftforge.fml.javafmlmod.AutomaticEventSubscriber/LOADING]: Auto-subscribing com.skydude.dacxirons.effect.SpellBurnProcedure to FORGE
[18May2026 14:31:31.325] [modloading-worker-0/DEBUG] [net.minecraftforge.fml.javafmlmod.AutomaticEventSubscriber/LOADING]: Auto-subscribing com.skydude.dacxirons.datagen.dacxironsDataGenerators to MOD
[18May2026 14:31:31.326] [modloading-worker-0/DEBUG] [net.minecraftforge.fml.javafmlmod.AutomaticEventSubscriber/LOADING]: Auto-subscribing com.skydude.dacxirons.dacxironsConfig to MOD
[18May2026 14:31:31.327] [modloading-worker-0/DEBUG] [net.minecraftforge.fml.javafmlmod.AutomaticEventSubscriber/LOADING]: Auto-subscribing com.skydude.dacxirons.OverrideRogueLogic to FORGE
[18May2026 14:31:31.330] [modloading-worker-0/DEBUG] [net.minecraftforge.fml.javafmlmod.AutomaticEventSubscriber/LOADING]: Auto-subscribing com.skydude.dacxirons.OverrideHermitWitch to FORGE
[18May2026 14:31:31.327] [modloading-worker-0/INFO] [net.blay09.mods.balm.forge.config.ForgeBalmConfig/]: Registering config for hardcorerevival:common (COMMON) with 16 properties.
[18May2026 14:31:31.330] [modloading-worker-0/DEBUG] [net.minecraftforge.fml.config.ConfigTracker/CONFIG]: Config file hardcorerevival-common.toml for hardcorerevival tracking
[18May2026 14:31:31.331] [modloading-worker-0/DEBUG] [net.minecraftforge.fml.javafmlmod.AutomaticEventSubscriber/LOADING]: Auto-subscribing com.skydude.dacxirons.MiscEvents to FORGE
[18May2026 14:31:31.334] [modloading-worker-0/DEBUG] [net.minecraftforge.fml.javafmlmod.AutomaticEventSubscriber/LOADING]: Auto-subscribing com.skydude.dacxirons.AnvilEvents to FORGE
[18May2026 14:31:31.335] [modloading-worker-0/DEBUG] [net.minecraftforge.fml.config.ConfigTracker/CONFIG]: Config file CoroUtil/General.toml for coroutil tracking
[18May2026 14:31:31.337] [modloading-worker-0/DEBUG] [net.minecraftforge.fml.javafmlmod.AutomaticEventSubscriber/LOADING]: Attempting to inject @EventBusSubscriber classes into the eventbus for coroutil
[18May2026 14:31:31.339] [modloading-worker-0/DEBUG] [net.minecraftforge.fml.javafmlmod.AutomaticEventSubscriber/LOADING]: Attempting to inject @EventBusSubscriber classes into the eventbus for fastfurnace
[18May2026 14:31:31.342] [modloading-worker-0/DEBUG] [net.minecraftforge.fml.javafmlmod.AutomaticEventSubscriber/LOADING]: Attempting to inject @EventBusSubscriber classes into the eventbus for ferritecore
[18May2026 14:31:31.358] [modloading-worker-0/DEBUG] [net.minecraftforge.fml.javafmlmod.AutomaticEventSubscriber/LOADING]: Attempting to inject @EventBusSubscriber classes into the eventbus for hardcorerevival
[18May2026 14:31:31.404] [modloading-worker-0/INFO] [MythsAndLegends/]: Items registered
[18May2026 14:31:31.435] [modloading-worker-0/DEBUG] [net.minecraftforge.fml.config.ConfigTracker/CONFIG]: Config file irons_spellbooks-client.toml for irons_spellbooks tracking
[18May2026 14:31:31.436] [modloading-worker-0/DEBUG] [More Bows and Arrows/]: Loaded forge.com.cursee.more_bows_and_arrows.platform.ForgePlatformHelper@61421cf9 for service interface forge.com.cursee.more_bows_and_arrows.platform.services.IPlatformHelper
[18May2026 14:31:31.451] [modloading-worker-0/DEBUG] [net.minecraftforge.fml.config.ConfigTracker/CONFIG]: Config file irons_spellbooks-server.toml for irons_spellbooks tracking
[18May2026 14:31:31.456] [modloading-worker-0/DEBUG] [net.minecraftforge.fml.javafmlmod.AutomaticEventSubscriber/LOADING]: Attempting to inject @EventBusSubscriber classes into the eventbus for irons_spellbooks
[18May2026 14:31:31.456] [modloading-worker-0/DEBUG] [net.minecraftforge.fml.javafmlmod.AutomaticEventSubscriber/LOADING]: Auto-subscribing io.redspace.ironsspellbooks.worldgen.VillageAddition to FORGE
[18May2026 14:31:31.457] [modloading-worker-0/DEBUG] [net.minecraftforge.fml.javafmlmod.AutomaticEventSubscriber/LOADING]: Auto-subscribing io.redspace.ironsspellbooks.setup.CommonSetup to MOD
[18May2026 14:31:31.460] [modloading-worker-0/DEBUG] [net.minecraftforge.fml.javafmlmod.AutomaticEventSubscriber/LOADING]: Auto-subscribing io.redspace.ironsspellbooks.registries.PotionRegistry to FORGE
[18May2026 14:31:31.463] [modloading-worker-0/DEBUG] [net.minecraftforge.fml.javafmlmod.AutomaticEventSubscriber/LOADING]: Auto-subscribing io.redspace.ironsspellbooks.registries.CreativeTabRegistry to MOD
[18May2026 14:31:31.466] [modloading-worker-0/DEBUG] [net.minecraftforge.fml.javafmlmod.AutomaticEventSubscriber/LOADING]: Auto-subscribing io.redspace.ironsspellbooks.registries.CommandRegistry to FORGE
[18May2026 14:31:31.467] [modloading-worker-0/DEBUG] [net.minecraftforge.fml.javafmlmod.AutomaticEventSubscriber/LOADING]: Auto-subscribing io.redspace.ironsspellbooks.player.ServerPlayerEvents to FORGE
[18May2026 14:31:31.488] [modloading-worker-0/DEBUG] [mixin/]: Mixing perf.dynamic_dfu.DataFixersMixin from modernfix-modernfix.mixins.json into net.minecraft.util.datafix.DataFixers
[18May2026 14:31:31.488] [modloading-worker-0/DEBUG] [mixin/]: Renaming synthetic method lambda$createLazyFixerUpper$0(Ljava/util/Set;)Lcom/mojang/datafixers/DataFixer; to md740d9a$lambda$createLazyFixerUpper$0$0 in modernfix-modernfix.mixins.json:perf.dynamic_dfu.DataFixersMixin
[18May2026 14:31:31.516] [modloading-worker-0/INFO] [MythsAndLegends/]: Tick Events Registered
[18May2026 14:31:31.543] [modloading-worker-0/INFO] [MythsAndLegends/]: Interaction Events Registered
[18May2026 14:31:31.551] [modloading-worker-0/DEBUG] [net.minecraftforge.fml.javafmlmod.AutomaticEventSubscriber/LOADING]: Auto-subscribing io.redspace.ironsspellbooks.player.AdditionalWanderingTrades to FORGE
[18May2026 14:31:31.553] [modloading-worker-0/DEBUG] [net.minecraftforge.fml.javafmlmod.AutomaticEventSubscriber/LOADING]: Auto-subscribing io.redspace.ironsspellbooks.item.curios.LurkerRing to FORGE
[18May2026 14:31:31.555] [modloading-worker-0/DEBUG] [net.minecraftforge.fml.javafmlmod.AutomaticEventSubscriber/LOADING]: Auto-subscribing io.redspace.ironsspellbooks.item.curios.BetrayerSignetRingItem to FORGE
[18May2026 14:31:31.556] [modloading-worker-0/DEBUG] [net.minecraftforge.fml.javafmlmod.AutomaticEventSubscriber/LOADING]: Auto-subscribing io.redspace.ironsspellbooks.entity.mobs.wizards.WizardAIEvents to FORGE
[18May2026 14:31:31.559] [modloading-worker-0/INFO] [MythsAndLegends/]: Player Events Registered
[18May2026 14:31:31.561] [modloading-worker-0/DEBUG] [net.minecraftforge.fml.javafmlmod.AutomaticEventSubscriber/LOADING]: Auto-subscribing io.redspace.ironsspellbooks.effect.guiding_bolt.GuidingBoltManager to FORGE
[18May2026 14:31:31.567] [modloading-worker-0/DEBUG] [net.minecraftforge.fml.javafmlmod.AutomaticEventSubscriber/LOADING]: Auto-subscribing io.redspace.ironsspellbooks.effect.TrueInvisibilityEffect to FORGE
[18May2026 14:31:31.570] [modloading-worker-0/DEBUG] [net.minecraftforge.fml.javafmlmod.AutomaticEventSubscriber/LOADING]: Auto-subscribing io.redspace.ironsspellbooks.effect.ThunderstormEffect to FORGE
[18May2026 14:31:31.570] [modloading-worker-0/DEBUG] [net.minecraftforge.fml.javafmlmod.AutomaticEventSubscriber/LOADING]: Auto-subscribing io.redspace.ironsspellbooks.effect.SpiderAspectEffect to FORGE
[18May2026 14:31:31.571] [modloading-worker-0/DEBUG] [net.minecraftforge.fml.javafmlmod.AutomaticEventSubscriber/LOADING]: Auto-subscribing io.redspace.ironsspellbooks.effect.OakskinEffect to FORGE
[18May2026 14:31:31.571] [modloading-worker-0/DEBUG] [net.minecraftforge.fml.javafmlmod.AutomaticEventSubscriber/LOADING]: Auto-subscribing io.redspace.ironsspellbooks.effect.GluttonyEffect to FORGE
[18May2026 14:31:31.573] [modloading-worker-0/DEBUG] [net.minecraftforge.fml.javafmlmod.AutomaticEventSubscriber/LOADING]: Auto-subscribing io.redspace.ironsspellbooks.effect.FrostbiteEffect to FORGE
[18May2026 14:31:31.573] [modloading-worker-0/DEBUG] [net.minecraftforge.fml.javafmlmod.AutomaticEventSubscriber/LOADING]: Auto-subscribing io.redspace.ironsspellbooks.effect.EchoingStrikesEffect to FORGE
[18May2026 14:31:31.574] [modloading-worker-0/DEBUG] [net.minecraftforge.fml.javafmlmod.AutomaticEventSubscriber/LOADING]: Auto-subscribing io.redspace.ironsspellbooks.effect.BlightEffect to FORGE
[18May2026 14:31:31.574] [modloading-worker-0/DEBUG] [net.minecraftforge.fml.javafmlmod.AutomaticEventSubscriber/LOADING]: Auto-subscribing io.redspace.ironsspellbooks.datagen.DataGenerators to MOD
[18May2026 14:31:31.576] [modloading-worker-0/DEBUG] [net.minecraftforge.fml.javafmlmod.AutomaticEventSubscriber/LOADING]: Auto-subscribing io.redspace.ironsspellbooks.damage.DamageSources to FORGE
[18May2026 14:31:31.580] [modloading-worker-0/DEBUG] [net.minecraftforge.fml.javafmlmod.AutomaticEventSubscriber/LOADING]: Auto-subscribing io.redspace.ironsspellbooks.capabilities.magic.SummonManager to FORGE
[18May2026 14:31:31.584] [modloading-worker-0/DEBUG] [net.minecraftforge.fml.javafmlmod.AutomaticEventSubscriber/LOADING]: Auto-subscribing io.redspace.ironsspellbooks.api.util.MusicManager to FORGE
[18May2026 14:31:31.587] [modloading-worker-0/DEBUG] [net.minecraftforge.fml.javafmlmod.AutomaticEventSubscriber/LOADING]: Auto-subscribing io.redspace.ironsspellbooks.api.util.FogManager to FORGE
[18May2026 14:31:31.591] [modloading-worker-0/DEBUG] [net.minecraftforge.fml.javafmlmod.AutomaticEventSubscriber/LOADING]: Auto-subscribing io.redspace.ironsspellbooks.api.util.CameraShakeManager to FORGE
[18May2026 14:31:31.595] [modloading-worker-0/DEBUG] [net.minecraftforge.fml.javafmlmod.AutomaticEventSubscriber/LOADING]: Auto-subscribing io.redspace.ironsspellbooks.api.registry.AttributeRegistry to MOD
[18May2026 14:31:31.596] [modloading-worker-0/DEBUG] [net.minecraftforge.fml.javafmlmod.AutomaticEventSubscriber/LOADING]: Auto-subscribing io.redspace.ironsspellbooks.api.config.SpellConfigManager to FORGE
[18May2026 14:31:31.596] [modloading-worker-0/INFO] [MythsAndLegends/]: Registered all conditions
[18May2026 14:31:31.602] [modloading-worker-0/DEBUG] [net.minecraftforge.fml.javafmlmod.AutomaticEventSubscriber/LOADING]: Attempting to inject @EventBusSubscriber classes into the eventbus for mythsandlegends
[18May2026 14:31:31.606] [modloading-worker-0/DEBUG] [net.minecraftforge.fml.javafmlmod.AutomaticEventSubscriber/LOADING]: Auto-subscribing io.redspace.ironsspellbooks.api.backwards_compat.UpgradeTypeCache to FORGE
[18May2026 14:31:31.662] [modloading-worker-0/INFO] [ModernFix/]: Bypassed Mojang DFU
[18May2026 14:31:31.662] [modloading-worker-0/INFO] [ModernFix/]: Instantiating Mojang DFU
[18May2026 14:31:31.702] [modloading-worker-0/DEBUG] [Cristel Lib/]: Couldn't parse: "T&T Waystone Patch Pack" to a component
com.mojang.brigadier.exceptions.CommandSyntaxException: Invalid chat component: Use JsonReader.setLenient(true) to accept malformed JSON at line 1 column 1 path $ at position 0: <--[HERE]
[18May2026 14:31:31.764] [modloading-worker-0/DEBUG] [net.minecraftforge.fml.config.ConfigTracker/CONFIG]: Config file Obscuria/aquamirae-common.toml for aquamirae tracking
[18May2026 14:31:31.767] [modloading-worker-0/DEBUG] [net.minecraftforge.fml.config.ConfigTracker/CONFIG]: Config file Obscuria/aquamirae-client.toml for aquamirae tracking
[18May2026 14:31:31.772] [modloading-worker-0/DEBUG] [net.minecraftforge.fml.javafmlmod.AutomaticEventSubscriber/LOADING]: Attempting to inject @EventBusSubscriber classes into the eventbus for aquamirae
[18May2026 14:31:31.772] [modloading-worker-0/DEBUG] [net.minecraftforge.fml.javafmlmod.AutomaticEventSubscriber/LOADING]: Auto-subscribing com.obscuria.aquamirae.registry.AquamiraeEntities to MOD
[18May2026 14:31:31.773] [modloading-worker-0/DEBUG] [net.minecraftforge.fml.javafmlmod.AutomaticEventSubscriber/LOADING]: Auto-subscribing com.obscuria.aquamirae.registry.AquamiraeCreativeTab to MOD
[18May2026 14:31:31.773] [modloading-worker-0/DEBUG] [net.minecraftforge.fml.javafmlmod.AutomaticEventSubscriber/LOADING]: Auto-subscribing com.obscuria.aquamirae.network.ScrollMessage to MOD
[18May2026 14:31:31.775] [modloading-worker-0/DEBUG] [net.minecraftforge.fml.javafmlmod.AutomaticEventSubscriber/LOADING]: Auto-subscribing com.obscuria.aquamirae.common.recipes.SpectralPotionRecipe to MOD
[18May2026 14:31:31.776] [modloading-worker-0/DEBUG] [net.minecraftforge.fml.javafmlmod.AutomaticEventSubscriber/LOADING]: Auto-subscribing com.obscuria.aquamirae.common.recipes.PotionOfTenacityRecipe to MOD
[18May2026 14:31:31.776] [modloading-worker-0/DEBUG] [net.minecraftforge.fml.javafmlmod.AutomaticEventSubscriber/LOADING]: Attempting to inject @EventBusSubscriber classes into the eventbus for cristellib
[18May2026 14:31:31.777] [modloading-worker-0/DEBUG] [net.minecraftforge.fml.javafmlmod.AutomaticEventSubscriber/LOADING]: Auto-subscribing com.obscuria.aquamirae.common.items.armor.TerribleArmorItem to FORGE
[18May2026 14:31:31.777] [modloading-worker-0/DEBUG] [net.minecraftforge.fml.javafmlmod.AutomaticEventSubscriber/LOADING]: Auto-subscribing com.obscuria.aquamirae.common.items.RuneOfTheStormItem to FORGE
[18May2026 14:31:31.891] [modloading-worker-0/DEBUG] [mixin/]: Mixing perf.compact_mojang_registries.BlockStateDataMixin from modernfix-modernfix.mixins.json into net.minecraft.util.datafix.fixes.BlockStateData
[18May2026 14:31:32.493] [modloading-worker-0/DEBUG] [net.minecraftforge.fml.config.ConfigTracker/CONFIG]: Config file aquaculture-common.toml for aquaculture tracking
[18May2026 14:31:32.495] [modloading-worker-0/DEBUG] [net.minecraftforge.fml.javafmlmod.AutomaticEventSubscriber/LOADING]: Attempting to inject @EventBusSubscriber classes into the eventbus for aquaculture
[18May2026 14:31:32.495] [modloading-worker-0/DEBUG] [net.minecraftforge.fml.javafmlmod.AutomaticEventSubscriber/LOADING]: Auto-subscribing com.teammetallurgy.aquaculture.misc.NeptunesMight to FORGE
[18May2026 14:31:32.496] [modloading-worker-0/DEBUG] [net.minecraftforge.fml.javafmlmod.AutomaticEventSubscriber/LOADING]: Auto-subscribing com.teammetallurgy.aquaculture.misc.FurnaceFuel to FORGE
[18May2026 14:31:32.496] [modloading-worker-0/DEBUG] [net.minecraftforge.fml.javafmlmod.AutomaticEventSubscriber/LOADING]: Auto-subscribing com.teammetallurgy.aquaculture.loot.FishWeightHandler to FORGE
[18May2026 14:31:32.500] [modloading-worker-0/DEBUG] [net.minecraftforge.fml.javafmlmod.AutomaticEventSubscriber/LOADING]: Auto-subscribing com.teammetallurgy.aquaculture.item.crafting.ConditionFactory to MOD
[18May2026 14:31:32.504] [modloading-worker-0/DEBUG] [net.minecraftforge.fml.javafmlmod.AutomaticEventSubscriber/LOADING]: Auto-subscribing com.teammetallurgy.aquaculture.init.FishRegistry to MOD
[18May2026 14:31:32.504] [modloading-worker-0/DEBUG] [net.minecraftforge.fml.javafmlmod.AutomaticEventSubscriber/LOADING]: Auto-subscribing com.teammetallurgy.aquaculture.init.AquaLootTables to FORGE
[18May2026 14:31:32.506] [modloading-worker-0/DEBUG] [net.minecraftforge.fml.javafmlmod.AutomaticEventSubscriber/LOADING]: Auto-subscribing com.teammetallurgy.aquaculture.init.AquaEntities to MOD
[18May2026 14:31:32.506] [modloading-worker-0/DEBUG] [net.minecraftforge.fml.javafmlmod.AutomaticEventSubscriber/LOADING]: Auto-subscribing com.teammetallurgy.aquaculture.api.fishing.Hooks to FORGE
[18May2026 14:31:42.227] [modloading-worker-0/INFO] [com.sky.weaponmaster.WeaponMaster/]: Total varients loaded: 6425544
[18May2026 14:31:42.227] [modloading-worker-0/INFO] [com.sky.weaponmaster.WeaponMaster/]: Total varients loaded (inc. passives + abilities): 3675411168
[18May2026 14:31:42.230] [modloading-worker-0/DEBUG] [net.minecraftforge.fml.config.ConfigTracker/CONFIG]: Config file weaponmaster-common.toml for weaponmaster tracking
[18May2026 14:31:42.230] [modloading-worker-0/DEBUG] [net.minecraftforge.fml.config.ConfigTracker/CONFIG]: Config file weaponmaster-client.toml for weaponmaster tracking
[18May2026 14:31:42.239] [modloading-worker-0/DEBUG] [net.minecraftforge.fml.javafmlmod.AutomaticEventSubscriber/LOADING]: Attempting to inject @EventBusSubscriber classes into the eventbus for weaponmaster
[18May2026 14:31:42.239] [modloading-worker-0/DEBUG] [net.minecraftforge.fml.javafmlmod.AutomaticEventSubscriber/LOADING]: Auto-subscribing com.sky.weaponmaster.WeaponMaster$RegistryEventsForge to FORGE
[18May2026 14:31:42.251] [modloading-worker-0/DEBUG] [net.minecraftforge.fml.javafmlmod.AutomaticEventSubscriber/LOADING]: Auto-subscribing com.sky.weaponmaster.WeaponMaster$RegistryEvents to MOD
[18May2026 14:31:42.254] [main/DEBUG] [net.minecraftforge.fml.DeferredWorkQueue/LOADING]: Dispatching synchronous work for work queue CONSTRUCT: 12 jobs
[18May2026 14:31:42.257] [main/DEBUG] [epicfight/]: Loaded enums in class yesman.epicfight.api.animation.LivingMotions
[18May2026 14:31:42.258] [main/DEBUG] [epicfight/]: All enums are loaded: living_motion [ALL, INACTION, IDLE, CONFRONT, ANGRY, FLOAT, WALK, RUN, SWIM, FLY, SNEAK, KNEEL, FALL, SIT, MOUNT, DEATH, CHASE, SPELLCAST, JUMP, CELEBRATE, LANDING_RECOVERY, CREATIVE_FLY, CREATIVE_IDLE, SLEEP, DIGGING, ADMIRE, CLIMB, DRINK, EAT, NONE, AIM, BLOCK, BLOCK_SHIELD, RELOAD, SHOT, SPECTATE]
[18May2026 14:31:42.258] [main/DEBUG] [epicfight/]: Loaded enums in class yesman.epicfight.skill.SkillCategories
[18May2026 14:31:42.258] [main/DEBUG] [epicfight/]: All enums are loaded: skill_category [BASIC_ATTACK, DODGE, PASSIVE, WEAPON_PASSIVE, WEAPON_INNATE, GUARD, KNOCKDOWN_WAKEUP, MOVER, IDENTITY]
[18May2026 14:31:42.258] [main/DEBUG] [epicfight/]: Loaded enums in class yesman.epicfight.skill.SkillSlots
[18May2026 14:31:42.258] [main/DEBUG] [epicfight/]: All enums are loaded: skill_slot [BASIC_ATTACK, DODGE, PASSIVE1, PASSIVE2, PASSIVE3, WEAPON_PASSIVE, WEAPON_INNATE, GUARD, KNOCKDOWN_WAKEUP, MOVER, IDENTITY]
[18May2026 14:31:42.259] [main/DEBUG] [epicfight/]: Loaded enums in class yesman.epicfight.world.capabilities.item.CapabilityItem$Styles
[18May2026 14:31:42.259] [main/DEBUG] [epicfight/]: All enums are loaded: style [COMMON, ONE_HAND, TWO_HAND, MOUNT, RANGED, SHEATH, OCHS]
[18May2026 14:31:42.259] [main/DEBUG] [epicfight/]: Loaded enums in class yesman.epicfight.world.capabilities.item.CapabilityItem$WeaponCategories
[18May2026 14:31:42.259] [main/DEBUG] [epicfight/]: All enums are loaded: weapon_category [NOT_WEAPON, AXE, FIST, GREATSWORD, HOE, PICKAXE, SHOVEL, SWORD, UCHIGATANA, SPEAR, TACHI, TRIDENT, LONGSWORD, DAGGER, SHIELD, CROSSBOW, BOW]
[18May2026 14:31:42.265] [main/DEBUG] [epicfight/]: Loaded enums in class yesman.epicfight.world.capabilities.entitypatch.Factions
[18May2026 14:31:42.265] [main/DEBUG] [epicfight/]: All enums are loaded: faction [NEUTRAL, UNDEAD, BLAZE, ENDERMAN, ILLAGER, PIGLINS, WITHER, VILLAGER, ZOMBIFIED_PIGLIN]
[18May2026 14:31:42.265] [main/DEBUG] [epicfight/]: Loaded enums in class yesman.epicfight.network.EntityPairingPacketTypes
[18May2026 14:31:42.265] [main/DEBUG] [epicfight/]: All enums are loaded: entity_pairing_packet_type [ADRENALINE_ACTIVATED, BONEBREAKER_BEGIN, BONEBREAKER_MAX_STACK, BONEBREAKER_CLEAR, STAMINA_PILLAGER_BODY_ASHES, EMERGENCY_ESCAPE_ACTIVATED, ENDERMAN_RAGE, FLASH_WHITE, PIGLIN_BABY_SPAWN, SET_BOSS_EVENT_OWNER, TECHNICIAN_ACTIVATED, TRIDENT_THROWN, VENGEANCE_OVERLAY, VENGEANCE_TARGET_CANCEL, ZOMBIE_SPAWN]
[18May2026 14:31:42.363] [main/DEBUG] [net.minecraftforge.fml.config.ConfigTracker/CONFIG]: Config file darksoulsexpansion.toml for dark_souls_expansion tracking
[18May2026 14:31:42.365] [main/DEBUG] [net.minecraftforge.fml.config.ConfigTracker/CONFIG]: Config file souls_like_universe.toml for slu tracking
[18May2026 14:31:42.366] [main/DEBUG] [net.minecraftforge.fml.DeferredWorkQueue/LOADING]: Synchronous work queue completed in 110.7 ms
[18May2026 14:31:42.525] [main/DEBUG] [mixin/]: Mixing common.RegistryDataLoaderMixin from lithostitched.mixins.json into net.minecraft.resources.RegistryDataLoader
[18May2026 14:31:42.977] [main/DEBUG] [net.minecraftforge.common.capabilities.CapabilityManager/CAPABILITIES]: Attempting to automatically register: Lcom/sky/weaponmaster/AicMoodCapability;
[18May2026 14:31:42.977] [main/DEBUG] [net.minecraftforge.common.capabilities.CapabilityManager/CAPABILITIES]: Attempting to automatically register: Lcom/tiviacz/travelersbackpack/capability/ITravelersBackpack;
[18May2026 14:31:42.977] [main/DEBUG] [net.minecraftforge.common.capabilities.CapabilityManager/CAPABILITIES]: Attempting to automatically register: Lnet/minecraftforge/energy/IEnergyStorage;
[18May2026 14:31:42.977] [main/DEBUG] [net.minecraftforge.common.capabilities.CapabilityManager/CAPABILITIES]: Attempting to automatically register: Lnet/minecraftforge/fluids/capability/IFluidHandler;
[18May2026 14:31:42.977] [main/DEBUG] [net.minecraftforge.common.capabilities.CapabilityManager/CAPABILITIES]: Attempting to automatically register: Lnet/minecraftforge/fluids/capability/IFluidHandlerItem;
[18May2026 14:31:42.977] [main/DEBUG] [net.minecraftforge.common.capabilities.CapabilityManager/CAPABILITIES]: Attempting to automatically register: Lnet/minecraftforge/items/IItemHandler;
[18May2026 14:31:42.977] [main/DEBUG] [net.minecraftforge.common.capabilities.CapabilityManager/CAPABILITIES]: Attempting to automatically register: Lnet/unusual/block_factorys_bosses/capability/entity/GauntletCap;
[18May2026 14:31:42.977] [main/DEBUG] [net.minecraftforge.common.capabilities.CapabilityManager/CAPABILITIES]: Attempting to automatically register: Lnet/unusual/block_factorys_bosses/capability/entity/PlayerAnimationCap;
[18May2026 14:31:42.977] [main/DEBUG] [net.minecraftforge.common.capabilities.CapabilityManager/CAPABILITIES]: Attempting to automatically register: Lnet/unusual/block_factorys_bosses/capability/entity/PlayerVariablesCap;
[18May2026 14:31:42.978] [main/DEBUG] [net.minecraftforge.common.capabilities.CapabilityManager/CAPABILITIES]: Attempting to automatically register: Lnet/unusual/block_factorys_bosses/capability/entity/RollCap;
[18May2026 14:31:43.419] [main/DEBUG] [Kambrik/]: Kambrik registering 'io.ejekta.bountiful.content.BountifulContent for bounty' for auto-registration
[18May2026 14:31:43.421] [main/DEBUG] [Kambrik/]: Kambrik registering 'io.ejekta.bountiful.content.BountifulContent for decree' for auto-registration
[18May2026 14:31:43.424] [main/DEBUG] [Kambrik/]: Kambrik registering 'io.ejekta.bountiful.content.BountifulContent for bountyboard' for auto-registration
[18May2026 14:31:43.424] [main/DEBUG] [Kambrik/]: Kambrik registering 'io.ejekta.bountiful.content.BountifulContent for bountyboard' for auto-registration
[18May2026 14:31:43.424] [main/DEBUG] [Kambrik/]: Kambrik registering 'io.ejekta.bountiful.content.BountifulContent for board-be' for auto-registration
[18May2026 14:31:43.426] [main/DEBUG] [Kambrik/]: Kambrik registering 'io.ejekta.bountiful.content.BountifulContent for board' for auto-registration
[18May2026 14:31:43.767] [main/ERROR] [net.minecraftforge.fml.loading.RuntimeDistCleaner/DISTXFORM]: Attempted to load class com/mojang/blaze3d/vertex/PoseStack for invalid dist DEDICATED_SERVER
[18May2026 14:31:43.768] [main/WARN] [Radium Class Analysis/]: Radium Class Analysis Error: Class com.becks.interaction_boxes.common.predefinedInteractionBoxBlocktypes.InteractionBoxEntityBlock cannot be analysed, because getting declared methods crashes with RuntimeException: Attempted to load class com/mojang/blaze3d/vertex/PoseStack for invalid dist DEDICATED_SERVER. This is usually caused by modded entities declaring methods that have a return type or parameter type that is annotated with @OnlyIn(Dist.CLIENT). Loading the type is not possible, because it only exists in the CLIENT environment. The recommended fix is to annotate the method with this argument or return type with the same annotation. Lithium handles this error by assuming the class cannot be included in some optimizations.
[18May2026 14:31:43.768] [main/ERROR] [net.minecraftforge.fml.loading.RuntimeDistCleaner/DISTXFORM]: Attempted to load class com/mojang/blaze3d/vertex/PoseStack for invalid dist DEDICATED_SERVER
[18May2026 14:31:43.769] [main/WARN] [Radium Class Analysis/]: Radium Class Analysis Error: Class com.becks.interaction_boxes.common.predefinedInteractionBoxBlocktypes.InteractionBoxEntityBlock cannot be analysed, because getting declared methods crashes with RuntimeException: Attempted to load class com/mojang/blaze3d/vertex/PoseStack for invalid dist DEDICATED_SERVER. This is usually caused by modded entities declaring methods that have a return type or parameter type that is annotated with @OnlyIn(Dist.CLIENT). Loading the type is not possible, because it only exists in the CLIENT environment. The recommended fix is to annotate the method with this argument or return type with the same annotation. Lithium handles this error by assuming the class cannot be included in some optimizations.
[18May2026 14:31:43.776] [main/ERROR] [net.minecraftforge.fml.loading.RuntimeDistCleaner/DISTXFORM]: Attempted to load class com/mojang/blaze3d/vertex/PoseStack for invalid dist DEDICATED_SERVER
[18May2026 14:31:43.776] [main/WARN] [Radium Class Analysis/]: Radium Class Analysis Error: Class com.becks.interaction_boxes.common.predefinedInteractionBoxBlocktypes.InteractionBoxEntityBlock cannot be analysed, because getting declared methods crashes with RuntimeException: Attempted to load class com/mojang/blaze3d/vertex/PoseStack for invalid dist DEDICATED_SERVER. This is usually caused by modded entities declaring methods that have a return type or parameter type that is annotated with @OnlyIn(Dist.CLIENT). Loading the type is not possible, because it only exists in the CLIENT environment. The recommended fix is to annotate the method with this argument or return type with the same annotation. Lithium handles this error by assuming the class cannot be included in some optimizations.
[18May2026 14:31:43.777] [main/ERROR] [net.minecraftforge.fml.loading.RuntimeDistCleaner/DISTXFORM]: Attempted to load class com/mojang/blaze3d/vertex/PoseStack for invalid dist DEDICATED_SERVER
[18May2026 14:31:43.777] [main/WARN] [Radium Class Analysis/]: Radium Class Analysis Error: Class com.becks.interaction_boxes.common.predefinedInteractionBoxBlocktypes.InteractionBoxEntityBlock cannot be analysed, because getting declared methods crashes with RuntimeException: Attempted to load class com/mojang/blaze3d/vertex/PoseStack for invalid dist DEDICATED_SERVER. This is usually caused by modded entities declaring methods that have a return type or parameter type that is annotated with @OnlyIn(Dist.CLIENT). Loading the type is not possible, because it only exists in the CLIENT environment. The recommended fix is to annotate the method with this argument or return type with the same annotation. Lithium handles this error by assuming the class cannot be included in some optimizations.
[18May2026 14:31:43.790] [main/ERROR] [net.minecraftforge.fml.loading.RuntimeDistCleaner/DISTXFORM]: Attempted to load class com/mojang/blaze3d/vertex/PoseStack for invalid dist DEDICATED_SERVER
[18May2026 14:31:43.790] [main/WARN] [Radium Class Analysis/]: Radium Class Analysis Error: Class com.becks.interaction_boxes.common.predefinedInteractionBoxBlocktypes.InteractionBoxEntityBlock cannot be analysed, because getting declared methods crashes with RuntimeException: Attempted to load class com/mojang/blaze3d/vertex/PoseStack for invalid dist DEDICATED_SERVER. This is usually caused by modded entities declaring methods that have a return type or parameter type that is annotated with @OnlyIn(Dist.CLIENT). Loading the type is not possible, because it only exists in the CLIENT environment. The recommended fix is to annotate the method with this argument or return type with the same annotation. Lithium handles this error by assuming the class cannot be included in some optimizations.
[18May2026 14:31:43.791] [main/ERROR] [net.minecraftforge.fml.loading.RuntimeDistCleaner/DISTXFORM]: Attempted to load class com/mojang/blaze3d/vertex/PoseStack for invalid dist DEDICATED_SERVER
[18May2026 14:31:43.791] [main/WARN] [Radium Class Analysis/]: Radium Class Analysis Error: Class com.becks.interaction_boxes.common.predefinedInteractionBoxBlocktypes.InteractionBoxEntityBlock cannot be analysed, because getting declared methods crashes with RuntimeException: Attempted to load class com/mojang/blaze3d/vertex/PoseStack for invalid dist DEDICATED_SERVER. This is usually caused by modded entities declaring methods that have a return type or parameter type that is annotated with @OnlyIn(Dist.CLIENT). Loading the type is not possible, because it only exists in the CLIENT environment. The recommended fix is to annotate the method with this argument or return type with the same annotation. Lithium handles this error by assuming the class cannot be included in some optimizations.
[18May2026 14:31:43.795] [main/ERROR] [net.minecraftforge.fml.loading.RuntimeDistCleaner/DISTXFORM]: Attempted to load class com/mojang/blaze3d/vertex/PoseStack for invalid dist DEDICATED_SERVER
[18May2026 14:31:43.795] [main/WARN] [Radium Class Analysis/]: Radium Class Analysis Error: Class com.becks.interaction_boxes.common.predefinedInteractionBoxBlocktypes.InteractionBoxEntityBlock cannot be analysed, because getting declared methods crashes with RuntimeException: Attempted to load class com/mojang/blaze3d/vertex/PoseStack for invalid dist DEDICATED_SERVER. This is usually caused by modded entities declaring methods that have a return type or parameter type that is annotated with @OnlyIn(Dist.CLIENT). Loading the type is not possible, because it only exists in the CLIENT environment. The recommended fix is to annotate the method with this argument or return type with the same annotation. Lithium handles this error by assuming the class cannot be included in some optimizations.
[18May2026 14:31:43.796] [main/ERROR] [net.minecraftforge.fml.loading.RuntimeDistCleaner/DISTXFORM]: Attempted to load class com/mojang/blaze3d/vertex/PoseStack for invalid dist DEDICATED_SERVER
[18May2026 14:31:43.796] [main/WARN] [Radium Class Analysis/]: Radium Class Analysis Error: Class com.becks.interaction_boxes.common.predefinedInteractionBoxBlocktypes.InteractionBoxEntityBlock cannot be analysed, because getting declared methods crashes with RuntimeException: Attempted to load class com/mojang/blaze3d/vertex/PoseStack for invalid dist DEDICATED_SERVER. This is usually caused by modded entities declaring methods that have a return type or parameter type that is annotated with @OnlyIn(Dist.CLIENT). Loading the type is not possible, because it only exists in the CLIENT environment. The recommended fix is to annotate the method with this argument or return type with the same annotation. Lithium handles this error by assuming the class cannot be included in some optimizations.
[18May2026 14:31:43.798] [main/ERROR] [net.minecraftforge.fml.loading.RuntimeDistCleaner/DISTXFORM]: Attempted to load class com/mojang/blaze3d/vertex/PoseStack for invalid dist DEDICATED_SERVER
[18May2026 14:31:43.798] [main/WARN] [Radium Class Analysis/]: Radium Class Analysis Error: Class com.becks.interaction_boxes.common.predefinedInteractionBoxBlocktypes.InteractionBoxBlock cannot be analysed, because getting declared methods crashes with RuntimeException: Attempted to load class com/mojang/blaze3d/vertex/PoseStack for invalid dist DEDICATED_SERVER. This is usually caused by modded entities declaring methods that have a return type or parameter type that is annotated with @OnlyIn(Dist.CLIENT). Loading the type is not possible, because it only exists in the CLIENT environment. The recommended fix is to annotate the method with this argument or return type with the same annotation. Lithium handles this error by assuming the class cannot be included in some optimizations.
[18May2026 14:31:43.798] [main/ERROR] [net.minecraftforge.fml.loading.RuntimeDistCleaner/DISTXFORM]: Attempted to load class com/mojang/blaze3d/vertex/PoseStack for invalid dist DEDICATED_SERVER
[18May2026 14:31:43.799] [main/WARN] [Radium Class Analysis/]: Radium Class Analysis Error: Class com.becks.interaction_boxes.common.predefinedInteractionBoxBlocktypes.InteractionBoxBlock cannot be analysed, because getting declared methods crashes with RuntimeException: Attempted to load class com/mojang/blaze3d/vertex/PoseStack for invalid dist DEDICATED_SERVER. This is usually caused by modded entities declaring methods that have a return type or parameter type that is annotated with @OnlyIn(Dist.CLIENT). Loading the type is not possible, because it only exists in the CLIENT environment. The recommended fix is to annotate the method with this argument or return type with the same annotation. Lithium handles this error by assuming the class cannot be included in some optimizations.
[18May2026 14:31:44.300] [main/ERROR] [net.minecraftforge.fml.loading.RuntimeDistCleaner/DISTXFORM]: Attempted to load class com/mojang/blaze3d/vertex/PoseStack for invalid dist DEDICATED_SERVER
[18May2026 14:31:44.301] [main/WARN] [Radium Class Analysis/]: Radium Class Analysis Error: Class com.becks.interaction_boxes.common.predefinedInteractionBoxBlocktypes.InteractionBoxEntityBlock cannot be analysed, because getting declared methods crashes with RuntimeException: Attempted to load class com/mojang/blaze3d/vertex/PoseStack for invalid dist DEDICATED_SERVER. This is usually caused by modded entities declaring methods that have a return type or parameter type that is annotated with @OnlyIn(Dist.CLIENT). Loading the type is not possible, because it only exists in the CLIENT environment. The recommended fix is to annotate the method with this argument or return type with the same annotation. Lithium handles this error by assuming the class cannot be included in some optimizations.
[18May2026 14:31:44.301] [main/ERROR] [net.minecraftforge.fml.loading.RuntimeDistCleaner/DISTXFORM]: Attempted to load class com/mojang/blaze3d/vertex/PoseStack for invalid dist DEDICATED_SERVER
[18May2026 14:31:44.301] [main/WARN] [Radium Class Analysis/]: Radium Class Analysis Error: Class com.becks.interaction_boxes.common.predefinedInteractionBoxBlocktypes.InteractionBoxEntityBlock cannot be analysed, because getting declared methods crashes with RuntimeException: Attempted to load class com/mojang/blaze3d/vertex/PoseStack for invalid dist DEDICATED_SERVER. This is usually caused by modded entities declaring methods that have a return type or parameter type that is annotated with @OnlyIn(Dist.CLIENT). Loading the type is not possible, because it only exists in the CLIENT environment. The recommended fix is to annotate the method with this argument or return type with the same annotation. Lithium handles this error by assuming the class cannot be included in some optimizations.
[18May2026 14:31:44.304] [main/ERROR] [net.minecraftforge.fml.loading.RuntimeDistCleaner/DISTXFORM]: Attempted to load class com/mojang/blaze3d/vertex/PoseStack for invalid dist DEDICATED_SERVER
[18May2026 14:31:44.304] [main/WARN] [Radium Class Analysis/]: Radium Class Analysis Error: Class com.becks.interaction_boxes.common.predefinedInteractionBoxBlocktypes.InteractionBoxEntityBlock cannot be analysed, because getting declared methods crashes with RuntimeException: Attempted to load class com/mojang/blaze3d/vertex/PoseStack for invalid dist DEDICATED_SERVER. This is usually caused by modded entities declaring methods that have a return type or parameter type that is annotated with @OnlyIn(Dist.CLIENT). Loading the type is not possible, because it only exists in the CLIENT environment. The recommended fix is to annotate the method with this argument or return type with the same annotation. Lithium handles this error by assuming the class cannot be included in some optimizations.
[18May2026 14:31:44.304] [main/ERROR] [net.minecraftforge.fml.loading.RuntimeDistCleaner/DISTXFORM]: Attempted to load class com/mojang/blaze3d/vertex/PoseStack for invalid dist DEDICATED_SERVER
[18May2026 14:31:44.304] [main/WARN] [Radium Class Analysis/]: Radium Class Analysis Error: Class com.becks.interaction_boxes.common.predefinedInteractionBoxBlocktypes.InteractionBoxEntityBlock cannot be analysed, because getting declared methods crashes with RuntimeException: Attempted to load class com/mojang/blaze3d/vertex/PoseStack for invalid dist DEDICATED_SERVER. This is usually caused by modded entities declaring methods that have a return type or parameter type that is annotated with @OnlyIn(Dist.CLIENT). Loading the type is not possible, because it only exists in the CLIENT environment. The recommended fix is to annotate the method with this argument or return type with the same annotation. Lithium handles this error by assuming the class cannot be included in some optimizations.
[18May2026 14:31:44.308] [main/ERROR] [net.minecraftforge.fml.loading.RuntimeDistCleaner/DISTXFORM]: Attempted to load class com/mojang/blaze3d/vertex/PoseStack for invalid dist DEDICATED_SERVER
[18May2026 14:31:44.309] [main/WARN] [Radium Class Analysis/]: Radium Class Analysis Error: Class com.becks.interaction_boxes.common.predefinedInteractionBoxBlocktypes.InteractionBoxEntityBlock cannot be analysed, because getting declared methods crashes with RuntimeException: Attempted to load class com/mojang/blaze3d/vertex/PoseStack for invalid dist DEDICATED_SERVER. This is usually caused by modded entities declaring methods that have a return type or parameter type that is annotated with @OnlyIn(Dist.CLIENT). Loading the type is not possible, because it only exists in the CLIENT environment. The recommended fix is to annotate the method with this argument or return type with the same annotation. Lithium handles this error by assuming the class cannot be included in some optimizations.
[18May2026 14:31:44.309] [main/ERROR] [net.minecraftforge.fml.loading.RuntimeDistCleaner/DISTXFORM]: Attempted to load class com/mojang/blaze3d/vertex/PoseStack for invalid dist DEDICATED_SERVER
[18May2026 14:31:44.309] [main/WARN] [Radium Class Analysis/]: Radium Class Analysis Error: Class com.becks.interaction_boxes.common.predefinedInteractionBoxBlocktypes.InteractionBoxEntityBlock cannot be analysed, because getting declared methods crashes with RuntimeException: Attempted to load class com/mojang/blaze3d/vertex/PoseStack for invalid dist DEDICATED_SERVER. This is usually caused by modded entities declaring methods that have a return type or parameter type that is annotated with @OnlyIn(Dist.CLIENT). Loading the type is not possible, because it only exists in the CLIENT environment. The recommended fix is to annotate the method with this argument or return type with the same annotation. Lithium handles this error by assuming the class cannot be included in some optimizations.
[18May2026 14:31:44.310] [main/ERROR] [net.minecraftforge.fml.loading.RuntimeDistCleaner/DISTXFORM]: Attempted to load class com/mojang/blaze3d/vertex/PoseStack for invalid dist DEDICATED_SERVER
[18May2026 14:31:44.310] [main/WARN] [Radium Class Analysis/]: Radium Class Analysis Error: Class com.becks.interaction_boxes.common.predefinedInteractionBoxBlocktypes.InteractionBoxBlock cannot be analysed, because getting declared methods crashes with RuntimeException: Attempted to load class com/mojang/blaze3d/vertex/PoseStack for invalid dist DEDICATED_SERVER. This is usually caused by modded entities declaring methods that have a return type or parameter type that is annotated with @OnlyIn(Dist.CLIENT). Loading the type is not possible, because it only exists in the CLIENT environment. The recommended fix is to annotate the method with this argument or return type with the same annotation. Lithium handles this error by assuming the class cannot be included in some optimizations.
[18May2026 14:31:44.311] [main/ERROR] [net.minecraftforge.fml.loading.RuntimeDistCleaner/DISTXFORM]: Attempted to load class com/mojang/blaze3d/vertex/PoseStack for invalid dist DEDICATED_SERVER
[18May2026 14:31:44.311] [main/WARN] [Radium Class Analysis/]: Radium Class Analysis Error: Class com.becks.interaction_boxes.common.predefinedInteractionBoxBlocktypes.InteractionBoxBlock cannot be analysed, because getting declared methods crashes with RuntimeException: Attempted to load class com/mojang/blaze3d/vertex/PoseStack for invalid dist DEDICATED_SERVER. This is usually caused by modded entities declaring methods that have a return type or parameter type that is annotated with @OnlyIn(Dist.CLIENT). Loading the type is not possible, because it only exists in the CLIENT environment. The recommended fix is to annotate the method with this argument or return type with the same annotation. Lithium handles this error by assuming the class cannot be included in some optimizations.
[18May2026 14:31:44.941] [main/DEBUG] [mixin/]: Mixing MapDataMixin from moonlight-common.mixins.json into net.minecraft.world.level.saveddata.maps.MapItemSavedData
[18May2026 14:31:44.942] [main/DEBUG] [mixin/]: Renaming synthetic method lambda$save$3(Lnet/minecraft/nbt/CompoundTag;Lnet/minecraft/resources/ResourceLocation;Lnet/mehvahdjukaar/moonlight/api/map/CustomMapData;)V to md740d9a$lambda$save$3$0 in moonlight-common.mixins.json:MapDataMixin
[18May2026 14:31:44.942] [main/DEBUG] [mixin/]: Renaming synthetic method lambda$load$2(Lnet/minecraft/nbt/CompoundTag;Lnet/mehvahdjukaar/moonlight/api/map/CustomMapData;)V to md740d9a$lambda$load$2$1 in moonlight-common.mixins.json:MapDataMixin
[18May2026 14:31:44.942] [main/DEBUG] [mixin/]: Renaming synthetic method lambda$setCustomDataDirty$1(Lnet/mehvahdjukaar/moonlight/api/map/CustomMapData$Type;Ljava/util/function/Consumer;Lnet/minecraft/world/level/saveddata/maps/MapItemSavedData$HoldingPlayer;)V to md740d9a$lambda$setCustomDataDirty$1$2 in moonlight-common.mixins.json:MapDataMixin
[18May2026 14:31:44.942] [main/DEBUG] [mixin/]: Renaming synthetic method lambda$setCustomDecorationsDirty$0(Lnet/minecraft/world/level/saveddata/maps/MapItemSavedData$HoldingPlayer;)V to md740d9a$lambda$setCustomDecorationsDirty$0$3 in moonlight-common.mixins.json:MapDataMixin
[18May2026 14:31:44.972] [main/DEBUG] [io.netty.util.internal.InternalThreadLocalMap/]: -Dio.netty.threadLocalMap.stringBuilder.initialSize: 1024
[18May2026 14:31:44.972] [main/DEBUG] [io.netty.util.internal.InternalThreadLocalMap/]: -Dio.netty.threadLocalMap.stringBuilder.maxSize: 4096
[18May2026 14:31:44.973] [main/DEBUG] [io.netty.util.internal.ThreadLocalRandom/]: -Dio.netty.initialSeedUniquifier: 0xe2c5763d1077c275
[18May2026 14:31:44.975] [main/DEBUG] [software.bernie.geckolib.GeckoLib/]: Registered SyncedAnimatable for class net.unusual.block_factorys_bosses.item.SandwormGauntletItem
[18May2026 14:31:44.977] [main/DEBUG] [software.bernie.geckolib.GeckoLib/]: Registered SyncedAnimatable for class net.unusual.block_factorys_bosses.item.UndyingTentacleItem
[18May2026 14:31:45.031] [main/DEBUG] [MonoLib/]: Loaded io.github.jason13official.monolib.platform.ForgeRegistryHelper@5c7d7926 for service interface io.github.jason13official.monolib.platform.services.IRegistryHelper
[18May2026 14:31:45.082] [main/DEBUG] [software.bernie.geckolib.GeckoLib/]: Registered SyncedAnimatable for class net.soulsweaponry.items.hammer.Tonitrus
[18May2026 14:31:45.082] [main/DEBUG] [software.bernie.geckolib.GeckoLib/]: Registered SyncedAnimatable for class net.soulsweaponry.items.katana.Bloodlust
[18May2026 14:31:45.162] [main/DEBUG] [mixin/]: Mixing accessor.AnimationProcessorAccessor from block_factorys_bosses.mixins.json into software.bernie.geckolib.core.animation.AnimationProcessor
[18May2026 14:31:45.973] [main/INFO] [Moonlight/]: Initialized block sets in 25ms
[18May2026 14:31:46.262] [main/DEBUG] [placebo/]: Registered 0 recipe types.
[18May2026 14:31:46.548] [main/DEBUG] [mixin/]: Mixing MixinNbtPredicate from curios.mixins.json into net.minecraft.advancements.critereon.NbtPredicate
[18May2026 14:31:47.289] [main/DEBUG] [mixin/]: Mixing perf.faster_ingredients.ForgeHooksMixin from modernfix-modernfix.mixins.json into net.minecraftforge.common.ForgeHooks
[18May2026 14:31:47.314] [main/DEBUG] [net.minecraftforge.coremod.transformer.CoreModBaseTransformer/COREMOD]: Transforming net/minecraft/world/entity/raid/Raid
[18May2026 14:31:47.359] [main/DEBUG] [mixin/]: Mixing RaidMixin from goety.mixins.json into net.minecraft.world.entity.raid.Raid
[18May2026 14:31:47.362] [main/DEBUG] [mixin/]: Mixing ai.raid.RaidMixin from lithium.mixins.json into net.minecraft.world.entity.raid.Raid
[18May2026 14:31:47.362] [main/DEBUG] [mixin/]: lithium.mixins.json:ai.raid.RaidMixin: Class version 61 required is higher than the class version supported by the current version of Mixin (JAVA_16 supports class version 60)
[18May2026 14:31:47.385] [main/WARN] [net.minecraft.network.syncher.SynchedEntityData/]: defineId called for: class net.minecraft.world.entity.player.Player from class yesman.epicfight.world.capabilities.entitypatch.player.PlayerPatch
[18May2026 14:31:47.466] [main/WARN] [net.minecraft.network.syncher.SynchedEntityData/]: defineId called for: class net.minecraft.world.entity.TamableAnimal from class reascer.wom.world.entity.mob.EnderHand
[18May2026 14:31:47.466] [main/WARN] [net.minecraft.network.syncher.SynchedEntityData/]: defineId called for: class net.minecraft.world.entity.TamableAnimal from class reascer.wom.world.entity.mob.TargetingHelper
[18May2026 14:31:47.492] [main/WARN] [net.minecraft.network.syncher.SynchedEntityData/]: defineId called for: class net.mcreator.borninchaosv.entity.BabySpiderEntity from class net.mcreator.borninchaosv.entity.MotherSpiderEntity
[18May2026 14:31:47.540] [main/WARN] [net.minecraft.network.syncher.SynchedEntityData/]: defineId called for: class net.minecraft.world.entity.boss.wither.WitherBoss from class yesman.epicfight.world.capabilities.entitypatch.boss.WitherPatch
[18May2026 14:31:47.540] [main/WARN] [net.minecraft.network.syncher.SynchedEntityData/]: defineId called for: class net.minecraft.world.entity.boss.wither.WitherBoss from class yesman.epicfight.world.capabilities.entitypatch.boss.WitherPatch
[18May2026 14:31:47.540] [main/WARN] [net.minecraft.network.syncher.SynchedEntityData/]: defineId called for: class net.minecraft.world.entity.boss.wither.WitherBoss from class yesman.epicfight.world.capabilities.entitypatch.boss.WitherPatch
[18May2026 14:31:47.540] [main/WARN] [net.minecraft.network.syncher.SynchedEntityData/]: defineId called for: class net.minecraft.world.entity.boss.wither.WitherBoss from class yesman.epicfight.world.capabilities.entitypatch.boss.WitherPatch
[18May2026 14:31:47.540] [main/WARN] [net.minecraft.network.syncher.SynchedEntityData/]: defineId called for: class net.minecraft.world.entity.boss.wither.WitherBoss from class yesman.epicfight.world.capabilities.entitypatch.boss.WitherPatch
[18May2026 14:31:47.541] [main/WARN] [net.minecraft.network.syncher.SynchedEntityData/]: defineId called for: class net.minecraft.world.entity.boss.wither.WitherBoss from class yesman.epicfight.world.capabilities.entitypatch.boss.WitherPatch
[18May2026 14:31:47.541] [main/WARN] [net.minecraft.network.syncher.SynchedEntityData/]: defineId called for: class net.minecraft.world.entity.boss.wither.WitherBoss from class yesman.epicfight.world.capabilities.entitypatch.boss.WitherPatch
[18May2026 14:31:47.541] [main/WARN] [net.minecraft.network.syncher.SynchedEntityData/]: defineId called for: class net.minecraft.world.entity.boss.wither.WitherBoss from class yesman.epicfight.world.capabilities.entitypatch.boss.WitherPatch
[18May2026 14:31:47.541] [main/WARN] [net.minecraft.network.syncher.SynchedEntityData/]: defineId called for: class net.minecraft.world.entity.boss.wither.WitherBoss from class yesman.epicfight.world.capabilities.entitypatch.boss.WitherPatch
[18May2026 14:31:47.641] [main/DEBUG] [ModernFix/]: Removed 3822 redundant object holders
[18May2026 14:31:47.844] [main/DEBUG] [net.minecraftforge.fml.config.ConfigTracker/CONFIG]: Loading configs type COMMON
[18May2026 14:31:47.845] [main/DEBUG] [net.minecraftforge.fml.config.ConfigFileTypeHandler/CONFIG]: Built TOML config for /workspaces/VAlhalla-server/server/config/weaponmaster_ydm-common.toml
[18May2026 14:31:47.846] [main/DEBUG] [net.minecraftforge.fml.config.ConfigFileTypeHandler/CONFIG]: Loaded TOML config file /workspaces/VAlhalla-server/server/config/weaponmaster_ydm-common.toml
[18May2026 14:31:47.852] [main/DEBUG] [net.minecraftforge.fml.config.ConfigFileTypeHandler/CONFIG]: Watching TOML config file /workspaces/VAlhalla-server/server/config/weaponmaster_ydm-common.toml for changes
[18May2026 14:31:47.855] [main/DEBUG] [net.minecraftforge.fml.config.ConfigFileTypeHandler/CONFIG]: Built TOML config for /workspaces/VAlhalla-server/server/config/nyfsquiver-common.toml
[18May2026 14:31:47.855] [main/DEBUG] [net.minecraftforge.fml.config.ConfigFileTypeHandler/CONFIG]: Loaded TOML config file /workspaces/VAlhalla-server/server/config/nyfsquiver-common.toml
[18May2026 14:31:47.856] [main/DEBUG] [net.minecraftforge.fml.config.ConfigFileTypeHandler/CONFIG]: Watching TOML config file /workspaces/VAlhalla-server/server/config/nyfsquiver-common.toml for changes
[18May2026 14:31:47.856] [main/DEBUG] [net.minecraftforge.fml.config.ConfigFileTypeHandler/CONFIG]: Built TOML config for /workspaces/VAlhalla-server/server/config/modernfix-common.toml
[18May2026 14:31:47.856] [main/DEBUG] [net.minecraftforge.fml.config.ConfigFileTypeHandler/CONFIG]: Loaded TOML config file /workspaces/VAlhalla-server/server/config/modernfix-common.toml
[18May2026 14:31:47.857] [main/DEBUG] [net.minecraftforge.fml.config.ConfigFileTypeHandler/CONFIG]: Watching TOML config file /workspaces/VAlhalla-server/server/config/modernfix-common.toml for changes
[18May2026 14:31:47.857] [main/DEBUG] [net.minecraftforge.fml.config.ConfigFileTypeHandler/CONFIG]: Built TOML config for /workspaces/VAlhalla-server/server/config/aether-common.toml
[18May2026 14:31:47.857] [main/DEBUG] [net.minecraftforge.fml.config.ConfigFileTypeHandler/CONFIG]: Loaded TOML config file /workspaces/VAlhalla-server/server/config/aether-common.toml
[18May2026 14:31:47.858] [main/DEBUG] [net.minecraftforge.fml.config.ConfigFileTypeHandler/CONFIG]: Watching TOML config file /workspaces/VAlhalla-server/server/config/aether-common.toml for changes
[18May2026 14:31:47.858] [main/DEBUG] [net.minecraftforge.fml.config.ConfigFileTypeHandler/CONFIG]: Built TOML config for /workspaces/VAlhalla-server/server/config/uniquedungeons-city_snow_config.toml
[18May2026 14:31:47.858] [main/DEBUG] [net.minecraftforge.fml.config.ConfigFileTypeHandler/CONFIG]: Loaded TOML config file /workspaces/VAlhalla-server/server/config/uniquedungeons-city_snow_config.toml
[18May2026 14:31:47.859] [main/DEBUG] [net.minecraftforge.fml.config.ConfigFileTypeHandler/CONFIG]: Watching TOML config file /workspaces/VAlhalla-server/server/config/uniquedungeons-city_snow_config.toml for changes
[18May2026 14:31:47.859] [main/DEBUG] [net.minecraftforge.fml.config.ConfigFileTypeHandler/CONFIG]: Built TOML config for /workspaces/VAlhalla-server/server/config/uniquedungeons-desert_dungeon_config.toml
[18May2026 14:31:47.860] [main/DEBUG] [net.minecraftforge.fml.config.ConfigFileTypeHandler/CONFIG]: Loaded TOML config file /workspaces/VAlhalla-server/server/config/uniquedungeons-desert_dungeon_config.toml
[18May2026 14:31:47.860] [main/DEBUG] [net.minecraftforge.fml.config.ConfigFileTypeHandler/CONFIG]: Watching TOML config file /workspaces/VAlhalla-server/server/config/uniquedungeons-desert_dungeon_config.toml for changes
[18May2026 14:31:47.860] [main/DEBUG] [net.minecraftforge.fml.config.ConfigFileTypeHandler/CONFIG]: Built TOML config for /workspaces/VAlhalla-server/server/config/citadel-common.toml
[18May2026 14:31:47.861] [main/DEBUG] [net.minecraftforge.fml.config.ConfigFileTypeHandler/CONFIG]: Loaded TOML config file /workspaces/VAlhalla-server/server/config/citadel-common.toml
[18May2026 14:31:47.861] [main/DEBUG] [net.minecraftforge.fml.config.ConfigFileTypeHandler/CONFIG]: Watching TOML config file /workspaces/VAlhalla-server/server/config/citadel-common.toml for changes
[18May2026 14:31:47.861] [main/DEBUG] [net.minecraftforge.fml.config.ConfigFileTypeHandler/CONFIG]: Built TOML config for /workspaces/VAlhalla-server/server/config/guardvillagers-common.toml
[18May2026 14:31:47.861] [main/DEBUG] [net.minecraftforge.fml.config.ConfigFileTypeHandler/CONFIG]: Loaded TOML config file /workspaces/VAlhalla-server/server/config/guardvillagers-common.toml
[18May2026 14:31:47.861] [main/DEBUG] [net.minecraftforge.fml.config.ConfigFileTypeHandler/CONFIG]: Watching TOML config file /workspaces/VAlhalla-server/server/config/guardvillagers-common.toml for changes
[18May2026 14:31:47.862] [main/WARN] [net.minecraftforge.common.ForgeConfigSpec/CORE]: Configuration file /workspaces/VAlhalla-server/server/config/guardvillagers-common.toml is not correct. Correcting
[18May2026 14:31:47.862] [main/DEBUG] [net.minecraftforge.common.ForgeConfigSpec/CORE]: The comment on key villager stuff.Profession Whitelist for guard conversion does not match the spec. This may create a backup.
[18May2026 14:31:47.862] [main/DEBUG] [net.minecraftforge.common.ForgeConfigSpec/CORE]: The comment on key guard stuff.Structure pieces that spawn guards does not match the spec. This may create a backup.
[18May2026 14:31:47.864] [main/DEBUG] [net.minecraftforge.fml.config.ConfigFileTypeHandler/CONFIG]: Built TOML config for /workspaces/VAlhalla-server/server/config/twilightforest-common.toml
[18May2026 14:31:47.864] [main/DEBUG] [net.minecraftforge.fml.config.ConfigFileTypeHandler/CONFIG]: Loaded TOML config file /workspaces/VAlhalla-server/server/config/twilightforest-common.toml
[18May2026 14:31:47.864] [main/DEBUG] [net.minecraftforge.fml.config.ConfigFileTypeHandler/CONFIG]: Watching TOML config file /workspaces/VAlhalla-server/server/config/twilightforest-common.toml for changes
[18May2026 14:31:47.865] [main/DEBUG] [net.minecraftforge.fml.config.ConfigFileTypeHandler/CONFIG]: Built TOML config for /workspaces/VAlhalla-server/server/config/morevillagers-common.toml
[18May2026 14:31:47.865] [main/DEBUG] [net.minecraftforge.fml.config.ConfigFileTypeHandler/CONFIG]: Loaded TOML config file /workspaces/VAlhalla-server/server/config/morevillagers-common.toml
[18May2026 14:31:47.865] [main/DEBUG] [net.minecraftforge.fml.config.ConfigFileTypeHandler/CONFIG]: Watching TOML config file /workspaces/VAlhalla-server/server/config/morevillagers-common.toml for changes
[18May2026 14:31:47.866] [main/DEBUG] [net.minecraftforge.fml.config.ConfigFileTypeHandler/CONFIG]: Built TOML config for /workspaces/VAlhalla-server/server/config/endrem.toml
[18May2026 14:31:47.866] [main/DEBUG] [net.minecraftforge.fml.config.ConfigFileTypeHandler/CONFIG]: Loaded TOML config file /workspaces/VAlhalla-server/server/config/endrem.toml
[18May2026 14:31:47.866] [main/DEBUG] [net.minecraftforge.fml.config.ConfigFileTypeHandler/CONFIG]: Watching TOML config file /workspaces/VAlhalla-server/server/config/endrem.toml for changes
[18May2026 14:31:47.866] [main/DEBUG] [net.minecraftforge.fml.config.ConfigFileTypeHandler/CONFIG]: Built TOML config for /workspaces/VAlhalla-server/server/config/goety/goety.toml
[18May2026 14:31:47.867] [main/DEBUG] [net.minecraftforge.fml.config.ConfigFileTypeHandler/CONFIG]: Loaded TOML config file /workspaces/VAlhalla-server/server/config/goety/goety.toml
[18May2026 14:31:47.867] [main/DEBUG] [net.minecraftforge.fml.config.ConfigFileTypeHandler/CONFIG]: Watching TOML config file /workspaces/VAlhalla-server/server/config/goety/goety.toml for changes
[18May2026 14:31:47.869] [main/DEBUG] [net.minecraftforge.fml.config.ConfigFileTypeHandler/CONFIG]: Built TOML config for /workspaces/VAlhalla-server/server/config/goety/goety-attributes.toml
[18May2026 14:31:47.871] [main/DEBUG] [net.minecraftforge.fml.config.ConfigFileTypeHandler/CONFIG]: Loaded TOML config file /workspaces/VAlhalla-server/server/config/goety/goety-attributes.toml
[18May2026 14:31:47.871] [main/DEBUG] [net.minecraftforge.fml.config.ConfigFileTypeHandler/CONFIG]: Watching TOML config file /workspaces/VAlhalla-server/server/config/goety/goety-attributes.toml for changes
[18May2026 14:31:47.876] [main/DEBUG] [net.minecraftforge.fml.config.ConfigFileTypeHandler/CONFIG]: Built TOML config for /workspaces/VAlhalla-server/server/config/goety/goety-spells.toml
[18May2026 14:31:47.878] [main/DEBUG] [net.minecraftforge.fml.config.ConfigFileTypeHandler/CONFIG]: Loaded TOML config file /workspaces/VAlhalla-server/server/config/goety/goety-spells.toml
[18May2026 14:31:47.878] [main/DEBUG] [net.minecraftforge.fml.config.ConfigFileTypeHandler/CONFIG]: Watching TOML config file /workspaces/VAlhalla-server/server/config/goety/goety-spells.toml for changes
[18May2026 14:31:47.882] [main/DEBUG] [net.minecraftforge.fml.config.ConfigFileTypeHandler/CONFIG]: Built TOML config for /workspaces/VAlhalla-server/server/config/cataclysm-common.toml
[18May2026 14:31:47.883] [main/DEBUG] [net.minecraftforge.fml.config.ConfigFileTypeHandler/CONFIG]: Loaded TOML config file /workspaces/VAlhalla-server/server/config/cataclysm-common.toml
[18May2026 14:31:47.884] [main/DEBUG] [net.minecraftforge.fml.config.ConfigFileTypeHandler/CONFIG]: Watching TOML config file /workspaces/VAlhalla-server/server/config/cataclysm-common.toml for changes
[18May2026 14:31:47.889] [main/DEBUG] [net.minecraftforge.fml.config.ConfigFileTypeHandler/CONFIG]: Built TOML config for /workspaces/VAlhalla-server/server/config/goety/goety-brews.toml
[18May2026 14:31:47.890] [main/DEBUG] [net.minecraftforge.fml.config.ConfigFileTypeHandler/CONFIG]: Loaded TOML config file /workspaces/VAlhalla-server/server/config/goety/goety-brews.toml
[18May2026 14:31:47.890] [main/DEBUG] [net.minecraftforge.fml.config.ConfigFileTypeHandler/CONFIG]: Watching TOML config file /workspaces/VAlhalla-server/server/config/goety/goety-brews.toml for changes
[18May2026 14:31:47.891] [main/DEBUG] [net.minecraftforge.fml.config.ConfigFileTypeHandler/CONFIG]: Built TOML config for /workspaces/VAlhalla-server/server/config/goety/goety-mobs.toml
[18May2026 14:31:47.892] [main/DEBUG] [net.minecraftforge.fml.config.ConfigFileTypeHandler/CONFIG]: Loaded TOML config file /workspaces/VAlhalla-server/server/config/goety/goety-mobs.toml
[18May2026 14:31:47.893] [main/DEBUG] [net.minecraftforge.fml.config.ConfigFileTypeHandler/CONFIG]: Watching TOML config file /workspaces/VAlhalla-server/server/config/goety/goety-mobs.toml for changes
[18May2026 14:31:47.895] [main/DEBUG] [net.minecraftforge.fml.config.ConfigFileTypeHandler/CONFIG]: Built TOML config for /workspaces/VAlhalla-server/server/config/goety/goety-items.toml
[18May2026 14:31:47.896] [main/DEBUG] [net.minecraftforge.fml.config.ConfigFileTypeHandler/CONFIG]: Loaded TOML config file /workspaces/VAlhalla-server/server/config/goety/goety-items.toml
[18May2026 14:31:47.896] [main/DEBUG] [net.minecraftforge.fml.config.ConfigFileTypeHandler/CONFIG]: Watching TOML config file /workspaces/VAlhalla-server/server/config/goety/goety-items.toml for changes
[18May2026 14:31:47.897] [main/DEBUG] [net.minecraftforge.fml.config.ConfigFileTypeHandler/CONFIG]: Built TOML config for /workspaces/VAlhalla-server/server/config/curios-common.toml
[18May2026 14:31:47.897] [main/DEBUG] [net.minecraftforge.fml.config.ConfigFileTypeHandler/CONFIG]: Loaded TOML config file /workspaces/VAlhalla-server/server/config/curios-common.toml
[18May2026 14:31:47.898] [main/DEBUG] [net.minecraftforge.fml.config.ConfigFileTypeHandler/CONFIG]: Watching TOML config file /workspaces/VAlhalla-server/server/config/curios-common.toml for changes
[18May2026 14:31:47.898] [main/DEBUG] [net.minecraftforge.fml.config.ConfigFileTypeHandler/CONFIG]: Built TOML config for /workspaces/VAlhalla-server/server/config/aiimprovements-common.toml
[18May2026 14:31:47.898] [main/DEBUG] [net.minecraftforge.fml.config.ConfigFileTypeHandler/CONFIG]: Loaded TOML config file /workspaces/VAlhalla-server/server/config/aiimprovements-common.toml
[18May2026 14:31:47.898] [main/DEBUG] [net.minecraftforge.fml.config.ConfigFileTypeHandler/CONFIG]: Watching TOML config file /workspaces/VAlhalla-server/server/config/aiimprovements-common.toml for changes
[18May2026 14:31:47.899] [main/DEBUG] [net.minecraftforge.fml.config.ConfigFileTypeHandler/CONFIG]: Built TOML config for /workspaces/VAlhalla-server/server/config/betterendisland-forge-1_20.toml
[18May2026 14:31:47.899] [main/DEBUG] [net.minecraftforge.fml.config.ConfigFileTypeHandler/CONFIG]: Loaded TOML config file /workspaces/VAlhalla-server/server/config/betterendisland-forge-1_20.toml
[18May2026 14:31:47.899] [main/DEBUG] [net.minecraftforge.fml.config.ConfigFileTypeHandler/CONFIG]: Watching TOML config file /workspaces/VAlhalla-server/server/config/betterendisland-forge-1_20.toml for changes
[18May2026 14:31:47.900] [main/DEBUG] [net.minecraftforge.fml.config.ConfigFileTypeHandler/CONFIG]: Built TOML config for /workspaces/VAlhalla-server/server/config/runecraft-common.toml
[18May2026 14:31:47.900] [main/DEBUG] [net.minecraftforge.fml.config.ConfigFileTypeHandler/CONFIG]: Loaded TOML config file /workspaces/VAlhalla-server/server/config/runecraft-common.toml
[18May2026 14:31:47.900] [main/DEBUG] [net.minecraftforge.fml.config.ConfigFileTypeHandler/CONFIG]: Watching TOML config file /workspaces/VAlhalla-server/server/config/runecraft-common.toml for changes
[18May2026 14:31:47.900] [main/DEBUG] [net.minecraftforge.fml.config.ConfigFileTypeHandler/CONFIG]: Built TOML config for /workspaces/VAlhalla-server/server/config/humancompanions-common.toml
[18May2026 14:31:47.900] [main/DEBUG] [net.minecraftforge.fml.config.ConfigFileTypeHandler/CONFIG]: Loaded TOML config file /workspaces/VAlhalla-server/server/config/humancompanions-common.toml
[18May2026 14:31:47.900] [main/DEBUG] [net.minecraftforge.fml.config.ConfigFileTypeHandler/CONFIG]: Watching TOML config file /workspaces/VAlhalla-server/server/config/humancompanions-common.toml for changes
[18May2026 14:31:47.901] [main/DEBUG] [net.minecraftforge.fml.config.ConfigFileTypeHandler/CONFIG]: Built TOML config for /workspaces/VAlhalla-server/server/config/epicfight-common.toml
[18May2026 14:31:47.901] [main/DEBUG] [net.minecraftforge.fml.config.ConfigFileTypeHandler/CONFIG]: Loaded TOML config file /workspaces/VAlhalla-server/server/config/epicfight-common.toml
[18May2026 14:31:47.901] [main/DEBUG] [net.minecraftforge.fml.config.ConfigFileTypeHandler/CONFIG]: Watching TOML config file /workspaces/VAlhalla-server/server/config/epicfight-common.toml for changes
[18May2026 14:31:47.902] [main/DEBUG] [net.minecraftforge.fml.config.ConfigFileTypeHandler/CONFIG]: Built TOML config for /workspaces/VAlhalla-server/server/config/travelersbackpack-common.toml
[18May2026 14:31:47.902] [main/DEBUG] [net.minecraftforge.fml.config.ConfigFileTypeHandler/CONFIG]: Loaded TOML config file /workspaces/VAlhalla-server/server/config/travelersbackpack-common.toml
[18May2026 14:31:47.902] [main/DEBUG] [net.minecraftforge.fml.config.ConfigFileTypeHandler/CONFIG]: Watching TOML config file /workspaces/VAlhalla-server/server/config/travelersbackpack-common.toml for changes
[18May2026 14:31:47.902] [main/DEBUG] [net.minecraftforge.fml.config.ConfigFileTypeHandler/CONFIG]: Built TOML config for /workspaces/VAlhalla-server/server/config/smarterfarmers-common.toml
[18May2026 14:31:47.902] [main/DEBUG] [net.minecraftforge.fml.config.ConfigFileTypeHandler/CONFIG]: Loaded TOML config file /workspaces/VAlhalla-server/server/config/smarterfarmers-common.toml
[18May2026 14:31:47.902] [main/DEBUG] [net.minecraftforge.fml.config.ConfigFileTypeHandler/CONFIG]: Watching TOML config file /workspaces/VAlhalla-server/server/config/smarterfarmers-common.toml for changes
[18May2026 14:31:47.903] [main/DEBUG] [net.minecraftforge.fml.config.ConfigFileTypeHandler/CONFIG]: Built TOML config for /workspaces/VAlhalla-server/server/config/explorerscompass-common.toml
[18May2026 14:31:47.903] [main/DEBUG] [net.minecraftforge.fml.config.ConfigFileTypeHandler/CONFIG]: Loaded TOML config file /workspaces/VAlhalla-server/server/config/explorerscompass-common.toml
[18May2026 14:31:47.903] [main/DEBUG] [net.minecraftforge.fml.config.ConfigFileTypeHandler/CONFIG]: Watching TOML config file /workspaces/VAlhalla-server/server/config/explorerscompass-common.toml for changes
[18May2026 14:31:47.904] [main/DEBUG] [net.minecraftforge.fml.config.ConfigFileTypeHandler/CONFIG]: Built TOML config for /workspaces/VAlhalla-server/server/config/iceandfire-common.toml
[18May2026 14:31:47.904] [main/DEBUG] [net.minecraftforge.fml.config.ConfigFileTypeHandler/CONFIG]: Loaded TOML config file /workspaces/VAlhalla-server/server/config/iceandfire-common.toml
[18May2026 14:31:47.905] [main/DEBUG] [net.minecraftforge.fml.config.ConfigFileTypeHandler/CONFIG]: Watching TOML config file /workspaces/VAlhalla-server/server/config/iceandfire-common.toml for changes
[18May2026 14:31:47.924] [main/DEBUG] [net.minecraftforge.fml.config.ConfigFileTypeHandler/CONFIG]: Built TOML config for /workspaces/VAlhalla-server/server/config/watut-common.toml
[18May2026 14:31:47.924] [main/DEBUG] [net.minecraftforge.fml.config.ConfigFileTypeHandler/CONFIG]: Loaded TOML config file /workspaces/VAlhalla-server/server/config/watut-common.toml
[18May2026 14:31:47.925] [main/DEBUG] [net.minecraftforge.fml.config.ConfigFileTypeHandler/CONFIG]: Watching TOML config file /workspaces/VAlhalla-server/server/config/watut-common.toml for changes
[18May2026 14:31:47.925] [main/DEBUG] [net.minecraftforge.fml.config.ConfigFileTypeHandler/CONFIG]: Built TOML config for /workspaces/VAlhalla-server/server/config/watut-server.toml
[18May2026 14:31:47.925] [main/DEBUG] [net.minecraftforge.fml.config.ConfigFileTypeHandler/CONFIG]: Loaded TOML config file /workspaces/VAlhalla-server/server/config/watut-server.toml
[18May2026 14:31:47.925] [main/DEBUG] [net.minecraftforge.fml.config.ConfigFileTypeHandler/CONFIG]: Watching TOML config file /workspaces/VAlhalla-server/server/config/watut-server.toml for changes
[18May2026 14:31:47.926] [main/DEBUG] [net.minecraftforge.fml.config.ConfigFileTypeHandler/CONFIG]: Built TOML config for /workspaces/VAlhalla-server/server/config/watut-client.toml
[18May2026 14:31:47.926] [main/DEBUG] [net.minecraftforge.fml.config.ConfigFileTypeHandler/CONFIG]: Loaded TOML config file /workspaces/VAlhalla-server/server/config/watut-client.toml
[18May2026 14:31:47.926] [main/DEBUG] [net.minecraftforge.fml.config.ConfigFileTypeHandler/CONFIG]: Watching TOML config file /workspaces/VAlhalla-server/server/config/watut-client.toml for changes
[18May2026 14:31:47.927] [main/DEBUG] [net.minecraftforge.fml.config.ConfigFileTypeHandler/CONFIG]: Built TOML config for /workspaces/VAlhalla-server/server/config/ars_nouveau-common.toml
[18May2026 14:31:47.927] [main/DEBUG] [net.minecraftforge.fml.config.ConfigFileTypeHandler/CONFIG]: Loaded TOML config file /workspaces/VAlhalla-server/server/config/ars_nouveau-common.toml
[18May2026 14:31:47.927] [main/DEBUG] [net.minecraftforge.fml.config.ConfigFileTypeHandler/CONFIG]: Watching TOML config file /workspaces/VAlhalla-server/server/config/ars_nouveau-common.toml for changes
[18May2026 14:31:47.927] [main/DEBUG] [net.minecraftforge.fml.config.ConfigFileTypeHandler/CONFIG]: Built TOML config for /workspaces/VAlhalla-server/server/config/tconstruct-common.toml
[18May2026 14:31:47.928] [main/DEBUG] [net.minecraftforge.fml.config.ConfigFileTypeHandler/CONFIG]: Loaded TOML config file /workspaces/VAlhalla-server/server/config/tconstruct-common.toml
[18May2026 14:31:47.928] [main/DEBUG] [net.minecraftforge.fml.config.ConfigFileTypeHandler/CONFIG]: Watching TOML config file /workspaces/VAlhalla-server/server/config/tconstruct-common.toml for changes
[18May2026 14:31:47.929] [main/DEBUG] [net.minecraftforge.fml.config.ConfigFileTypeHandler/CONFIG]: Built TOML config for /workspaces/VAlhalla-server/server/config/moonlight-common.toml
[18May2026 14:31:47.929] [main/DEBUG] [net.minecraftforge.fml.config.ConfigFileTypeHandler/CONFIG]: Loaded TOML config file /workspaces/VAlhalla-server/server/config/moonlight-common.toml
[18May2026 14:31:47.929] [main/DEBUG] [net.minecraftforge.fml.config.ConfigFileTypeHandler/CONFIG]: Watching TOML config file /workspaces/VAlhalla-server/server/config/moonlight-common.toml for changes
[18May2026 14:31:47.930] [main/DEBUG] [net.minecraftforge.fml.config.ConfigFileTypeHandler/CONFIG]: Built TOML config for /workspaces/VAlhalla-server/server/config/toolbelt-common.toml
[18May2026 14:31:47.930] [main/DEBUG] [net.minecraftforge.fml.config.ConfigFileTypeHandler/CONFIG]: Loaded TOML config file /workspaces/VAlhalla-server/server/config/toolbelt-common.toml
[18May2026 14:31:47.930] [main/DEBUG] [net.minecraftforge.fml.config.ConfigFileTypeHandler/CONFIG]: Watching TOML config file /workspaces/VAlhalla-server/server/config/toolbelt-common.toml for changes
[18May2026 14:31:47.931] [main/DEBUG] [net.minecraftforge.fml.config.ConfigFileTypeHandler/CONFIG]: Built TOML config for /workspaces/VAlhalla-server/server/config/dacxirons-common.toml
[18May2026 14:31:47.931] [main/DEBUG] [net.minecraftforge.fml.config.ConfigFileTypeHandler/CONFIG]: Loaded TOML config file /workspaces/VAlhalla-server/server/config/dacxirons-common.toml
[18May2026 14:31:47.931] [main/DEBUG] [net.minecraftforge.fml.config.ConfigFileTypeHandler/CONFIG]: Watching TOML config file /workspaces/VAlhalla-server/server/config/dacxirons-common.toml for changes
[18May2026 14:31:47.931] [main/DEBUG] [net.minecraftforge.fml.config.ConfigFileTypeHandler/CONFIG]: Built TOML config for /workspaces/VAlhalla-server/server/config/hardcorerevival-common.toml
[18May2026 14:31:47.932] [main/DEBUG] [net.minecraftforge.fml.config.ConfigFileTypeHandler/CONFIG]: Loaded TOML config file /workspaces/VAlhalla-server/server/config/hardcorerevival-common.toml
[18May2026 14:31:47.932] [main/DEBUG] [net.minecraftforge.fml.config.ConfigFileTypeHandler/CONFIG]: Watching TOML config file /workspaces/VAlhalla-server/server/config/hardcorerevival-common.toml for changes
[18May2026 14:31:47.934] [main/DEBUG] [net.minecraftforge.fml.config.ConfigFileTypeHandler/CONFIG]: Built TOML config for /workspaces/VAlhalla-server/server/config/CoroUtil/General.toml
[18May2026 14:31:47.934] [main/DEBUG] [net.minecraftforge.fml.config.ConfigFileTypeHandler/CONFIG]: Loaded TOML config file /workspaces/VAlhalla-server/server/config/CoroUtil/General.toml
[18May2026 14:31:47.934] [main/DEBUG] [net.minecraftforge.fml.config.ConfigFileTypeHandler/CONFIG]: Watching TOML config file /workspaces/VAlhalla-server/server/config/CoroUtil/General.toml for changes
[18May2026 14:31:47.934] [main/DEBUG] [net.minecraftforge.fml.config.ConfigFileTypeHandler/CONFIG]: Built TOML config for /workspaces/VAlhalla-server/server/config/Obscuria/aquamirae-common.toml
[18May2026 14:31:47.935] [main/DEBUG] [net.minecraftforge.fml.config.ConfigFileTypeHandler/CONFIG]: Loaded TOML config file /workspaces/VAlhalla-server/server/config/Obscuria/aquamirae-common.toml
[18May2026 14:31:47.935] [main/DEBUG] [net.minecraftforge.fml.config.ConfigFileTypeHandler/CONFIG]: Watching TOML config file /workspaces/VAlhalla-server/server/config/Obscuria/aquamirae-common.toml for changes
[18May2026 14:31:47.936] [main/DEBUG] [net.minecraftforge.fml.config.ConfigFileTypeHandler/CONFIG]: Built TOML config for /workspaces/VAlhalla-server/server/config/aquaculture-common.toml
[18May2026 14:31:47.936] [main/DEBUG] [net.minecraftforge.fml.config.ConfigFileTypeHandler/CONFIG]: Loaded TOML config file /workspaces/VAlhalla-server/server/config/aquaculture-common.toml
[18May2026 14:31:47.936] [main/DEBUG] [net.minecraftforge.fml.config.ConfigFileTypeHandler/CONFIG]: Watching TOML config file /workspaces/VAlhalla-server/server/config/aquaculture-common.toml for changes
[18May2026 14:31:47.936] [main/DEBUG] [net.minecraftforge.fml.config.ConfigFileTypeHandler/CONFIG]: Built TOML config for /workspaces/VAlhalla-server/server/config/weaponmaster-common.toml
[18May2026 14:31:47.937] [main/DEBUG] [net.minecraftforge.fml.config.ConfigFileTypeHandler/CONFIG]: Loaded TOML config file /workspaces/VAlhalla-server/server/config/weaponmaster-common.toml
[18May2026 14:31:47.937] [main/DEBUG] [net.minecraftforge.fml.config.ConfigFileTypeHandler/CONFIG]: Watching TOML config file /workspaces/VAlhalla-server/server/config/weaponmaster-common.toml for changes
[18May2026 14:31:47.937] [main/DEBUG] [net.minecraftforge.fml.config.ConfigFileTypeHandler/CONFIG]: Built TOML config for /workspaces/VAlhalla-server/server/config/darksoulsexpansion.toml
[18May2026 14:31:47.937] [main/DEBUG] [net.minecraftforge.fml.config.ConfigFileTypeHandler/CONFIG]: Loaded TOML config file /workspaces/VAlhalla-server/server/config/darksoulsexpansion.toml
[18May2026 14:31:47.937] [main/DEBUG] [net.minecraftforge.fml.config.ConfigFileTypeHandler/CONFIG]: Watching TOML config file /workspaces/VAlhalla-server/server/config/darksoulsexpansion.toml for changes
[18May2026 14:31:47.938] [main/DEBUG] [net.minecraftforge.fml.config.ConfigFileTypeHandler/CONFIG]: Built TOML config for /workspaces/VAlhalla-server/server/config/souls_like_universe.toml
[18May2026 14:31:47.938] [main/DEBUG] [net.minecraftforge.fml.config.ConfigFileTypeHandler/CONFIG]: Loaded TOML config file /workspaces/VAlhalla-server/server/config/souls_like_universe.toml
[18May2026 14:31:47.938] [main/DEBUG] [net.minecraftforge.fml.config.ConfigFileTypeHandler/CONFIG]: Watching TOML config file /workspaces/VAlhalla-server/server/config/souls_like_universe.toml for changes
[18May2026 14:31:48.090] [modloading-worker-0/INFO] [com.becks.uniquedungeons.UniqueDungeons/]: HELLO FROM COMMON SETUP
[18May2026 14:31:48.090] [modloading-worker-0/INFO] [com.becks.uniquedungeons.UniqueDungeons/]: DIRT BLOCK >> minecraft:dirt
[18May2026 14:31:48.144] [modloading-worker-0/DEBUG] [mixin/]: Mixing common.accessor.StoredUserListAccessor from aether.mixins.json into net.minecraft.server.players.StoredUserList
[18May2026 14:31:48.183] [modloading-worker-0/DEBUG] [ModernFix/]: Cleared 18109 object holder stacktrace references
[18May2026 14:31:48.198] [modloading-worker-0/INFO] [com.Polarice3.Goety.Goety/]: Loading compat module for mod curios
[18May2026 14:31:48.200] [modloading-worker-0/INFO] [com.Polarice3.Goety.Goety/]: Loading compat module for mod patchouli
[18May2026 14:31:48.234] [modloading-worker-0/DEBUG] [mixin/]: Mixing MixinSlotAttribute from curios.mixins.json into top.theillusivec4.curios.api.SlotAttribute
[18May2026 14:31:48.234] [modloading-worker-0/INFO] [com.cobblemon.mod.common.Cobblemon/]: Initializing...
[18May2026 14:31:48.239] [modloading-worker-0/DEBUG] [mixin/]: Mixing MixinCuriosApi from curios.mixins.json into top.theillusivec4.curios.api.CuriosApi
[18May2026 14:31:48.278] [modloading-worker-0/DEBUG] [patchouli/]: Instantiating xplat impl: vazkii.patchouli.forge.xplat.ForgeXplatImpl
[18May2026 14:31:48.310] [modloading-worker-0/INFO] [com.convallyria.hugestructureblocks.HugeStructureBlocksMod/]: Huge Structure Blocks is now making your structure blocks even bigger!
[18May2026 14:31:48.310] [modloading-worker-0/INFO] [com.convallyria.hugestructureblocks.HugeStructureBlocksMod/]: New structure size = 512
[18May2026 14:31:48.312] [modloading-worker-0/INFO] [xaero.lib.XaeroLib/]: Loading XaeroLib common 1/2!
[18May2026 14:31:48.368] [Forge Version Check/INFO] [net.minecraftforge.fml.VersionChecker/]: [aether] Starting version check at https://github.com/The-Aether-Team/The-Aether/raw/1.20.1-develop/update.json
[18May2026 14:31:48.422] [modloading-worker-0/DEBUG] [toolbelt/]: Final message number: 5
[18May2026 14:31:48.432] [modloading-worker-0/INFO] [CorgiLib/]: Initializing network...
[18May2026 14:31:48.442] [modloading-worker-0/INFO] [CorgiLib/]: Initialized network!
[18May2026 14:31:48.477] [modloading-worker-0/DEBUG] [mixin/]: Mixing LootDataTypeMixin from mixins.adorn.forge.json into net.minecraft.world.level.storage.loot.LootDataType
[18May2026 14:31:48.477] [modloading-worker-0/DEBUG] [mixin/]: mixins.adorn.forge.json:LootDataTypeMixin: Class version 61 required is higher than the class version supported by the current version of Mixin (JAVA_16 supports class version 60)
[18May2026 14:31:48.537] [Forge Version Check/DEBUG] [net.minecraftforge.fml.VersionChecker/]: [aether] Received version check data:
{
  "homepage": "https://modrinth.com/mod/aether",
  "promos": {
    "1.19.2-recommended": "1.19.2-1.5.1-forge",
    "1.19.4-recommended": "1.19.4-1.5.1-forge",
    "1.20.1-recommended": "1.20.1-1.5.2-neoforge",
    "1.20.2-recommended": "1.20.2-1.5.1-neoforge",
    "1.20.4-recommended": "1.20.4-1.5.1-neoforge"
  }
}
[18May2026 14:31:48.538] [Forge Version Check/INFO] [net.minecraftforge.fml.VersionChecker/]: [aether] Found status: UP_TO_DATE Current: 1.20.1-1.5.2-neoforge Target: null
[18May2026 14:31:48.539] [Forge Version Check/INFO] [net.minecraftforge.fml.VersionChecker/]: [prism] Starting version check at https://mc-update-check.anthonyhilyard.com/638111
[18May2026 14:31:48.598] [Cobblemon Showdown/INFO] [com.cobblemon.mod.common.Cobblemon/]: Starting showdown service...
[18May2026 14:31:48.973] [Forge Version Check/DEBUG] [net.minecraftforge.fml.VersionChecker/]: [prism] Received version check data:
{"homepage":"https://www.curseforge.com/minecraft/mc-mods/prism-lib","gameVersions":{"1.21.1":{"1.0.11":"View the changelog on CurseForge: https://www.curseforge.com/minecraft/mc-mods/prism-lib/files/6372981"},"1.21.4":{"1.0.10":"View the changelog on CurseForge: https://www.curseforge.com/minecraft/mc-mods/prism-lib/files/6168653"},"1.21.3":{"1.0.10":"View the changelog on CurseForge: https://www.curseforge.com/minecraft/mc-mods/prism-lib/files/5991539"},"1.21":{"1.0.9":"View the changelog on CurseForge: https://www.curseforge.com/minecraft/mc-mods/prism-lib/files/5625115"},"1.20.6":{"1.0.7":"View the changelog on CurseForge: https://www.curseforge.com/minecraft/mc-mods/prism-lib/files/5365016"},"1.20.4":{"1.0.6":"View the changelog on CurseForge: https://www.curseforge.com/minecraft/mc-mods/prism-lib/files/4972290"},"1.20.2":{"1.0.5":"View the changelog on CurseForge: https://www.curseforge.com/minecraft/mc-mods/prism-lib/files/4650325"},"1.20.1":{"1.0.5":"View the changelog on CurseForge: https://www.curseforge.com/minecraft/mc-mods/prism-lib/files/4650325"},"1.20":{"1.0.5":"View the changelog on CurseForge: https://www.curseforge.com/minecraft/mc-mods/prism-lib/files/4650325"},"1.19.3":{"1.0.3":"View the changelog on CurseForge: https://www.curseforge.com/minecraft/mc-mods/prism-lib/files/4238759"},"1.19.4":{"1.0.3":"View the changelog on CurseForge: https://www.curseforge.com/minecraft/mc-mods/prism-lib/files/4238759"},"1.19.2":{"1.0.2":"View the changelog on CurseForge: https://www.curseforge.com/minecraft/mc-mods/prism-lib/files/3993293"},"1.19.1":{"1.0.2":"View the changelog on CurseForge: https://www.curseforge.com/minecraft/mc-mods/prism-lib/files/3993293"},"1.19":{"1.0.2":"View the changelog on CurseForge: https://www.curseforge.com/minecraft/mc-mods/prism-lib/files/3993293"},"1.16.5":{"1.0.1":"View the changelog on CurseForge: https://www.curseforge.com/minecraft/mc-mods/prism-lib/files/3933561"},"1.18.2":{"1.0.1":"View the changelog on CurseForge: https://www.curseforge.com/minecraft/mc-mods/prism-lib/files/3933410"}},"promos":{"1.21.1-latest":"1.0.11","1.21.4-latest":"1.0.10","1.21.3-latest":"1.0.10","1.21-latest":"1.0.9","1.20.6-latest":"1.0.7","1.20.4-latest":"1.0.6","1.20.2-latest":"1.0.5","1.20.1-latest":"1.0.5","1.20-latest":"1.0.5","1.19.3-latest":"1.0.3","1.19.4-latest":"1.0.3","1.19.2-latest":"1.0.2","1.19.1-latest":"1.0.2","1.19-latest":"1.0.2","1.16.5-latest":"1.0.1","1.18.2-latest":"1.0.1","1.21.1-recommended":"1.0.11","1.21.4-recommended":"1.0.10","1.21.3-recommended":"1.0.10","1.21-recommended":"1.0.9","1.20.6-recommended":"1.0.7","1.20.4-recommended":"1.0.6","1.20.2-recommended":"1.0.5","1.20.1-recommended":"1.0.5","1.20-recommended":"1.0.5","1.19.3-recommended":"1.0.3","1.19.4-recommended":"1.0.3","1.19.2-recommended":"1.0.2","1.19.1-recommended":"1.0.2","1.19-recommended":"1.0.2","1.16.5-recommended":"1.0.1","1.18.2-recommended":"1.0.1"}}
[18May2026 14:31:48.974] [Forge Version Check/INFO] [net.minecraftforge.fml.VersionChecker/]: [prism] Found status: UP_TO_DATE Current: 1.0.5 Target: null
[18May2026 14:31:48.974] [Forge Version Check/INFO] [net.minecraftforge.fml.VersionChecker/]: [guardvillagers] Starting version check at https://raw.githubusercontent.com/seymourimadeit/guardvillagers/master/update.json
[18May2026 14:31:49.084] [Forge Version Check/DEBUG] [net.minecraftforge.fml.VersionChecker/]: [guardvillagers] Received version check data:
{
	"homepage": "https://www.curseforge.com/minecraft/mc-mods/guard-villagers/files",
	"promos": {
		"1.14.4-latest": "1.0.5",
		"1.14.4-recommended": "1.0.5",
		"1.15.2-latest": "1.0.8",
		"1.15.2-recommended": "1.0.8",
		"1.16.1-latest": "1.1.4",
		"1.16.1-recommended": "1.1.4",
		"1.16.3-latest": "1.1.9",
		"1.16.3-recommended": "1.1.9",
                "1.16.4-latest": "1.2.6",
		"1.16.4-recommended": "1.2.6",
                "1.16.5-latest": "1.2.6",
		"1.16.5-recommended": "1.2.6",
		"1.17.1-latest": "1.3.4",
		"1.17.1-recommended": "1.3.4",
		"1.18-recommended": "1.4.0",
		"1.18-latest": "1.4.0",
		"1.18.1-recommended": "1.4.0",
		"1.18.1-latest": "1.4.0",
		"1.18.2-recommended": "1.4.3",
		"1.18.2-latest": "1.4.3",
		"1.19-recommended": "1.5.1",
		"1.19-latest": "1.5.1",
		"1.19.1-recommended": "1.5.1",
		"1.19.1-latest": "1.5.1",
		"1.19.2-recommended": "1.19.2-1.5.7",
		"1.19.2-latest": "1.19.2-1.5.7",
		"1.19.3-recommended": "1.19.3-1.5.5",
		"1.19.3-latest": "1.19.3-1.5.5",
		"1.19.4-recommended": "1.19.4-1.5.8",
		"1.19.4-latest": "1.19.4-1.5.8",
		"1.20-latest": "1.20-1.6.1",
		"1.20.1-latest": "1.20-1.6.5"
	}
}
[18May2026 14:31:49.084] [Forge Version Check/INFO] [net.minecraftforge.fml.VersionChecker/]: [guardvillagers] Found status: BETA Current: 1.20.1-1.6.17 Target: 1.20-1.6.5
[18May2026 14:31:49.084] [Forge Version Check/INFO] [net.minecraftforge.fml.VersionChecker/]: [twilightforest] Starting version check at https://gh.tamaized.com/TeamTwilight/twilightforest/update.json
[18May2026 14:31:49.620] [Forge Version Check/DEBUG] [net.minecraftforge.fml.VersionChecker/]: [twilightforest] Received version check data:
{
  "homepage": "https://minecraft.curseforge.com/projects/the-twilight-forest",
  "promos": {
	"1.20.2-latest": "4.4.1977",
	"1.20.2-recommended": "4.4.1977",
	"1.20.1-latest": "4.3.1893",
	"1.20.1-recommended": "4.3.1893",
	"1.19.4-latest": "4.2.1696",
	"1.19.4-recommended": "4.2.1696",
	"1.18.2-latest": "4.1.1494",
	"1.18.2-recommended": "4.1.1494",
	"1.17.1-latest": "4.0.943",
	"1.17.1-recommended": "4.0.943",
	"1.16.5-latest": "4.0.870",
	"1.16.5-recommended": "4.0.870",
	"1.12.2-latest": "3.11.1021",
	"1.12.2-recommended": "3.11.1021",
	"1.7.10-latest": "2.4.3",
	"1.7.10-recommended": "2.4.3"
  }
}
[18May2026 14:31:49.621] [Forge Version Check/INFO] [net.minecraftforge.fml.VersionChecker/]: [twilightforest] Found status: AHEAD Current: 4.3.2508 Target: null
[18May2026 14:31:49.621] [Forge Version Check/INFO] [net.minecraftforge.fml.VersionChecker/]: [advancementplaques] Starting version check at https://mc-update-check.anthonyhilyard.com/499826
[18May2026 14:31:49.715] [Forge Version Check/DEBUG] [net.minecraftforge.fml.VersionChecker/]: [advancementplaques] Received version check data:
{"homepage":"https://www.curseforge.com/minecraft/mc-mods/advancement-plaques","gameVersions":{"1.21.4":{"1.6.9":"View the changelog on CurseForge: https://www.curseforge.com/minecraft/mc-mods/advancement-plaques/files/6186862"},"1.20.1":{"1.6.9":"View the changelog on CurseForge: https://www.curseforge.com/minecraft/mc-mods/advancement-plaques/files/6186385"},"1.21.3":{"1.6.7":"View the changelog on CurseForge: https://www.curseforge.com/minecraft/mc-mods/advancement-plaques/files/5991548"},"1.21.1":{"1.6.8":"View the changelog on CurseForge: https://www.curseforge.com/minecraft/mc-mods/advancement-plaques/files/5905995"},"1.21":{"1.6.6":"View the changelog on CurseForge: https://www.curseforge.com/minecraft/mc-mods/advancement-plaques/files/5590978"},"1.20.6":{"1.6.2":"View the changelog on CurseForge: https://www.curseforge.com/minecraft/mc-mods/advancement-plaques/files/5365019"},"1.20.4":{"1.5.1":"View the changelog on CurseForge: https://www.curseforge.com/minecraft/mc-mods/advancement-plaques/files/4972295"},"1.20.2":{"1.5.1":"View the changelog on CurseForge: https://www.curseforge.com/minecraft/mc-mods/advancement-plaques/files/4930648"},"1.20":{"1.5.1":"View the changelog on CurseForge: https://www.curseforge.com/minecraft/mc-mods/advancement-plaques/files/4930510"},"1.12.2":{"1.4.10":"View the changelog on CurseForge: https://www.curseforge.com/minecraft/mc-mods/advancement-plaques/files/4528933"},"1.19.4":{"1.4.9":"View the changelog on CurseForge: https://www.curseforge.com/minecraft/mc-mods/advancement-plaques/files/4487869"},"1.19.3":{"1.4.8":"View the changelog on CurseForge: https://www.curseforge.com/minecraft/mc-mods/advancement-plaques/files/4257675"},"1.19.2":{"1.4.7":"View the changelog on CurseForge: https://www.curseforge.com/minecraft/mc-mods/advancement-plaques/files/4029209"},"1.19.1":{"1.4.7":"View the changelog on CurseForge: https://www.curseforge.com/minecraft/mc-mods/advancement-plaques/files/4029209"},"1.19":{"1.4.7":"View the changelog on CurseForge: https://www.curseforge.com/minecraft/mc-mods/advancement-plaques/files/4029209"},"1.18.2":{"1.4.5.1":"View the changelog on CurseForge: https://www.curseforge.com/minecraft/mc-mods/advancement-plaques/files/3856125"},"1.18.1":{"1.4.2":"View the changelog on CurseForge: https://www.curseforge.com/minecraft/mc-mods/advancement-plaques/files/3576905"},"1.17.1":{"1.4.2":"View the changelog on CurseForge: https://www.curseforge.com/minecraft/mc-mods/advancement-plaques/files/3576866"},"1.18":{"1.4.1":"View the changelog on CurseForge: https://www.curseforge.com/minecraft/mc-mods/advancement-plaques/files/3552816"},"1.16.5":{"1.4.1":"View the changelog on CurseForge: https://www.curseforge.com/minecraft/mc-mods/advancement-plaques/files/3507674"},"1.15.2":{"1.3.1":"View the changelog on CurseForge: https://www.curseforge.com/minecraft/mc-mods/advancement-plaques/files/3435105"}},"promos":{"1.21.4-latest":"1.6.9","1.20.1-latest":"1.6.9","1.21.3-latest":"1.6.7","1.21.1-latest":"1.6.8","1.21-latest":"1.6.6","1.20.6-latest":"1.6.2","1.20.4-latest":"1.5.1","1.20.2-latest":"1.5.1","1.20-latest":"1.5.1","1.12.2-latest":"1.4.10","1.19.4-latest":"1.4.9","1.19.3-latest":"1.4.8","1.19.2-latest":"1.4.7","1.19.1-latest":"1.4.7","1.19-latest":"1.4.7","1.18.2-latest":"1.4.5.1","1.18.1-latest":"1.4.2","1.17.1-latest":"1.4.2","1.18-latest":"1.4.1","1.16.5-latest":"1.4.1","1.15.2-latest":"1.3.1","1.21.4-recommended":"1.6.9","1.20.1-recommended":"1.6.9","1.21.3-recommended":"1.6.7","1.21.1-recommended":"1.6.8","1.21-recommended":"1.6.6","1.20.6-recommended":"1.6.2","1.20.4-recommended":"1.5.1","1.20.2-recommended":"1.5.1","1.20-recommended":"1.5.1","1.12.2-recommended":"1.4.10","1.19.4-recommended":"1.4.9","1.19.3-recommended":"1.4.8","1.19.2-recommended":"1.4.7","1.19.1-recommended":"1.4.7","1.19-recommended":"1.4.7","1.18.2-recommended":"1.4.5.1","1.18.1-recommended":"1.4.2","1.17.1-recommended":"1.4.2","1.18-recommended":"1.4.1","1.16.5-recommended":"1.4.1","1.15.2-recommended":"1.3.1"}}
[18May2026 14:31:49.715] [Forge Version Check/INFO] [net.minecraftforge.fml.VersionChecker/]: [advancementplaques] Found status: UP_TO_DATE Current: 1.6.9 Target: null
[18May2026 14:31:49.715] [Forge Version Check/INFO] [net.minecraftforge.fml.VersionChecker/]: [morebows] Starting version check at https://nerdthened.github.io/More-bows/update-modern.json
[18May2026 14:31:49.848] [Forge Version Check/DEBUG] [net.minecraftforge.fml.VersionChecker/]: [morebows] Received version check data:
{"homepage":"https://www.curseforge.com/minecraft/mc-mods/more-bows-restrung","promos":{"1.12.2-latest":"1.0.10","1.12.2-recommended":"1.0.10","1.16.5-latest":"1.0.12","1.16.5-recommended":"1.0.12","1.17.1-latest":"1.0.12","1.17.1-recommended":"1.0.12","1.18.2-latest":"1.0.12","1.18.2-recommended":"1.0.12","1.19.2-latest":"1.0.12","1.19.2-recommended":"1.0.12","1.19.3-latest":"1.0.12","1.19.3-recommended":"1.0.12","1.19.4-latest":"1.0.12","1.19.4-recommended":"1.0.12","1.20-latest":"1.0.13","1.20-recommended":"1.0.13","1.20.1-latest":"1.0.13","1.20.1-recommended":"1.0.13","1.20.2-latest":"1.0.13","1.20.2-recommended":"1.0.13"}}
[18May2026 14:31:49.848] [Forge Version Check/INFO] [net.minecraftforge.fml.VersionChecker/]: [morebows] Found status: UP_TO_DATE Current: 1.0.13 Target: null
[18May2026 14:31:49.849] [Forge Version Check/INFO] [net.minecraftforge.fml.VersionChecker/]: [cumulus_menus] Starting version check at https://github.com/The-Aether-Team/Cumulus/raw/1.20.1-develop/update.json
[18May2026 14:31:49.866] [Forge Version Check/DEBUG] [net.minecraftforge.fml.VersionChecker/]: [cumulus_menus] Received version check data:
{
  "homepage": "https://modrinth.com/mod/cumulus",
  "promos": {
    "1.19.2-recommended": "1.19.2-1.0.0-forge",
    "1.19.4-recommended": "1.19.4-1.0.0-forge",
    "1.20.1-recommended": "1.20.1-1.0.1-neoforge",
    "1.20.2-recommended": "1.20.2-1.0.2-neoforge",
    "1.20.4-recommended": "1.20.4-1.0.2-neoforge"
  }
}
[18May2026 14:31:49.867] [Forge Version Check/INFO] [net.minecraftforge.fml.VersionChecker/]: [cumulus_menus] Found status: OUTDATED Current: 1.20.1-1.0.0-neoforge Target: 1.20.1-1.0.1-neoforge
[18May2026 14:31:49.867] [Forge Version Check/INFO] [net.minecraftforge.fml.VersionChecker/]: [runecraft] Starting version check at https://raw.githubusercontent.com/XxRexRaptorxX/Update-Checker/main/RuneCraft.json
[18May2026 14:31:50.105] [Forge Version Check/DEBUG] [net.minecraftforge.fml.VersionChecker/]: [runecraft] Received version check data:
{
   "homepage": "https://www.curseforge.com/minecraft/mc-mods/rune-craft",
  
   "promos": {
    "1.20.4-latest": "3.8.9",
    "1.20.4-recommended": "3.8.9",

    "1.20.3-latest": "3.8.9",
    "1.20.3-recommended": "3.8.9",
      
    "1.20.2-latest": "3.8.7a",
    "1.20.2-recommended": "3.8.7a",
      
    "1.20.1-latest": "3.8.7a",
    "1.20.1-recommended": "3.8.7a",
      
    "1.20-latest": "3.8.7a",
    "1.20-recommended": "3.8.7a",
      
    "1.19.4-latest": "3.7.5",
    "1.19.4-recommended": "3.7.5",
      
    "1.19.3-latest": "3.6.3a",
    "1.19.3-recommended": "3.6.3a",
      
    "1.19.2-latest": "3.6.2a",
    "1.19.2-recommended": "3.6.2a",
      
    "1.19.1-latest": "3.6.2a",
    "1.19.1-recommended": "3.6.2a",
      
    "1.19-latest": "3.6.2a",
    "1.19-recommended": "3.6.2a",
      
    "1.18.2-latest": "3.5.4",
    "1.18.2-recommended": "3.5.4",
      
    "1.18.1-latest": "3.4.2",
    "1.18.1-recommended": "3.4.2",
      
    "1.18-latest": "3.4.2",
    "1.18-recommended": "3.4.2",
      
    "1.17.1-latest": "3.1.0",
    "1.17.1-recommended": "3.1.0",
    
    "1.17-latest": "3.1.0",
    "1.17-recommended": "3.1.0",
    
    "1.12.2-latest": "2.1.4",
    "1.12.2-recommended": "2.1.4",
     
    "1.12.1-latest": "2.1.4",
    "1.12.1-recommended": "2.1.4",
    
    "1.12-latest": "2.1.4",
    "1.12-recommended": "2.1.4",
         
    "1.11.2-latest": "1.4.2",
    "1.11.2-recommended": "1.4.2",
     
    "1.10.2-latest": "1.4.2",
    "1.10.2-recommended": "1.4.2"
  }
}
[18May2026 14:31:50.106] [Forge Version Check/INFO] [net.minecraftforge.fml.VersionChecker/]: [runecraft] Found status: UP_TO_DATE Current: 3.8.7a Target: null
[18May2026 14:31:50.106] [Forge Version Check/INFO] [net.minecraftforge.fml.VersionChecker/]: [radium] Starting version check at https://api.modrinth.com/updates/radium/forge_updates.json
[18May2026 14:31:50.288] [Forge Version Check/DEBUG] [net.minecraftforge.fml.VersionChecker/]: [radium] Received version check data:
{"homepage":"https://modrinth.com/mod/radium","promos":{"1.20-latest":"1.20-0.11.2","1.20.1-recommended":"0.12.4","1.20.1-latest":"0.12.4"}}
[18May2026 14:31:50.290] [Forge Version Check/INFO] [net.minecraftforge.fml.VersionChecker/]: [radium] Found status: AHEAD Current: 0.12.4+git.26c9d8e Target: null
[18May2026 14:31:50.291] [Forge Version Check/INFO] [net.minecraftforge.fml.VersionChecker/]: [attributefix] Starting version check at https://updates.blamejared.com/get?n=attributefix&gv=1.20.1
[18May2026 14:31:50.417] [Forge Version Check/DEBUG] [net.minecraftforge.fml.VersionChecker/]: [attributefix] Received version check data:
{"homepage":"https://www.curseforge.com/minecraft/mc-mods/attributefix","promos":{"1.20.1-latest":"21.0.5"}}
[18May2026 14:31:50.418] [Forge Version Check/INFO] [net.minecraftforge.fml.VersionChecker/]: [attributefix] Found status: BETA Current: 21.0.5 Target: 21.0.5
[18May2026 14:31:50.418] [Forge Version Check/INFO] [net.minecraftforge.fml.VersionChecker/]: [clumps] Starting version check at https://updates.blamejared.com/get?n=clumps&gv=1.20.1
[18May2026 14:31:50.438] [Forge Version Check/DEBUG] [net.minecraftforge.fml.VersionChecker/]: [clumps] Received version check data:
{"homepage":"https://www.curseforge.com/minecraft/mc-mods/clumps","promos":{"1.20.1-latest":"12.0.0.4"}}
[18May2026 14:31:50.441] [Forge Version Check/INFO] [net.minecraftforge.fml.VersionChecker/]: [clumps] Found status: BETA Current: 12.0.0.4 Target: 12.0.0.4
[18May2026 14:31:50.442] [Forge Version Check/INFO] [net.minecraftforge.fml.VersionChecker/]: [forge] Starting version check at https://files.minecraftforge.net/net/minecraftforge/forge/promotions_slim.json
[18May2026 14:31:50.607] [Forge Version Check/DEBUG] [net.minecraftforge.fml.VersionChecker/]: [forge] Received version check data:
{
  "homepage": "https://files.minecraftforge.net/net/minecraftforge/forge/",
  "promos": {
    "1.1-latest": "1.3.4.29",
    "1.2.3-latest": "1.4.1.64",
    "1.2.4-latest": "2.0.0.68",
    "1.2.5-latest": "3.4.9.171",
    "1.3.2-latest": "4.3.5.318",
    "1.4.0-latest": "5.0.0.326",
    "1.4.1-latest": "6.0.0.329",
    "1.4.2-latest": "6.0.1.355",
    "1.4.3-latest": "6.2.1.358",
    "1.4.4-latest": "6.3.0.378",
    "1.4.5-latest": "6.4.2.448",
    "1.4.6-latest": "6.5.0.489",
    "1.4.7-latest": "6.6.2.534",
    "1.5-latest": "7.7.0.598",
    "1.5.1-latest": "7.7.2.682",
    "1.5.2-latest": "7.8.1.738",
    "1.5.2-recommended": "7.8.1.738",
    "1.6.1-latest": "8.9.0.775",
    "1.6.2-latest": "9.10.1.871",
    "1.6.2-recommended": "9.10.1.871",
    "1.6.3-latest": "9.11.0.878",
    "1.6.4-latest": "9.11.1.1345",
    "1.6.4-recommended": "9.11.1.1345",
    "1.7.2-latest": "10.12.2.1161",
    "1.7.2-recommended": "10.12.2.1161",
    "1.7.10-latest": "10.13.4.1614",
    "1.7.10-recommended": "10.13.4.1614",
    "1.8-latest": "11.14.4.1577",
    "1.8-recommended": "11.14.4.1563",
    "1.8.8-latest": "11.15.0.1655",
    "1.8.9-latest": "11.15.1.2318",
    "1.8.9-recommended": "11.15.1.2318",
    "1.9-latest": "12.16.1.1938",
    "1.9-recommended": "12.16.1.1887",
    "1.9.4-latest": "12.17.0.2317",
    "1.9.4-recommended": "12.17.0.2317",
    "1.10-latest": "12.18.0.2000",
    "1.10.2-latest": "12.18.3.2511",
    "1.10.2-recommended": "12.18.3.2511",
    "1.11-latest": "13.19.1.2199",
    "1.11-recommended": "13.19.1.2189",
    "1.11.2-latest": "13.20.1.2588",
    "1.11.2-recommended": "13.20.1.2588",
    "1.12-latest": "14.21.1.2443",
    "1.12-recommended": "14.21.1.2387",
    "1.12.1-latest": "14.22.1.2485",
    "1.12.1-recommended": "14.22.1.2478",
    "1.12.2-latest": "14.23.5.2864",
    "1.12.2-recommended": "14.23.5.2859",
    "1.13.2-latest": "25.0.223",
    "1.14.2-latest": "26.0.63",
    "1.14.3-latest": "27.0.60",
    "1.14.4-latest": "28.2.28",
    "1.14.4-recommended": "28.2.26",
    "1.15-latest": "29.0.4",
    "1.15.1-latest": "30.0.51",
    "1.15.2-latest": "31.2.60",
    "1.15.2-recommended": "31.2.57",
    "1.16.1-latest": "32.0.108",
    "1.16.2-latest": "33.0.61",
    "1.16.3-latest": "34.1.42",
    "1.16.3-recommended": "34.1.0",
    "1.16.4-latest": "35.1.37",
    "1.16.4-recommended": "35.1.4",
    "1.16.5-latest": "36.2.42",
    "1.16.5-recommended": "36.2.34",
    "1.17.1-latest": "37.1.1",
    "1.17.1-recommended": "37.1.1",
    "1.18-latest": "38.0.17",
    "1.18.1-latest": "39.1.2",
    "1.18.1-recommended": "39.1.0",
    "1.18.2-recommended": "40.3.0",
    "1.18.2-latest": "40.3.12",
    "1.19-latest": "41.1.0",
    "1.19-recommended": "41.1.0",
    "1.19.1-latest": "42.0.9",
    "1.19.2-recommended": "43.5.0",
    "1.19.2-latest": "43.5.2",
    "1.19.3-latest": "44.1.23",
    "1.19.3-recommended": "44.1.0",
    "1.19.4-recommended": "45.4.0",
    "1.19.4-latest": "45.4.3",
    "1.20-latest": "46.0.14",
    "1.20.1-recommended": "47.4.10",
    "1.20.1-latest": "47.4.20",
    "1.20.2-latest": "48.1.0",
    "1.20.2-recommended": "48.1.0",
    "1.20.3-latest": "49.0.2",
    "1.20.4-latest": "49.2.7",
    "1.20.4-recommended": "49.2.0",
    "1.20.6-latest": "50.2.8",
    "1.20.6-recommended": "50.2.0",
    "1.21-latest": "51.0.33",
    "1.21.1-latest": "52.1.14",
    "1.21.1-recommended": "52.1.0",
    "1.21.3-latest": "53.1.10",
    "1.21.3-recommended": "53.1.0",
    "1.21.4-latest": "54.1.16",
    "1.21.4-recommended": "54.1.14",
    "1.21.5-latest": "55.1.10",
    "1.21.5-recommended": "55.1.0",
    "1.21.6-latest": "56.0.9",
    "1.21.7-latest": "57.0.3",
    "1.21.8-latest": "58.1.18",
    "1.21.8-recommended": "58.1.0",
    "1.21.9-latest": "59.0.5",
    "1.21.10-latest": "60.1.9",
    "1.21.10-recommended": "60.1.0",
    "1.21.11-latest": "61.1.5",
    "1.21.11-recommended": "61.1.0",
    "26.1-latest": "62.0.9",
    "26.1.1-latest": "63.0.2",
    "26.1.2-latest": "64.0.8"
  }
}
[18May2026 14:31:50.608] [Forge Version Check/INFO] [net.minecraftforge.fml.VersionChecker/]: [forge] Found status: OUTDATED Current: 47.4.0 Target: 47.4.10
[18May2026 14:31:50.610] [Forge Version Check/INFO] [net.minecraftforge.fml.VersionChecker/]: [mr_withering_heights] Starting version check at https://api.modrinth.com/updates/NCPLOWlF/forge_updates.json
[18May2026 14:31:50.714] [Forge Version Check/DEBUG] [net.minecraftforge.fml.VersionChecker/]: [mr_withering_heights] Received version check data:
{"homepage":"https://modrinth.com/mod/NCPLOWlF","promos":{"1.20-latest":"alpha-1+mod","1.20.2-latest":"alpha-1+mod","1.20.5-latest":"alpha-1+mod","1.21.1-recommended":"v1.0+mod","1.20.3-latest":"alpha-1+mod","1.21-recommended":"v1.0+mod","1.21.1-latest":"v1.1b+mod","1.21-latest":"v1.1b+mod","1.20.4-latest":"alpha-1+mod","1.20.6-latest":"alpha-1+mod","1.20.1-latest":"alpha-1+mod"}}
[18May2026 14:31:50.714] [Forge Version Check/INFO] [net.minecraftforge.fml.VersionChecker/]: [mr_withering_heights] Found status: BETA Current: 1-alpha-1 Target: alpha-1+mod
[18May2026 14:31:50.715] [Forge Version Check/INFO] [net.minecraftforge.fml.VersionChecker/]: [iceberg] Starting version check at https://mc-update-check.anthonyhilyard.com/520110
[18May2026 14:31:50.754] [Cobblemon Showdown/INFO] [com.cobblemon.mod.common.Cobblemon/]: Showdown has been started!
[18May2026 14:31:50.757] [modloading-worker-0/INFO] [com.cobblemon.mod.common.Cobblemon/]: Note: Cobblemon data registries are only loaded once per server instance as Pokémon species are not safe to reload.
[18May2026 14:31:50.757] [modloading-worker-0/INFO] [com.cobblemon.mod.common.Cobblemon/]: Registered the cobblemon:species_features registry
[18May2026 14:31:50.758] [modloading-worker-0/DEBUG] [com.cobblemon.mod.common.Cobblemon/]: Registered the cobblemon:species_features registry of class com.cobblemon.mod.common.api.pokemon.feature.SpeciesFeatures
[18May2026 14:31:50.758] [modloading-worker-0/INFO] [com.cobblemon.mod.common.Cobblemon/]: Registered the cobblemon:global_species_features registry
[18May2026 14:31:50.759] [modloading-worker-0/DEBUG] [com.cobblemon.mod.common.Cobblemon/]: Registered the cobblemon:global_species_features registry of class com.cobblemon.mod.common.api.pokemon.feature.GlobalSpeciesFeatures
[18May2026 14:31:50.759] [modloading-worker-0/INFO] [com.cobblemon.mod.common.Cobblemon/]: Registered the cobblemon:species_feature_assignments registry
[18May2026 14:31:50.759] [modloading-worker-0/DEBUG] [com.cobblemon.mod.common.Cobblemon/]: Registered the cobblemon:species_feature_assignments registry of class com.cobblemon.mod.common.api.pokemon.feature.SpeciesFeatureAssignments
[18May2026 14:31:50.772] [modloading-worker-0/INFO] [com.cobblemon.mod.common.Cobblemon/]: Registered the cobblemon:action_effects registry
[18May2026 14:31:50.772] [modloading-worker-0/DEBUG] [com.cobblemon.mod.common.Cobblemon/]: Registered the cobblemon:action_effects registry of class com.cobblemon.mod.common.api.moves.animations.ActionEffects
[18May2026 14:31:50.773] [modloading-worker-0/INFO] [com.cobblemon.mod.common.Cobblemon/]: Registered the cobblemon:moves registry
[18May2026 14:31:50.773] [modloading-worker-0/DEBUG] [com.cobblemon.mod.common.Cobblemon/]: Registered the cobblemon:moves registry of class com.cobblemon.mod.common.api.moves.Moves
[18May2026 14:31:50.774] [modloading-worker-0/INFO] [com.cobblemon.mod.common.Cobblemon/]: Registered the cobblemon:abilities registry
[18May2026 14:31:50.774] [modloading-worker-0/DEBUG] [com.cobblemon.mod.common.Cobblemon/]: Registered the cobblemon:abilities registry of class com.cobblemon.mod.common.api.abilities.Abilities
[18May2026 14:31:50.774] [modloading-worker-0/INFO] [com.cobblemon.mod.common.Cobblemon/]: Registered the cobblemon:species registry
[18May2026 14:31:50.774] [modloading-worker-0/DEBUG] [com.cobblemon.mod.common.Cobblemon/]: Registered the cobblemon:species registry of class com.cobblemon.mod.common.api.pokemon.PokemonSpecies
[18May2026 14:31:50.774] [modloading-worker-0/INFO] [com.cobblemon.mod.common.Cobblemon/]: Registered the cobblemon:species_additions registry
[18May2026 14:31:50.774] [modloading-worker-0/DEBUG] [com.cobblemon.mod.common.Cobblemon/]: Registered the cobblemon:species_additions registry of class com.cobblemon.mod.common.pokemon.SpeciesAdditions
[18May2026 14:31:50.774] [modloading-worker-0/INFO] [com.cobblemon.mod.common.Cobblemon/]: Registered the cobblemon:pokeballs registry
[18May2026 14:31:50.774] [modloading-worker-0/DEBUG] [com.cobblemon.mod.common.Cobblemon/]: Registered the cobblemon:pokeballs registry of class com.cobblemon.mod.common.api.pokeball.PokeBalls
[18May2026 14:31:50.775] [modloading-worker-0/INFO] [com.cobblemon.mod.common.Cobblemon/]: Registered the cobblemon:properties_tab_completion registry
[18May2026 14:31:50.775] [modloading-worker-0/DEBUG] [com.cobblemon.mod.common.Cobblemon/]: Registered the cobblemon:properties_tab_completion registry of class com.cobblemon.mod.common.pokemon.properties.PropertiesCompletionProvider
[18May2026 14:31:50.776] [modloading-worker-0/INFO] [com.cobblemon.mod.common.Cobblemon/]: Registered the cobblemon:spawn_detail_presets registry
[18May2026 14:31:50.776] [modloading-worker-0/DEBUG] [com.cobblemon.mod.common.Cobblemon/]: Registered the cobblemon:spawn_detail_presets registry of class com.cobblemon.mod.common.api.spawning.SpawnDetailPresets
[18May2026 14:31:50.781] [modloading-worker-0/INFO] [com.cobblemon.mod.common.Cobblemon/]: Registered the cobblemon:spawn_rules registry
[18May2026 14:31:50.781] [modloading-worker-0/DEBUG] [com.cobblemon.mod.common.Cobblemon/]: Registered the cobblemon:spawn_rules registry of class com.cobblemon.mod.common.api.spawning.CobblemonSpawnRules
[18May2026 14:31:50.795] [modloading-worker-0/INFO] [com.cobblemon.mod.common.Cobblemon/]: Registered the cobblemon:mechanics registry
[18May2026 14:31:50.795] [modloading-worker-0/DEBUG] [com.cobblemon.mod.common.Cobblemon/]: Registered the cobblemon:mechanics registry of class com.cobblemon.mod.common.CobblemonMechanics
[18May2026 14:31:50.795] [modloading-worker-0/INFO] [com.cobblemon.mod.common.Cobblemon/]: Registered the cobblemon:bag_items registry
[18May2026 14:31:50.795] [modloading-worker-0/DEBUG] [com.cobblemon.mod.common.Cobblemon/]: Registered the cobblemon:bag_items registry of class com.cobblemon.mod.common.battles.BagItems
[18May2026 14:31:50.799] [modloading-worker-0/INFO] [com.cobblemon.mod.common.Cobblemon/]: Registered the cobblemon:dialogues registry
[18May2026 14:31:50.799] [modloading-worker-0/DEBUG] [com.cobblemon.mod.common.Cobblemon/]: Registered the cobblemon:dialogues registry of class com.cobblemon.mod.common.api.dialogue.Dialogues
[18May2026 14:31:50.801] [modloading-worker-0/INFO] [com.cobblemon.mod.common.Cobblemon/]: Registered the cobblemon:natural_materials registry
[18May2026 14:31:50.801] [modloading-worker-0/DEBUG] [com.cobblemon.mod.common.Cobblemon/]: Registered the cobblemon:natural_materials registry of class com.cobblemon.mod.common.api.fossil.NaturalMaterials
[18May2026 14:31:50.802] [modloading-worker-0/INFO] [com.cobblemon.mod.common.Cobblemon/]: Registered the cobblemon:fossils registry
[18May2026 14:31:50.802] [modloading-worker-0/DEBUG] [com.cobblemon.mod.common.Cobblemon/]: Registered the cobblemon:fossils registry of class com.cobblemon.mod.common.api.fossil.Fossils
[18May2026 14:31:50.808] [Forge Version Check/DEBUG] [net.minecraftforge.fml.VersionChecker/]: [iceberg] Received version check data:
{"homepage":"https://www.curseforge.com/minecraft/mc-mods/iceberg","gameVersions":{"1.21.1":{"1.3.2":"View the changelog on CurseForge: https://www.curseforge.com/minecraft/mc-mods/iceberg/files/6423866"},"1.21.4":{"1.2.13":"View the changelog on CurseForge: https://www.curseforge.com/minecraft/mc-mods/iceberg/files/6186850"},"1.21.3":{"1.2.10":"View the changelog on CurseForge: https://www.curseforge.com/minecraft/mc-mods/iceberg/files/5991535"},"1.20.1":{"1.1.25":"View the changelog on CurseForge: https://www.curseforge.com/minecraft/mc-mods/iceberg/files/5838149"},"1.21":{"1.2.5":"View the changelog on CurseForge: https://www.curseforge.com/minecraft/mc-mods/iceberg/files/5625109"},"1.20.6":{"1.1.23":"View the changelog on CurseForge: https://www.curseforge.com/minecraft/mc-mods/iceberg/files/5365013"},"1.20.4":{"1.1.20":"View the changelog on CurseForge: https://www.curseforge.com/minecraft/mc-mods/iceberg/files/5012668"},"1.20":{"1.1.18":"View the changelog on CurseForge: https://www.curseforge.com/minecraft/mc-mods/iceberg/files/4953572"},"1.20.2":{"1.1.17":"View the changelog on CurseForge: https://www.curseforge.com/minecraft/mc-mods/iceberg/files/4918151"},"1.19.4":{"1.1.10":"View the changelog on CurseForge: https://www.curseforge.com/minecraft/mc-mods/iceberg/files/4548283"},"1.19.3":{"1.1.6":"View the changelog on CurseForge: https://www.curseforge.com/minecraft/mc-mods/iceberg/files/4483013"},"1.19.2":{"1.1.4":"View the changelog on CurseForge: https://www.curseforge.com/minecraft/mc-mods/iceberg/files/4300529"},"1.19.1":{"1.1.4":"View the changelog on CurseForge: https://www.curseforge.com/minecraft/mc-mods/iceberg/files/4300529"},"1.19":{"1.1.4":"View the changelog on CurseForge: https://www.curseforge.com/minecraft/mc-mods/iceberg/files/4300529"}},"promos":{"1.21.1-latest":"1.3.2","1.21.4-latest":"1.2.13","1.21.3-latest":"1.2.10","1.20.1-latest":"1.1.25","1.21-latest":"1.2.5","1.20.6-latest":"1.1.23","1.20.4-latest":"1.1.20","1.20-latest":"1.1.18","1.20.2-latest":"1.1.17","1.19.4-latest":"1.1.10","1.19.3-latest":"1.1.6","1.19.2-latest":"1.1.4","1.19.1-latest":"1.1.4","1.19-latest":"1.1.4","1.21.1-recommended":"1.3.2","1.21.4-recommended":"1.2.13","1.21.3-recommended":"1.2.10","1.20.1-recommended":"1.1.25","1.21-recommended":"1.2.5","1.20.6-recommended":"1.1.23","1.20.4-recommended":"1.1.20","1.20-recommended":"1.1.18","1.20.2-recommended":"1.1.17","1.19.4-recommended":"1.1.10","1.19.3-recommended":"1.1.6","1.19.2-recommended":"1.1.4","1.19.1-recommended":"1.1.4","1.19-recommended":"1.1.4"}}
[18May2026 14:31:50.808] [modloading-worker-0/INFO] [com.cobblemon.mod.common.Cobblemon/]: Registered the cobblemon:spawn_pool_world registry
[18May2026 14:31:50.809] [modloading-worker-0/DEBUG] [com.cobblemon.mod.common.Cobblemon/]: Registered the cobblemon:spawn_pool_world registry of class com.cobblemon.mod.common.api.spawning.detail.SpawnPool
[18May2026 14:31:50.809] [Forge Version Check/INFO] [net.minecraftforge.fml.VersionChecker/]: [iceberg] Found status: UP_TO_DATE Current: 1.1.25 Target: null
[18May2026 14:31:50.809] [Forge Version Check/INFO] [net.minecraftforge.fml.VersionChecker/]: [gravestone] Starting version check at https://update.maxhenkel.de/forge/gravestone
[18May2026 14:31:50.816] [modloading-worker-0/INFO] [com.cobblemon.mod.common.Cobblemon/]: Registered the cobblemon:berries registry
[18May2026 14:31:50.816] [modloading-worker-0/DEBUG] [com.cobblemon.mod.common.Cobblemon/]: Registered the cobblemon:berries registry of class com.cobblemon.mod.common.api.berry.Berries
[18May2026 14:31:50.838] [main/DEBUG] [net.minecraftforge.fml.DeferredWorkQueue/LOADING]: Dispatching synchronous work for work queue COMMON_SETUP: 95 jobs
[18May2026 14:31:50.870] [main/DEBUG] [ModernFix/]: Removed 0 redundant object holders
[18May2026 14:31:50.880] [Forge Version Check/DEBUG] [net.minecraftforge.fml.VersionChecker/]: [gravestone] Received version check data:
{"1.9.4":{"1.3.6":"Bugfixes"},"1.8.8":{"1.1.7":"Bugfixes"},"1.20":{"1.20-1.0.3":"Updated to 1.20"},"1.8.9":{"1.1.7":"Bugfixes"},"1.18":{"1.18-1.0.3":"Fixed loader version requirement"},"1.19":{"1.19-1.0.3":"Fixed crash when opening the obituary"},"promos":{"1.14.4-recommended":"1.15.3","1.14.3-recommended":"1.14.3","1.20-recommended":"1.20-1.0.3","1.19.3-recommended":"1.19.3-1.0.3","1.19.1-recommended":"1.19.1-1.0.0","1.8.8-latest":"1.1.7","1.8.9-latest":"1.1.7","1.19.4-recommended":"1.19.4-1.0.3","1.19.2-recommended":"1.19.2-1.0.10","1.10.2-latest":"1.5.13","1.14.2-recommended":"1.13.3","1.14.3-latest":"1.14.3","1.20-latest":"1.20-1.0.3","1.11-latest":"1.6.6","1.10.2-recommended":"1.5.13","1.20.1-latest":"1.20.1-1.0.35","1.16.4-latest":"1.16.4-1.0.9","1.11.2-recommended":"1.7.4.1","1.19.3-latest":"1.19.3-1.0.3","1.8-latest":"1.0.5","1.16.2-latest":"1.16.2-1.0.6","1.7.10-latest":"0.7.10.3","1.15.2-recommended":"1.17.6","1.8-recommended":"1.0.5","1.19.1-latest":"1.19.1-1.0.0","1.15.1-recommended":"1.16.2","1.9-recommended":"1.2.10","1.11.2-latest":"1.7.4.1","1.18.1-latest":"1.18.1-1.0.2","1.15.1-latest":"1.16.2","1.18.2-latest":"1.18.2-1.0.2","1.11-recommended":"1.6.6","1.10-recommended":"1.4.9","1.12.2-latest":"1.10.2","1.12.1-latest":"1.9.0","1.12.2-recommended":"1.10.2","1.7.10-recommended":"0.7.10.3","1.19-latest":"1.19-1.0.3","1.17.1-recommended":"1.17.1-1.0.4","1.16.1-recommended":"1.16.1-1.0.6","1.16.2-recommended":"1.16.2-1.0.6","1.18-latest":"1.18-1.0.3","1.16.5-recommended":"1.16.5-1.0.6","1.16.4-recommended":"1.16.4-1.0.9","1.12.1-recommended":"1.9.0","1.20.1-recommended":"1.20.1-1.0.10","1.16.3-recommended":"1.16.3-1.0.2","1.15.2-latest":"1.17.6","1.20.2-recommended":"1.20.2-1.0.10","1.12-recommended":"1.8.4","1.10-latest":"1.4.9","1.14.4-latest":"1.15.3","1.13.2-recommended":"1.12.7","1.9.4-recommended":"1.3.6","1.12-latest":"1.8.4","1.18.2-recommended":"1.18.2-1.0.2","1.17.1-latest":"1.17.1-1.0.4","1.13.2-latest":"1.12.7","1.18.1-recommended":"1.18.1-1.0.2","1.16.3-latest":"1.16.3-2.0.4","1.20.2-latest":"1.20.2-1.0.10","1.19.2-latest":"1.19.2-1.0.23","1.19.4-latest":"1.19.4-1.0.3","1.16.5-latest":"1.16.5-1.0.7","1.19-recommended":"1.19-1.0.3","1.16.1-latest":"1.16.1-1.0.6","1.9-latest":"1.2.10","1.18-recommended":"1.18-1.0.3","1.14.2-latest":"1.13.3","1.8.8-recommended":"1.1.7","1.8.9-recommended":"1.1.7","1.9.4-latest":"1.3.6"},"1.20.2":{"1.20.2-1.0.10":"Improved mod icon\nUpdated corelib"},"1.20.1":{"1.20.1-1.0.10":"Improved mod icon\nUpdated corelib","1.20.1-1.0.35":"Fixed restoreinventory command permissions"},"1.12":{"1.8.4":"Added recipe for recipe book"},"1.10":{"1.4.9":"Bugfixes"},"1.11":{"1.6.6":"Bugfixes"},"1.7.10":{"0.7.10.3":"Bugfixes"},"1.16.4":{"1.16.4-1.0.9":"Update chinese translation"},"1.18.2":{"1.18.2-1.0.2":"Fixed ukrainian locale code"},"1.19.1":{"1.19.1-1.0.0":"Updated to 1.19.1"},"1.16.5":{"1.16.5-1.0.7":"Fixed freeze with epic fight mod","1.16.5-1.0.6":"Fixed grave names"},"1.19.2":{"1.19.2-1.0.10":"Improved mod icon\nUpdated corelib","1.19.2-1.0.23":"Updated Traditional Chinese translation"},"1.19.3":{"1.19.3-1.0.3":"Fixed creative tabs because Forge broke everything again"},"1.19.4":{"1.19.4-1.0.3":"Updated to 1.19.4"},"1.14.2":{"1.13.3":"Improved en_us language and added pl_pl language"},"1.15.1":{"1.16.2":"Fixed crash with forge 30.0.17+"},"1.14.3":{"1.14.3":"Improved en_us language and added pl_pl language"},"1.16.1":{"1.16.1-1.0.6":"Fixed gravestone items can be picked up with a hopper"},"1.15.2":{"1.17.6":"Updated polish translation"},"1.14.4":{"1.15.3":"Fixed config reset issue"},"1.16.2":{"1.16.2-1.0.6":"Fixed nether dimension name\nUpdated russian translation\nFixed remove death note option"},"1.17.1":{"1.17.1-1.0.4":"Fixed crash with epic fight mod"},"1.8":{"1.0.5":"Bugfixes"},"1.16.3":{"1.16.3-1.0.2":"Updated mods.toml","1.16.3-2.0.4":"Fixed grave disappearing when having sneaking on toggle"},"1.18.1":{"1.18.1-1.0.2":"Added Brazilian Portuguese language"},"1.9":{"1.2.10":"Bugfixes"},"1.10.2":{"1.5.13":"Bugfixes"},"1.11.2":{"1.7.4.1":"Improved version checking"},"1.12.1":{"1.9.0":"Updated to 1.12.1"},"1.12.2":{"1.10.2":"Updated Forge version"},"1.13.2":{"1.12.7":"Improved en_us language and added pl_pl language"},"homepage":"https://www.curseforge.com/minecraft/mc-mods/gravestone-mod"}
[18May2026 14:31:50.881] [Forge Version Check/INFO] [net.minecraftforge.fml.VersionChecker/]: [gravestone] Found status: AHEAD Current: 1.20.1-1.0.35 Target: null
[18May2026 14:31:50.881] [Forge Version Check/INFO] [net.minecraftforge.fml.VersionChecker/]: [aquamirae] Starting version check at https://raw.githubusercontent.com/ObscuriaLithium/modding/main/versions/aquamirae.json
[18May2026 14:31:50.886] [Forge Version Check/DEBUG] [net.minecraftforge.fml.VersionChecker/]: [aquamirae] Received version check data:
{
  "homepage": "https://www.curseforge.com/minecraft/mc-mods/aquamirae",
  "promos": {
    "1.20.1-latest": "6.4.0",
    "1.20.1-recommended": "6.4.0"
  }
}
[18May2026 14:31:50.886] [Forge Version Check/INFO] [net.minecraftforge.fml.VersionChecker/]: [aquamirae] Found status: UP_TO_DATE Current: 6.4.0 Target: null
[18May2026 14:31:50.981] [main/INFO] [com.tiviacz.travelersbackpack.TravelersBackpack/]: Registered the FluidEffect with Unique ID of minecraft:water for Water (Fluid Amount Required: 1000) with the ID 0
[18May2026 14:31:50.982] [main/INFO] [com.tiviacz.travelersbackpack.TravelersBackpack/]: Registered the FluidEffect with Unique ID of minecraft:lava for Lava (Fluid Amount Required: 1000) with the ID 1
[18May2026 14:31:50.982] [main/INFO] [com.tiviacz.travelersbackpack.TravelersBackpack/]: Registered the FluidEffect with Unique ID of travelersbackpack:potion for Uncraftable Potion (Fluid Amount Required: 250) with the ID 2
[18May2026 14:31:50.982] [main/INFO] [com.tiviacz.travelersbackpack.TravelersBackpack/]: Registered the FluidEffect with Unique ID of minecraft:milk for Milk (Fluid Amount Required: 1000) with the ID 3
[18May2026 14:31:51.079] [main/INFO] [Moonlight/]: Initialized color sets in 46ms
[18May2026 14:31:51.088] [main/DEBUG] [net.minecraftforge.fml.DeferredWorkQueue/LOADING]: Synchronous work queue completed in 250.6 ms
[18May2026 14:31:51.190] [modloading-worker-0/INFO] [xaero.map.server.WorldMapServer/]: Loading Xaero's World Map - Stage 1/2 (Server)
[18May2026 14:31:51.191] [modloading-worker-0/INFO] [xaero.lib.XaeroLib/]: Loading XaeroLib server 1/2!
[18May2026 14:31:51.191] [modloading-worker-0/INFO] [xaero.minimap.XaeroMinimap/]: Loading Xaero's Minimap - Stage 1/2 (Server)
[18May2026 14:31:51.215] [main/DEBUG] [net.minecraftforge.fml.DeferredWorkQueue/LOADING]: Dispatching synchronous work for work queue SIDED_SETUP: 3 jobs
[18May2026 14:31:51.215] [main/INFO] [xaero.map.server.WorldMapServer/]: Loading Xaero's World Map - Stage 2/2 (Server)
[18May2026 14:31:51.217] [main/INFO] [xaero.lib.XaeroLib/]: Loading XaeroLib common 2/2!
[18May2026 14:31:51.218] [main/INFO] [xaero.lib.XaeroLib/]: Loading XaeroLib server 2/2!
[18May2026 14:31:51.218] [main/INFO] [xaero.minimap.XaeroMinimap/]: Loading Xaero's Minimap - Stage 2/2 (Server)
[18May2026 14:31:51.218] [main/DEBUG] [net.minecraftforge.fml.DeferredWorkQueue/LOADING]: Synchronous work queue completed in 3.053 ms
[18May2026 14:31:51.399] [modloading-worker-0/INFO] [io.redspace.ironsspellbooks.IronsSpellbooks/]: Got IMC []
[18May2026 14:31:51.501] [modloading-worker-0/INFO] [AttributeFix/]: Loaded values for 130 compatible attributes.
[18May2026 14:31:51.505] [modloading-worker-0/INFO] [AttributeFix/]: Loaded 130 values from config.
[18May2026 14:31:51.519] [modloading-worker-0/INFO] [AttributeFix/]: Saving config file. 130 entries.
[18May2026 14:31:51.519] [modloading-worker-0/INFO] [AttributeFix/]: Applying changes for 130 attributes.
[18May2026 14:31:51.520] [modloading-worker-0/DEBUG] [AttributeFix/]: Modifying maximum value for minecraft:generic.armor_toughness from 20 to 1000000.
[18May2026 14:31:51.520] [modloading-worker-0/DEBUG] [AttributeFix/]: Modifying maximum value for minecraft:generic.max_health from 1024 to 1000000.
[18May2026 14:31:51.520] [modloading-worker-0/DEBUG] [AttributeFix/]: Modifying maximum value for minecraft:generic.attack_knockback from 5 to 1000000.
[18May2026 14:31:51.520] [modloading-worker-0/DEBUG] [AttributeFix/]: Modifying maximum value for minecraft:generic.attack_damage from 2048 to 1000000.
[18May2026 14:31:51.520] [modloading-worker-0/DEBUG] [AttributeFix/]: Modifying maximum value for minecraft:generic.armor from 30 to 1000000.
[18May2026 14:31:51.523] [main/DEBUG] [net.minecraftforge.fml.DeferredWorkQueue/LOADING]: Dispatching synchronous work for work queue COMPLETE: 3 jobs
[18May2026 14:31:51.526] [main/DEBUG] [net.minecraftforge.fml.DeferredWorkQueue/LOADING]: Synchronous work queue completed in 2.402 ms
[18May2026 14:31:51.862] [main/DEBUG] [mixin/]: Generating mapped inner class net/minecraft/world/level/levelgen/DebugLevelSource$Anonymous$7a9abb464f6840b189118173523f67e9 (originally org/embeddedt/modernfix/common/mixin/perf/forge_registry_alloc/DebugLevelSourceMixin$1)
[18May2026 14:31:51.895] [main/INFO] [epicfight/]: Data keys [epicfight:combo_counter, epicfight:basic_attack_active] for epicfight:basic_attack
[18May2026 14:31:51.896] [main/INFO] [epicfight/]: Data keys [epicfight:penalty_restore_counter, epicfight:penalty] for epicfight:guard
[18May2026 14:31:51.896] [main/INFO] [epicfight/]: Data keys [epicfight:penalty_restore_counter, epicfight:last_active, epicfight:parry_motion_counter, epicfight:penalty] for epicfight:parrying
[18May2026 14:31:51.896] [main/INFO] [epicfight/]: Data keys [epicfight:penalty_restore_counter, epicfight:penalty] for epicfight:impact_guard
[18May2026 14:31:51.896] [main/INFO] [epicfight/]: Data keys [epicfight:resisting_damage_type, epicfight:tick_record, epicfight:stacks] for epicfight:adaptive_skin
[18May2026 14:31:51.896] [main/INFO] [epicfight/]: Data keys [epicfight:tick_record] for epicfight:adrenaline_fiend
[18May2026 14:31:51.896] [main/INFO] [epicfight/]: Data keys [epicfight:entity_id, epicfight:stacks] for epicfight:bonebreaker
[18May2026 14:31:51.896] [main/INFO] [epicfight/]: Data keys [epicfight:entity_id, epicfight:tick_record] for epicfight:vengeance
[18May2026 14:31:51.897] [main/INFO] [epicfight/]: Data keys [epicfight:fall_distance, epicfight:slam_protect_next_fall] for epicfight:meteor_slam
[18May2026 14:31:51.897] [main/INFO] [epicfight/]: Data keys [epicfight:stacks] for epicfight:revelation
[18May2026 14:31:51.897] [main/INFO] [epicfight/]: Data keys [epicfight:slam_protect_next_fall] for epicfight:demolition_leap
[18May2026 14:31:51.897] [main/INFO] [epicfight/]: Data keys [epicfight:jump_count, epicfight:slam_protect_next_fall, epicfight:jump_key_pressed_last_tick] for epicfight:phantom_ascent
[18May2026 14:31:51.897] [main/INFO] [epicfight/]: Data keys [epicfight:last_hit_count] for epicfight:grasping_spire
[18May2026 14:31:51.897] [main/INFO] [epicfight/]: Data keys [epicfight:sheath] for epicfight:battojutsu_passive
[18May2026 14:31:51.897] [main/INFO] [epicfight/]: Data keys [epicfight:sheath] for epicfight:battojutsu
[18May2026 14:31:51.897] [main/INFO] [epicfight/]: Data keys [epicfight:combo_counter] for epicfight:blade_rush
[18May2026 14:31:51.897] [main/INFO] [epicfight/]: Data keys [epicfight:thrown_trident_entity_id] for epicfight:everlasting_allegiance
[18May2026 14:31:51.898] [main/INFO] [epicfight/]: Data keys [wom:target_id] for wom:ender_obscuris
[18May2026 14:31:51.898] [main/INFO] [epicfight/]: Data keys [wom:dodge, wom:timer_refresh, wom:timer] for wom:dodge_master
[18May2026 14:31:51.898] [main/INFO] [epicfight/]: Data keys [wom:cooldown, wom:registered_health, wom:dodge, wom:timer_refresh, wom:timer, wom:registered_position, wom:active] for wom:time_travel
[18May2026 14:31:51.898] [main/INFO] [epicfight/]: Data keys [wom:cooldown] for wom:punishment_kick
[18May2026 14:31:51.898] [main/INFO] [epicfight/]: Data keys [wom:last_active, wom:consumprion_value, epicfight:penalty_restore_counter, epicfight:penalty, wom:parrying] for wom:counter_attack
[18May2026 14:31:51.898] [main/INFO] [epicfight/]: Data keys [wom:cooldown, wom:consumprion_value, epicfight:penalty_restore_counter, wom:holding_stance, wom:timer_refresh, wom:vengence_duration, wom:charge, wom:timer, epicfight:penalty] for wom:vengeful_parry
[18May2026 14:31:51.898] [main/INFO] [epicfight/]: Data keys [wom:cooldown, epicfight:penalty_restore_counter, wom:charge, epicfight:penalty, wom:parrying] for wom:perfect_bulwark
[18May2026 14:31:51.898] [main/INFO] [epicfight/]: Data keys [wom:charge, wom:cycle] for wom:soul_protection
[18May2026 14:31:51.898] [main/INFO] [epicfight/]: Data keys [wom:charge, wom:cycle] for wom:shulker_cloak
[18May2026 14:31:51.899] [main/INFO] [epicfight/]: Data keys [epicfight:penalty_restore_counter, wom:timer, epicfight:penalty, wom:active] for wom:buster_parade
[18May2026 14:31:51.899] [main/INFO] [epicfight/]: Data keys [wom:timer_refresh, wom:duree, wom:timer, wom:active] for wom:pain_anticipation
[18May2026 14:31:51.899] [main/INFO] [epicfight/]: Data keys [wom:timer_refresh, wom:duree, wom:timer, wom:active] for wom:latent_retribution
[18May2026 14:31:51.899] [main/INFO] [epicfight/]: Data keys [wom:power, wom:rate] for wom:critical_knowledge
[18May2026 14:31:51.899] [main/INFO] [epicfight/]: Data keys [wom:cooldown, wom:recovery_rate, wom:max_shield] for wom:heart_shield
[18May2026 14:31:51.899] [main/INFO] [epicfight/]: Data keys [wom:step, wom:melody_index, wom:saved_elapsed_time] for wom:dancing_blade
[18May2026 14:31:51.899] [main/INFO] [epicfight/]: Data keys [wom:timer_refresh, wom:stage, wom:duree, wom:timer, wom:active, wom:cycle] for wom:meditation
[18May2026 14:31:51.899] [main/INFO] [epicfight/]: Data keys [wom:cooldown] for wom:dopamine
[18May2026 14:31:51.899] [main/INFO] [epicfight/]: Data keys [wom:last_active] for wom:manipulator
[18May2026 14:31:51.899] [main/INFO] [epicfight/]: Data keys [wom:stack, wom:power, wom:timer, wom:rate] for wom:lethal_focus
[18May2026 14:31:51.899] [main/INFO] [epicfight/]: Data keys [wom:wall_glide, wom:jump_key_up, wom:timer_refresh, wom:angle, wom:timer, wom:wall_running] for wom:spider_techniques
[18May2026 14:31:51.900] [main/INFO] [epicfight/]: Data keys [wom:cooldown, wom:consumprion_value, wom:jump_key_up, wom:mermaid_movement, wom:crawling, wom:diving, wom:water_dashing] for wom:aqua_maneuvre
[18May2026 14:31:51.900] [main/INFO] [epicfight/]: Data keys [wom:consumprion_value, wom:wall_glide, wom:verso, wom:stage, wom:timer, wom:buffing, wom:wall_running, wom:active] for wom:natural_sprinter
[18May2026 14:31:51.900] [main/INFO] [epicfight/]: Data keys [wom:timer] for wom:lunatic_vivacity
[18May2026 14:31:51.900] [main/INFO] [epicfight/]: Data keys [wom:registered_health, wom:consumprion_value, wom:timer] for wom:voodoo_magic
[18May2026 14:31:51.900] [main/INFO] [epicfight/]: Data keys [wom:target_distance, wom:target_id] for wom:back_and_forth
[18May2026 14:31:51.900] [main/INFO] [epicfight/]: Data keys [wom:cooldown, wom:combo] for wom:shooting_style
[18May2026 14:31:51.900] [main/INFO] [epicfight/]: Data keys [wom:timer, wom:active] for wom:proximity_exploiter
[18May2026 14:31:51.900] [main/INFO] [epicfight/]: Data keys [wom:stack, wom:timer] for wom:all_eyes_on_you
[18May2026 14:31:51.900] [main/INFO] [epicfight/]: Data keys [wom:stack, wom:timer] for wom:all_eyes_on_me
[18May2026 14:31:51.900] [main/INFO] [epicfight/]: Data keys [wom:cooldown, wom:timer] for wom:avatar_of_might
[18May2026 14:31:51.901] [main/INFO] [epicfight/]: Data keys [wom:stack, wom:attacks, wom:active] for wom:agony_plunge
[18May2026 14:31:51.901] [main/INFO] [epicfight/]: Data keys [wom:movespeed, wom:charging, wom:saved_charge, wom:charged, wom:charged_attack, wom:timer_refresh, wom:timer, wom:active, wom:charging_time] for wom:torment_passive
[18May2026 14:31:51.901] [main/INFO] [epicfight/]: Data keys [wom:timer_refresh, wom:timer, wom:active] for wom:true_berserk
[18May2026 14:31:51.901] [main/INFO] [epicfight/]: Data keys [wom:stack] for wom:herrscher_passive
[18May2026 14:31:51.901] [main/INFO] [epicfight/]: Data keys [wom:verso, wom:expiation, wom:timer_refresh, wom:timer, wom:redemptioon, wom:buffing, wom:strenght, wom:buffed] for wom:plunder_perdition
[18May2026 14:31:51.901] [main/INFO] [epicfight/]: Data keys [wom:sheath] for wom:satsujin_passive
[18May2026 14:31:51.901] [main/INFO] [epicfight/]: Data keys [wom:frequency, wom:charging, wom:damage, wom:holding_stance, wom:timer_refresh, wom:second_draw, wom:charge, wom:attacks, wom:active, wom:cooldown, wom:stack, wom:timedslash, wom:saved_charge, wom:timer] for wom:sakura_state
[18May2026 14:31:51.901] [main/INFO] [epicfight/]: Data keys [wom:cooldown, wom:shoot, wom:using_item, wom:combo, wom:nofalldamage, wom:zoom, wom:reload_cooldown] for wom:ender_blast
[18May2026 14:31:51.901] [main/INFO] [epicfight/]: Data keys [wom:cooldown, wom:shoot, wom:using_item, wom:combo, wom:nofalldamage, wom:zoom, wom:reload_cooldown, wom:side] for wom:ender_fusion
[18May2026 14:31:51.902] [main/INFO] [epicfight/]: Data keys [wom:cooldown, wom:holding_stance, wom:combo, wom:guard_point, wom:guard_point_result, wom:charged, wom:gesetz_sprengkopf, wom:parrying, wom:charging_time] for wom:regierung
[18May2026 14:31:51.902] [main/INFO] [epicfight/]: Data keys [wom:timer_refresh, wom:lunar_eclipse_stack, wom:echo, wom:timer, wom:crescent] for wom:lunar_eclipse
[18May2026 14:31:51.902] [main/INFO] [epicfight/]: Data keys [wom:verso, wom:idle] for wom:lunar_echo_passive
[18May2026 14:31:51.902] [main/INFO] [epicfight/]: Data keys [wom:ascending, wom:serius_focus, wom:blackhole, wom:darkness_target_reaped, wom:timer_refresh, wom:witheraftereffect, wom:darkness_portal_timer, wom:darkness_target_vec, wom:active, wom:darkness_target, wom:blackhole_vec, wom:darkness_portal_angle, wom:blackhole_active, wom:serius_focus_cooldown, wom:shoot, wom:darkness_activate_portal, wom:witherccatharsis, wom:zoom_cooldown, wom:blackhole_timer, wom:darkness_target_hited, wom:zoom, wom:shoot_cooldown, wom:timer, wom:darkness_portal_vec] for wom:demonic_ascension
[18May2026 14:31:51.902] [main/INFO] [epicfight/]: Data keys [wom:catharsis, wom:idle, wom:particle, wom:lapse, wom:blink, wom:basic_attack, wom:withercurse] for wom:demon_mark_passive
[18May2026 14:31:51.902] [main/INFO] [epicfight/]: Data keys [wom:charging, wom:solar_crematorio, wom:solar_obscuridad, wom:timer_refresh, wom:particle, wom:charge, wom:cycle, wom:solar_obscuridad_ta_timer, wom:solar_infernio, wom:heating_speed, wom:heat_level, wom:timer, wom:stored_heat_level, wom:timed_attack] for wom:solar_arcano
[18May2026 14:31:51.902] [main/INFO] [epicfight/]: Data keys [wom:charging, wom:solar_crematorio, wom:solar_obscuridad, wom:timer_refresh, wom:particle, wom:charge, wom:cycle, wom:solar_obscuridad_ta_timer, wom:solar_infernio, wom:heating_speed, wom:heat_level, wom:timer, wom:stored_heat_level, wom:timed_attack] for wom:solar_passive
[18May2026 14:31:51.903] [main/INFO] [epicfight/]: Data keys [wom:serius_focus_cooldown, wom:serius_focus] for wom:rechargement
[18May2026 14:31:51.903] [main/INFO] [epicfight/]: Data keys [wom:shell_number, wom:bullet_overloaded, wom:shell_delay, wom:bullet_loaded_old, wom:super_reload, wom:bullet_loaded, wom:shell_anim, wom:active] for wom:napoleon_passive
[18May2026 14:31:52.214] [main/DEBUG] [net.minecraftforge.coremod.transformer.CoreModBaseTransformer/COREMOD]: Transforming <init> with desc (JZZLjava/util/Optional;)V
[18May2026 14:31:52.239] [main/INFO] [com.mojang.authlib.yggdrasil.YggdrasilAuthenticationService/]: Environment: authHost='https://authserver.mojang.com', accountsHost='https://api.mojang.com', sessionHost='https://sessionserver.mojang.com', servicesHost='https://api.minecraftservices.com', name='PROD'
[18May2026 14:31:52.254] [main/DEBUG] [mixin/]: Mixing bugfix.removed_dimensions.LevelStorageSourceMixin from modernfix-modernfix.mixins.json into net.minecraft.world.level.storage.LevelStorageSource
[18May2026 14:31:52.269] [main/DEBUG] [mixin/]: Mixing common.DirectoryLockMixin from aether.mixins.json into net.minecraft.util.DirectoryLock
[18May2026 14:31:52.276] [main/ERROR] [net.minecraft.server.Main/FATAL]: Failed to start the minecraft server
net.minecraft.util.DirectoryLock$LockException: /workspaces/VAlhalla-server/server/./world/session.lock: already locked (possibly by other Minecraft instance?)
	at net.minecraft.util.DirectoryLock$LockException.m_13648_(DirectoryLock.java:95) ~[server-1.20.1-20230612.114412-srg.jar%23315!/:?]
	at net.minecraft.util.DirectoryLock.m_13640_(DirectoryLock.java:41) ~[server-1.20.1-20230612.114412-srg.jar%23315!/:?]
	at net.minecraft.world.level.storage.LevelStorageSource$LevelStorageAccess.<init>(LevelStorageSource.java:404) ~[server-1.20.1-20230612.114412-srg.jar%23315!/:?]
	at net.minecraft.world.level.storage.LevelStorageSource.m_289864_(LevelStorageSource.java:342) ~[server-1.20.1-20230612.114412-srg.jar%23315!/:?]
	at net.minecraft.server.Main.main(Main.java:141) ~[server-1.20.1-20230612.114412-srg.jar%23315!/:?]
	at jdk.internal.reflect.NativeMethodAccessorImpl.invoke0(Native Method) ~[?:?]
	at jdk.internal.reflect.NativeMethodAccessorImpl.invoke(NativeMethodAccessorImpl.java:77) ~[?:?]
	at jdk.internal.reflect.DelegatingMethodAccessorImpl.invoke(DelegatingMethodAccessorImpl.java:43) ~[?:?]
	at java.lang.reflect.Method.invoke(Method.java:569) ~[?:?]
	at net.minecraftforge.fml.loading.targets.CommonLaunchHandler.runTarget(CommonLaunchHandler.java:111) ~[fmlloader-1.20.1-47.4.0.jar%2369!/:?]
	at net.minecraftforge.fml.loading.targets.CommonLaunchHandler.serverService(CommonLaunchHandler.java:103) ~[fmlloader-1.20.1-47.4.0.jar%2369!/:?]
	at net.minecraftforge.fml.loading.targets.CommonServerLaunchHandler.lambda$makeService$0(CommonServerLaunchHandler.java:27) ~[fmlloader-1.20.1-47.4.0.jar%2369!/:?]
	at cpw.mods.modlauncher.LaunchServiceHandlerDecorator.launch(LaunchServiceHandlerDecorator.java:30) ~[modlauncher-10.0.9.jar%2355!/:?]
	at cpw.mods.modlauncher.LaunchServiceHandler.launch(LaunchServiceHandler.java:53) ~[modlauncher-10.0.9.jar%2355!/:?]
	at cpw.mods.modlauncher.LaunchServiceHandler.launch(LaunchServiceHandler.java:71) ~[modlauncher-10.0.9.jar%2355!/:?]
	at cpw.mods.modlauncher.Launcher.run(Launcher.java:108) ~[modlauncher-10.0.9.jar%2355!/:?]
	at cpw.mods.modlauncher.Launcher.main(Launcher.java:78) ~[modlauncher-10.0.9.jar%2355!/:?]
	at cpw.mods.modlauncher.BootstrapLaunchConsumer.accept(BootstrapLaunchConsumer.java:26) ~[modlauncher-10.0.9.jar%2355!/:?]
	at cpw.mods.modlauncher.BootstrapLaunchConsumer.accept(BootstrapLaunchConsumer.java:23) ~[modlauncher-10.0.9.jar%2355!/:?]
	at cpw.mods.bootstraplauncher.BootstrapLauncher.main(BootstrapLauncher.java:141) ~[bootstraplauncher-1.1.2.jar:?]
